code_commune,libelle_commune,code_region,code_departement,code_arrondissement,code_canton,population_municipale,population_comptee_a_part,population_totale,annee
59001,Abancourt,31,59,2,14,447,16,463,2011
59002,Abscon,31,59,6,21,4244,42,4286,2011
59003,Aibes,31,59,1,59,369,4,373,2011
59004,Aix,31,59,3,47,1113,18,1131,2011
59005,Allennes-les-Marais,31,59,5,57,3327,47,3374,2011
59006,Amfroipret,31,59,1,8,228,1,229,2011
59007,Anhiers,31,59,3,22,959,12,971,2011
59008,Aniche,31,59,3,24,10509,117,10626,2011
59010,Anneux,31,59,2,43,247,6,253,2011
59011,Annoeullin,31,59,5,57,9592,111,9703,2011
59012,Anor,31,59,1,64,3313,52,3365,2011
59013,Anstaing,31,59,5,33,1313,16,1329,2011
59014,Anzin,31,59,6,71,13479,213,13692,2011
59015,Arleux,31,59,3,1,3013,31,3044,2011
59016,Armbouts-Cappel,31,59,4,9,2468,51,2519,2011
59017,Armentières,31,59,5,2,25704,403,26107,2011
59018,Arnèke,31,59,4,16,1598,31,1629,2011
59019,Artres,31,59,6,67,1027,11,1038,2011
59021,Assevent,31,59,1,44,1798,20,1818,2011
59022,Attiches,31,59,5,48,2290,32,2322,2011
59023,Aubencheul-au-Bac,31,59,2,14,459,12,471,2011
59024,Auberchicourt,31,59,3,24,4512,33,4545,2011
59025,Aubers,31,59,5,7,1535,38,1573,2011
59026,Aubigny-au-Bac,31,59,3,1,1228,17,1245,2011
59027,Aubry-du-Hainaut,31,59,6,66,1462,31,1493,2011
59028,Auby,31,59,3,77,7498,44,7542,2011
59029,Auchy-lez-Orchies,31,59,3,47,1491,15,1506,2011
59031,Audignies,31,59,1,8,301,10,311,2011
59032,Aulnoy-lez-Valenciennes,31,59,6,67,7425,86,7511,2011
59033,Aulnoye-Aymeries,31,59,1,10,8692,206,8898,2011
59034,Avelin,31,59,5,48,2564,35,2599,2011
59035,Avesnelles,31,59,1,4,2486,46,2532,2011
59038,Avesnes-le-Sec,31,59,6,11,1380,19,1399,2011
59037,Avesnes-les-Aubert,31,59,2,15,3635,38,3673,2011
59036,Avesnes-sur-Helpe,31,59,1,86,4995,258,5253,2011
59039,Awoingt,31,59,2,13,775,19,794,2011
59041,Bachant,31,59,1,10,2400,37,2437,2011
59042,Bachy,31,59,5,20,1477,19,1496,2011
59043,Bailleul,31,59,4,87,14517,284,14801,2011
59044,Baisieux,31,59,5,33,4512,37,4549,2011
59045,Baives,31,59,1,64,159,0,159,2011
59046,Bambecque,31,59,4,31,739,18,757,2011
59047,Banteux,31,59,2,43,330,8,338,2011
59048,Bantigny,31,59,2,14,477,9,486,2011
59049,Bantouzelle,31,59,2,43,411,3,414,2011
59050,Bas-Lieu,31,59,1,3,324,6,330,2011
59051,La Bassée,31,59,5,7,6304,51,6355,2011
59052,Bauvin,31,59,5,57,5270,52,5322,2011
59053,Bavay,31,59,1,8,3480,87,3567,2011
59054,Bavinchove,31,59,4,16,925,22,947,2011
59055,Bazuel,31,59,2,17,553,6,559,2011
59056,Beaucamps-Ligny,31,59,5,74,883,34,917,2011
59057,Beaudignies,31,59,1,49,569,12,581,2011
59058,Beaufort,31,59,1,69,963,13,976,2011
59059,Beaumont-en-Cambrésis,31,59,2,17,467,3,470,2011
59060,Beaurain,31,59,2,58,225,2,227,2011
59061,Beaurepaire-sur-Sambre,31,59,1,4,258,6,264,2011
59062,Beaurieux,31,59,1,59,164,2,166,2011
59063,Beauvois-en-Cambrésis,31,59,2,15,2164,24,2188,2011
59064,Bellaing,31,59,6,66,1185,18,1203,2011
59065,Bellignies,31,59,1,8,883,12,895,2011
59066,Bérelles,31,59,1,59,169,4,173,2011
59067,Bergues,31,59,4,9,3898,99,3997,2011
59068,Berlaimont,31,59,1,10,3169,33,3202,2011
59069,Bermerain,31,59,2,58,649,9,658,2011
59070,Bermeries,31,59,1,8,397,9,406,2011
59071,Bersée,31,59,5,48,2255,30,2285,2011
59072,Bersillies,31,59,1,44,259,7,266,2011
59073,Berthen,31,59,4,6,512,10,522,2011
59074,Bertry,31,59,2,18,2222,33,2255,2011
59075,Béthencourt,31,59,2,15,760,7,767,2011
59076,Bettignies,31,59,1,44,252,5,257,2011
59077,Bettrechies,31,59,1,8,250,3,253,2011
59078,Beugnies,31,59,1,3,621,11,632,2011
59079,Beuvrages,31,59,6,71,6676,31,6707,2011
59080,Beuvry-la-Forêt,31,59,3,47,2750,40,2790,2011
59081,Bévillers,31,59,2,15,545,9,554,2011
59082,Bierne,31,59,4,9,1674,37,1711,2011
59083,Bissezeele,31,59,4,9,225,4,229,2011
59084,Blaringhem,31,59,4,29,1982,44,2026,2011
59085,Blécourt,31,59,2,14,357,11,368,2011
59086,Boeschepe,31,59,4,60,2193,45,2238,2011
59087,Boëseghem,31,59,4,30,699,12,711,2011
59088,Bois-Grenier,31,59,5,2,1511,36,1547,2011
59089,Bollezeele,31,59,4,68,1421,20,1441,2011
59090,Bondues,31,59,5,70,9816,201,10017,2011
59091,Borre,31,59,4,30,580,10,590,2011
59092,Bouchain,31,59,6,11,4024,47,4071,2011
59093,Boulogne-sur-Helpe,31,59,1,4,325,5,330,2011
59094,Bourbourg,31,59,4,12,7032,94,7126,2011
59096,Bourghelles,31,59,5,20,1590,36,1626,2011
59097,Boursies,31,59,2,43,343,5,348,2011
59098,Bousbecque,31,59,5,61,4700,47,4747,2011
59099,Bousies,31,59,1,32,1705,17,1722,2011
59100,Bousignies,31,59,6,56,309,6,315,2011
59101,Bousignies-sur-Roc,31,59,1,59,434,10,444,2011
59102,Boussières-en-Cambrésis,31,59,2,15,432,5,437,2011
59103,Boussières-sur-Sambre,31,59,1,69,526,5,531,2011
59104,Boussois,31,59,1,45,3237,31,3268,2011
59105,Bouvignies,31,59,3,42,1529,28,1557,2011
59106,Bouvines,31,59,5,20,704,21,725,2011
59107,Bray-Dunes,31,59,4,25,4637,60,4697,2011
59108,Briastre,31,59,2,58,755,4,759,2011
59109,Brillon,31,59,6,56,744,20,764,2011
59110,Brouckerque,31,59,4,12,1282,27,1309,2011
59111,Broxeele,31,59,4,68,309,9,318,2011
59112,Bruay-sur-l'Escaut,31,59,6,71,12122,141,12263,2011
59113,Bruille-lez-Marchiennes,31,59,3,42,1333,15,1348,2011
59114,Bruille-Saint-Amand,31,59,6,55,1653,23,1676,2011
59115,Brunémont,31,59,3,1,677,6,683,2011
59116,Bry,31,59,1,50,389,3,392,2011
59117,Bugnicourt,31,59,3,1,941,16,957,2011
59118,Busigny,31,59,2,18,2566,34,2600,2011
59119,Buysscheure,31,59,4,16,517,13,530,2011
59120,Caëstre,31,59,4,29,1859,36,1895,2011
59121,Cagnoncles,31,59,2,13,567,12,579,2011
59122,Cambrai,31,59,2,88,32770,759,33529,2011
59123,Camphin-en-Carembault,31,59,5,57,1618,24,1642,2011
59124,Camphin-en-Pévèle,31,59,5,20,2115,34,2149,2011
59125,Cantaing-sur-Escaut,31,59,2,43,417,11,428,2011
59126,Cantin,31,59,3,1,1474,18,1492,2011
59127,Capelle,31,59,2,58,161,2,163,2011
59128,Capinghem,31,59,5,2,1645,26,1671,2011
59130,Cappelle-Brouck,31,59,4,12,1140,19,1159,2011
59129,Cappelle-en-Pévèle,31,59,5,20,2209,33,2242,2011
59131,Cappelle-la-Grande,31,59,4,26,8096,87,8183,2011
59132,Carnières,31,59,2,15,1077,15,1092,2011
59133,Carnin,31,59,5,57,964,21,985,2011
59134,Cartignies,31,59,1,4,1251,24,1275,2011
59135,Cassel,31,59,4,16,2287,92,2379,2011
59136,Le Cateau-Cambrésis,31,59,2,17,7049,144,7193,2011
59137,Catillon-sur-Sambre,31,59,2,17,818,11,829,2011
59138,Cattenières,31,59,2,15,676,15,691,2011
59139,Caudry,31,59,2,18,14582,242,14824,2011
59140,Caullery,31,59,2,18,454,11,465,2011
59141,Cauroir,31,59,2,13,582,8,590,2011
59142,Cerfontaine,31,59,1,45,588,18,606,2011
59143,La Chapelle-d'Armentières,31,59,5,2,8389,86,8475,2011
59144,Château-l'Abbaye,31,59,6,55,873,8,881,2011
59145,Chemy,31,59,5,57,677,7,684,2011
59146,Chéreng,31,59,5,33,3001,47,3048,2011
59147,Choisies,31,59,1,59,66,4,70,2011
59148,Clairfayts,31,59,1,59,371,6,377,2011
59149,Clary,31,59,2,18,1140,24,1164,2011
59150,Cobrieux,31,59,5,20,526,14,540,2011
59151,Colleret,31,59,1,45,1677,33,1710,2011
59152,Comines,31,59,5,51,12637,78,12715,2011
59153,Condé-sur-l'Escaut,31,59,6,19,9593,83,9676,2011
59155,Coudekerque-Branche,31,59,4,72,22264,446,22710,2011
59154,Coudekerque-Village,31,59,4,72,1165,60,1225,2011
59156,Courchelettes,31,59,3,23,2711,44,2755,2011
59157,Cousolre,31,59,1,59,2374,47,2421,2011
59158,Coutiches,31,59,3,47,2795,71,2866,2011
59159,Craywick,31,59,4,27,648,10,658,2011
59160,Crespin,31,59,6,19,4513,18,4531,2011
59161,Crèvecoeur-sur-l'Escaut,31,59,2,43,673,39,712,2011
59162,Crochte,31,59,4,9,704,24,728,2011
59163,Croix,31,59,5,54,20483,286,20769,2011
59164,Croix-Caluyau,31,59,1,32,252,2,254,2011
59165,Cuincy,31,59,3,23,6602,105,6707,2011
59166,Curgies,31,59,6,65,1075,18,1093,2011
59167,Cuvillers,31,59,2,14,198,5,203,2011
59168,Cysoing,31,59,5,20,4672,69,4741,2011
59169,Damousies,31,59,1,45,235,4,239,2011
59170,Dechy,31,59,3,24,5133,39,5172,2011
59171,Dehéries,31,59,2,18,43,0,43,2011
59172,Denain,31,59,6,21,20370,181,20551,2011
59173,Deûlémont,31,59,5,51,1687,21,1708,2011
59174,Dimechaux,31,59,1,59,356,5,361,2011
59175,Dimont,31,59,1,59,325,6,331,2011
59176,Doignies,31,59,2,43,308,3,311,2011
59177,Dompierre-sur-Helpe,31,59,1,3,914,15,929,2011
59670,Don,31,59,5,57,1359,15,1374,2011
59178,Douai,31,59,3,89,41915,1290,43205,2011
59179,Douchy-les-Mines,31,59,6,21,10421,71,10492,2011
59180,Le Doulieu,31,59,4,46,1404,40,1444,2011
59181,Dourlers,31,59,1,3,559,14,573,2011
59182,Drincham,31,59,4,12,252,3,255,2011
59183,Dunkerque,31,59,4,90,91386,1500,92886,2011
59184,Ebblinghem,31,59,4,29,656,8,664,2011
59185,Écaillon,31,59,3,24,1975,32,2007,2011
59186,Eccles,31,59,1,59,97,4,101,2011
59187,Éclaibes,31,59,1,69,278,8,286,2011
59188,Écuélin,31,59,1,10,118,2,120,2011
59189,Eecke,31,59,4,60,1166,18,1184,2011
59190,Élesmes,31,59,1,44,926,18,944,2011
59191,Élincourt,31,59,2,18,634,9,643,2011
59192,Émerchicourt,31,59,6,11,872,63,935,2011
59193,Emmerin,31,59,5,28,3211,34,3245,2011
59194,Englefontaine,31,59,1,49,1297,20,1317,2011
59195,Englos,31,59,5,74,562,7,569,2011
59196,Ennetières-en-Weppes,31,59,5,74,1240,12,1252,2011
59197,Ennevelin,31,59,5,48,2142,43,2185,2011
59198,Eppe-Sauvage,31,59,1,64,270,3,273,2011
59199,Erchin,31,59,3,1,777,14,791,2011
59200,Eringhem,31,59,4,9,478,8,486,2011
59201,Erquinghem-le-Sec,31,59,5,74,538,4,542,2011
59202,Erquinghem-Lys,31,59,5,2,4634,41,4675,2011
59203,Erre,31,59,3,42,1462,13,1475,2011
59204,Escarmain,31,59,2,58,439,5,444,2011
59205,Escaudain,31,59,6,21,9164,57,9221,2011
59206,Escaudoeuvres,31,59,2,13,3387,27,3414,2011
59207,Escautpont,31,59,6,19,4227,32,4259,2011
59208,Escobecques,31,59,5,74,304,8,312,2011
59209,Esnes,31,59,2,18,658,10,668,2011
59210,Esquelbecq,31,59,4,68,2121,49,2170,2011
59211,Esquerchin,31,59,3,23,891,11,902,2011
59212,Estaires,31,59,4,46,5955,148,6103,2011
59213,Estourmel,31,59,2,15,449,11,460,2011
59214,Estrées,31,59,3,1,965,28,993,2011
59215,Estreux,31,59,6,65,978,23,1001,2011
59219,Estrun,31,59,2,13,683,8,691,2011
59216,Eswars,31,59,2,13,347,3,350,2011
59217,Eth,31,59,1,50,327,14,341,2011
59218,Étroeungt,31,59,1,4,1399,22,1421,2011
59220,Faches-Thumesnil,31,59,5,40,17590,156,17746,2011
59221,Famars,31,59,6,67,2473,66,2539,2011
59222,Faumont,31,59,3,47,2100,46,2146,2011
59223,Le Favril,31,59,1,32,482,6,488,2011
59224,Féchain,31,59,3,1,1848,25,1873,2011
59225,Feignies,31,59,1,8,7184,113,7297,2011
59226,Felleries,31,59,1,3,1619,26,1645,2011
59227,Fenain,31,59,3,42,5327,48,5375,2011
59228,Férin,31,59,3,24,1500,20,1520,2011
59229,Féron,31,59,1,64,564,8,572,2011
59230,Ferrière-la-Grande,31,59,1,45,5415,93,5508,2011
59231,Ferrière-la-Petite,31,59,1,45,1035,11,1046,2011
59232,La Flamengrie,31,59,1,8,409,10,419,2011
59233,Flaumont-Waudrechies,31,59,1,3,375,3,378,2011
59234,Flers-en-Escrebieux,31,59,3,77,5697,58,5755,2011
59236,Flesquières,31,59,2,43,272,4,276,2011
59237,Flêtre,31,59,4,6,949,18,967,2011
59238,Flines-lès-Mortagne,31,59,6,55,1647,14,1661,2011
59239,Flines-lez-Raches,31,59,3,22,5469,87,5556,2011
59240,Floursies,31,59,1,3,139,0,139,2011
59241,Floyon,31,59,1,4,505,6,511,2011
59242,Fontaine-au-Bois,31,59,1,32,671,4,675,2011
59243,Fontaine-au-Pire,31,59,2,15,1194,18,1212,2011
59244,Fontaine-Notre-Dame,31,59,2,14,1744,21,1765,2011
59246,Forest-en-Cambrésis,31,59,1,32,543,4,547,2011
59247,Forest-sur-Marque,31,59,5,33,1452,17,1469,2011
59249,Fourmies,31,59,1,64,12608,243,12851,2011
59250,Fournes-en-Weppes,31,59,5,7,2105,99,2204,2011
59251,Frasnoy,31,59,1,50,349,6,355,2011
59252,Frelinghien,31,59,5,2,2454,26,2480,2011
59253,Fresnes-sur-Escaut,31,59,6,19,7687,65,7752,2011
59254,Fressain,31,59,3,1,874,15,889,2011
59255,Fressies,31,59,2,14,565,10,575,2011
59256,Fretin,31,59,5,48,3326,25,3351,2011
59257,Fromelles,31,59,5,7,857,22,879,2011
59258,Genech,31,59,5,20,2611,448,3059,2011
59259,Ghissignies,31,59,1,49,494,6,500,2011
59260,Ghyvelde,31,59,4,31,3239,54,3293,2011
59261,Glageon,31,59,1,64,1831,15,1846,2011
59262,Godewaersvelde,31,59,4,60,2026,48,2074,2011
59263,Goeulzin,31,59,3,1,1046,29,1075,2011
59264,Gognies-Chaussée,31,59,1,44,786,8,794,2011
59265,Gommegnies,31,59,1,50,2279,32,2311,2011
59266,Gondecourt,31,59,5,57,3943,60,4003,2011
59267,Gonnelieu,31,59,2,43,339,1,340,2011
59268,La Gorgue,31,59,4,46,5944,60,6004,2011
59269,Gouzeaucourt,31,59,2,43,1471,26,1497,2011
59270,Grand-Fayt,31,59,1,4,520,7,527,2011
59272,Grand-Fort-Philippe,31,59,4,27,5377,72,5449,2011
59271,Grande-Synthe,31,59,4,73,20933,252,21185,2011
59273,Gravelines,31,59,4,27,11470,360,11830,2011
59274,La Groise,31,59,2,17,478,13,491,2011
59275,Gruson,31,59,5,33,1147,46,1193,2011
59276,Guesnain,31,59,3,24,4715,28,4743,2011
59277,Gussignies,31,59,1,8,354,9,363,2011
59278,Hallennes-lez-Haubourdin,31,59,5,74,4009,30,4039,2011
59279,Halluin,31,59,5,61,20620,173,20793,2011
59280,Hamel,31,59,3,1,781,10,791,2011
59281,Hantay,31,59,5,7,1103,16,1119,2011
59282,Hardifort,31,59,4,16,381,7,388,2011
59283,Hargnies,31,59,1,10,586,14,600,2011
59284,Hasnon,31,59,6,55,3818,27,3845,2011
59285,Haspres,31,59,6,11,2800,30,2830,2011
59286,Haubourdin,31,59,5,28,14367,123,14490,2011
59287,Haucourt-en-Cambrésis,31,59,2,18,212,6,218,2011
59288,Haulchin,31,59,6,67,2346,31,2377,2011
59289,Haussy,31,59,2,58,1549,66,1615,2011
59290,Haut-Lieu,31,59,1,4,391,5,396,2011
59291,Hautmont,31,59,1,69,14115,114,14229,2011
59292,Haveluy,31,59,6,21,3055,27,3082,2011
59293,Haverskerque,31,59,4,46,1490,20,1510,2011
59294,Haynecourt,31,59,2,14,595,7,602,2011
59295,Hazebrouck,31,59,4,91,21741,496,22237,2011
59296,Hecq,31,59,1,49,354,10,364,2011
59297,Hélesmes,31,59,6,21,1945,25,1970,2011
59299,Hem,31,59,5,33,17988,164,18152,2011
59300,Hem-Lenglet,31,59,2,14,583,9,592,2011
59301,Hergnies,31,59,6,19,4305,30,4335,2011
59302,Hérin,31,59,6,67,3947,29,3976,2011
59303,Herlies,31,59,5,7,2180,39,2219,2011
59304,Herrin,31,59,5,57,397,14,411,2011
59305,Herzeele,31,59,4,68,1557,43,1600,2011
59306,Hestrud,31,59,1,59,300,7,307,2011
59307,Holque,31,59,4,12,920,11,931,2011
59310,Hon-Hergies,31,59,1,8,820,13,833,2011
59308,Hondeghem,31,59,4,29,945,22,967,2011
59309,Hondschoote,31,59,4,31,4091,117,4208,2011
59311,Honnechy,31,59,2,17,531,8,539,2011
59312,Honnecourt-sur-Escaut,31,59,2,43,754,13,767,2011
59313,Hordain,31,59,6,11,1466,9,1475,2011
59314,Hornaing,31,59,3,42,3521,38,3559,2011
59315,Houdain-lez-Bavay,31,59,1,8,883,14,897,2011
59316,Houplin-Ancoisne,31,59,5,78,3447,38,3485,2011
59317,Houplines,31,59,5,2,7712,132,7844,2011
59318,Houtkerque,31,59,4,60,997,9,1006,2011
59319,Hoymille,31,59,4,9,3197,196,3393,2011
59320,Illies,31,59,5,7,1414,24,1438,2011
59321,Inchy,31,59,2,17,732,8,740,2011
59322,Iwuy,31,59,2,13,3201,40,3241,2011
59323,Jenlain,31,59,1,50,1074,22,1096,2011
59324,Jeumont,31,59,1,44,9703,152,9855,2011
59325,Jolimetz,31,59,1,49,875,24,899,2011
59326,Killem,31,59,4,31,980,25,1005,2011
59327,Lallaing,31,59,3,22,6496,35,6531,2011
59328,Lambersart,31,59,5,38,28581,340,28921,2011
59329,Lambres-lez-Douai,31,59,3,23,5065,104,5169,2011
59330,Landas,31,59,3,47,2383,39,2422,2011
59331,Landrecies,31,59,1,32,3556,100,3656,2011
59332,Lannoy,31,59,5,33,1793,8,1801,2011
59333,Larouillies,31,59,1,4,268,1,269,2011
59334,Lauwin-Planque,31,59,3,23,1796,20,1816,2011
59335,Lecelles,31,59,6,56,2651,44,2695,2011
59336,Lécluse,31,59,3,1,1402,12,1414,2011
59337,Lederzeele,31,59,4,68,584,10,594,2011
59338,Ledringhem,31,59,4,68,679,22,701,2011
59339,Leers,31,59,5,33,9343,63,9406,2011
59340,Leffrinckoucke,31,59,4,25,4446,144,4590,2011
59341,Lesdain,31,59,2,43,427,9,436,2011
59343,Lesquin,31,59,5,78,6383,49,6432,2011
59344,Leval,31,59,1,10,2379,15,2394,2011
59345,Lewarde,31,59,3,24,2716,41,2757,2011
59342,Lez-Fontaine,31,59,1,59,223,5,228,2011
59346,Lezennes,31,59,5,40,3098,24,3122,2011
59347,Liessies,31,59,1,59,548,9,557,2011
59348,Lieu-Saint-Amand,31,59,6,11,1269,15,1284,2011
59349,Ligny-en-Cambrésis,31,59,2,18,1825,50,1875,2011
59350,Lille,31,59,5,92,227533,6500,234033,2011
59351,Limont-Fontaine,31,59,1,69,581,7,588,2011
59352,Linselles,31,59,5,61,8181,115,8296,2011
59353,Locquignol,31,59,1,49,354,4,358,2011
59354,Loffre,31,59,3,24,752,15,767,2011
59356,Lompret,31,59,5,51,2315,56,2371,2011
59357,La Longueville,31,59,1,8,2160,26,2186,2011
59358,Looberghe,31,59,4,12,1177,28,1205,2011
59359,Loon-Plage,31,59,4,27,6297,90,6387,2011
59360,Loos,31,59,5,28,20819,505,21324,2011
59361,Lourches,31,59,6,11,3886,25,3911,2011
59363,Louvignies-Quesnoy,31,59,1,49,953,9,962,2011
59364,Louvil,31,59,5,20,857,21,878,2011
59365,Louvroil,31,59,1,45,6700,54,6754,2011
59366,Lynde,31,59,4,29,695,9,704,2011
59367,Lys-lez-Lannoy,31,59,5,33,13378,122,13500,2011
59368,La Madeleine,31,59,5,36,22221,285,22506,2011
59369,Maing,31,59,6,67,4010,46,4056,2011
59370,Mairieux,31,59,1,44,786,18,804,2011
59371,Le Maisnil,31,59,5,74,618,21,639,2011
59372,Malincourt,31,59,2,18,511,7,518,2011
59374,Marbaix,31,59,1,4,475,11,486,2011
59375,Marchiennes,31,59,3,42,4729,69,4798,2011
59377,Marcoing,31,59,2,43,1839,25,1864,2011
59378,Marcq-en-Baroeul,31,59,5,70,39591,889,40480,2011
59379,Marcq-en-Ostrevent,31,59,3,1,625,7,632,2011
59381,Maresches,31,59,1,50,892,20,912,2011
59382,Maretz,31,59,2,18,1481,14,1495,2011
59383,Marly,31,59,6,65,11646,91,11737,2011
59384,Maroilles,31,59,1,32,1442,19,1461,2011
59385,Marpent,31,59,1,44,2702,37,2739,2011
59387,Marquette-en-Ostrevant,31,59,6,11,1732,18,1750,2011
59386,Marquette-lez-Lille,31,59,5,38,10029,75,10104,2011
59388,Marquillies,31,59,5,7,1993,37,2030,2011
59389,Masnières,31,59,2,43,2638,29,2667,2011
59390,Masny,31,59,3,24,4268,48,4316,2011
59391,Mastaing,31,59,6,11,891,13,904,2011
59392,Maubeuge,31,59,1,93,31103,436,31539,2011
59393,Maulde,31,59,6,56,947,11,958,2011
59394,Maurois,31,59,2,17,425,4,429,2011
59395,Mazinghien,31,59,2,17,317,4,321,2011
59396,Mecquignies,31,59,1,8,674,12,686,2011
59397,Merckeghem,31,59,4,68,569,9,578,2011
59398,Mérignies,31,59,5,48,2533,151,2684,2011
59399,Merris,31,59,4,6,1057,19,1076,2011
59400,Merville,31,59,4,46,9216,116,9332,2011
59401,Méteren,31,59,4,6,2140,35,2175,2011
59402,Millam,31,59,4,12,788,22,810,2011
59403,Millonfosse,31,59,6,56,657,6,663,2011
59404,Les Moëres,31,59,4,31,862,9,871,2011
59405,Moeuvres,31,59,2,43,431,7,438,2011
59406,Monceau-Saint-Waast,31,59,1,10,514,2,516,2011
59407,Monchaux-sur-Écaillon,31,59,6,67,545,13,558,2011
59408,Moncheaux,31,59,5,48,1447,34,1481,2011
59409,Monchecourt,31,59,3,1,2550,38,2588,2011
59410,Mons-en-Baroeul,31,59,5,37,21361,134,21495,2011
59411,Mons-en-Pévèle,31,59,5,48,2126,39,2165,2011
59412,Montay,31,59,2,17,343,4,347,2011
59413,Montigny-en-Cambrésis,31,59,2,18,586,8,594,2011
59414,Montigny-en-Ostrevent,31,59,3,24,4841,55,4896,2011
59415,Montrécourt,31,59,2,58,234,3,237,2011
59416,Morbecque,31,59,4,30,2643,57,2700,2011
59418,Mortagne-du-Nord,31,59,6,55,1612,14,1626,2011
59419,Mouchin,31,59,5,20,1380,26,1406,2011
59420,Moustier-en-Fagne,31,59,1,64,61,5,66,2011
59421,Mouvaux,31,59,5,63,13477,197,13674,2011
59422,Naves,31,59,2,13,628,11,639,2011
59423,Neuf-Berquin,31,59,4,46,1235,28,1263,2011
59424,Neuf-Mesnil,31,59,1,69,1273,8,1281,2011
59427,La Neuville,31,59,5,48,672,15,687,2011
59425,Neuville-en-Avesnois,31,59,1,49,291,11,302,2011
59426,Neuville-en-Ferrain,31,59,5,62,10266,98,10364,2011
59428,Neuville-Saint-Rémy,31,59,2,14,3789,51,3840,2011
59429,Neuville-sur-Escaut,31,59,6,11,2531,22,2553,2011
59430,Neuvilly,31,59,2,17,1061,6,1067,2011
59431,Nieppe,31,59,4,5,7500,85,7585,2011
59432,Niergnies,31,59,2,13,495,19,514,2011
59433,Nieurlet,31,59,4,68,988,9,997,2011
59434,Nivelle,31,59,6,56,1284,19,1303,2011
59435,Nomain,31,59,3,47,2467,40,2507,2011
59436,Noordpeene,31,59,4,16,786,12,798,2011
59437,Noyelles-lès-Seclin,31,59,5,78,871,17,888,2011
59438,Noyelles-sur-Escaut,31,59,2,43,765,17,782,2011
59439,Noyelles-sur-Sambre,31,59,1,10,308,7,315,2011
59440,Noyelles-sur-Selle,31,59,6,11,762,11,773,2011
59441,Obies,31,59,1,8,707,9,716,2011
59442,Obrechies,31,59,1,45,261,10,271,2011
59443,Ochtezeele,31,59,4,16,354,4,358,2011
59444,Odomez,31,59,6,19,916,10,926,2011
59445,Ohain,31,59,1,64,1304,21,1325,2011
59446,Oisy,31,59,6,67,583,8,591,2011
59447,Onnaing,31,59,6,65,8720,58,8778,2011
59448,Oost-Cappel,31,59,4,31,522,4,526,2011
59449,Orchies,31,59,3,47,8184,184,8368,2011
59450,Ors,31,59,2,17,657,16,673,2011
59451,Orsinval,31,59,1,50,543,8,551,2011
59452,Ostricourt,31,59,5,48,5244,44,5288,2011
59453,Oudezeele,31,59,4,60,665,12,677,2011
59454,Oxelaëre,31,59,4,16,524,11,535,2011
59455,Paillencourt,31,59,2,14,996,14,1010,2011
59456,Pecquencourt,31,59,3,42,6072,245,6317,2011
59457,Pérenchies,31,59,5,51,8196,58,8254,2011
59458,Péronne-en-Mélantois,31,59,5,20,872,10,882,2011
59461,Petit-Fayt,31,59,1,4,296,8,304,2011
59459,Petite-Forêt,31,59,6,66,4975,58,5033,2011
59462,Phalempin,31,59,5,48,4446,74,4520,2011
59463,Pitgam,31,59,4,9,930,25,955,2011
59464,Poix-du-Nord,31,59,1,49,2144,17,2161,2011
59465,Pommereuil,31,59,2,17,768,1,769,2011
59466,Pont-à-Marcq,31,59,5,48,2701,107,2808,2011
59467,Pont-sur-Sambre,31,59,1,10,2536,42,2578,2011
59468,Potelle,31,59,1,49,360,4,364,2011
59469,Pradelles,31,59,4,30,370,4,374,2011
59470,Prémesques,31,59,5,2,2193,16,2209,2011
59471,Préseau,31,59,6,65,1846,36,1882,2011
59472,Preux-au-Bois,31,59,1,32,835,4,839,2011
59473,Preux-au-Sart,31,59,1,50,293,2,295,2011
59474,Prisches,31,59,1,32,992,26,1018,2011
59475,Prouvy,31,59,6,67,2289,38,2327,2011
59476,Proville,31,59,2,14,3293,87,3380,2011
59477,Provin,31,59,5,57,4155,19,4174,2011
59478,Quaëdypre,31,59,4,9,1142,23,1165,2011
59479,Quarouble,31,59,6,65,3050,35,3085,2011
59480,Quérénaing,31,59,6,67,942,11,953,2011
59481,Le Quesnoy,31,59,1,94,5006,153,5159,2011
59482,Quesnoy-sur-Deûle,31,59,5,51,7048,86,7134,2011
59483,Quiévelon,31,59,1,45,153,5,158,2011
59484,Quiévrechain,31,59,6,65,6130,38,6168,2011
59485,Quiévy,31,59,2,15,1763,21,1784,2011
59486,Râches,31,59,3,77,2722,36,2758,2011
59487,Radinghem-en-Weppes,31,59,5,74,1358,34,1392,2011
59488,Raillencourt-Sainte-Olle,31,59,2,14,2361,43,2404,2011
59489,Raimbeaucourt,31,59,3,77,4100,51,4151,2011
59490,Rainsars,31,59,1,4,207,9,216,2011
59491,Raismes,31,59,6,55,12687,124,12811,2011
59492,Ramillies,31,59,2,13,593,12,605,2011
59493,Ramousies,31,59,1,3,239,9,248,2011
59494,Raucourt-au-Bois,31,59,1,49,177,1,178,2011
59495,Recquignies,31,59,1,45,2364,29,2393,2011
59496,Rejet-de-Beaulieu,31,59,2,17,247,6,253,2011
59497,Renescure,31,59,4,29,2069,40,2109,2011
59498,Reumont,31,59,2,17,395,1,396,2011
59499,Rexpoëde,31,59,4,31,1930,35,1965,2011
59500,Ribécourt-la-Tour,31,59,2,43,373,5,378,2011
59501,Rieulay,31,59,3,42,1348,27,1375,2011
59502,Rieux-en-Cambrésis,31,59,2,15,1518,22,1540,2011
59503,Robersart,31,59,1,32,187,7,194,2011
59504,Roeulx,31,59,6,11,3716,25,3741,2011
59505,Rombies-et-Marchipont,31,59,6,65,773,9,782,2011
59506,Romeries,31,59,2,58,440,2,442,2011
59507,Ronchin,31,59,5,40,17971,120,18091,2011
59508,Roncq,31,59,5,61,13108,187,13295,2011
59509,Roost-Warendin,31,59,3,77,6157,77,6234,2011
59511,Rosult,31,59,6,56,1854,29,1883,2011
59512,Roubaix,31,59,5,95,94186,708,94894,2011
59513,Roucourt,31,59,3,24,411,8,419,2011
59514,Rousies,31,59,1,45,4289,88,4377,2011
59515,Rouvignies,31,59,6,67,652,4,656,2011
59516,Rubrouck,31,59,4,16,947,20,967,2011
59517,Les Rues-des-Vignes,31,59,2,43,706,12,718,2011
59518,Ruesnes,31,59,1,49,434,7,441,2011
59519,Rumegies,31,59,6,56,1587,18,1605,2011
59520,Rumilly-en-Cambrésis,31,59,2,43,1449,10,1459,2011
59521,Sailly-lez-Cambrai,31,59,2,14,450,43,493,2011
59522,Sailly-lez-Lannoy,31,59,5,33,1752,38,1790,2011
59523,Sainghin-en-Mélantois,31,59,5,20,2509,53,2562,2011
59524,Sainghin-en-Weppes,31,59,5,7,5522,68,5590,2011
59525,Sains-du-Nord,31,59,1,4,3000,59,3059,2011
59526,Saint-Amand-les-Eaux,31,59,6,96,16734,166,16900,2011
59527,Saint-André-lez-Lille,31,59,5,38,11524,183,11707,2011
59528,Saint-Aubert,31,59,2,15,1555,14,1569,2011
59529,Saint-Aubin,31,59,1,3,374,2,376,2011
59530,Saint-Aybert,31,59,6,19,358,6,364,2011
59531,Saint-Benin,31,59,2,17,350,4,354,2011
59532,Saint-Georges-sur-l'Aa,31,59,4,27,317,11,328,2011
59533,Saint-Hilaire-lez-Cambrai,31,59,2,15,1648,17,1665,2011
59534,Saint-Hilaire-sur-Helpe,31,59,1,3,779,29,808,2011
59535,Saint-Jans-Cappel,31,59,4,5,1707,54,1761,2011
59537,Saint-Martin-sur-Écaillon,31,59,2,58,523,4,527,2011
59538,Saint-Momelin,31,59,4,12,433,9,442,2011
59539,Saint-Pierre-Brouck,31,59,4,12,1017,14,1031,2011
59541,Saint-Python,31,59,2,58,972,7,979,2011
59542,Saint-Remy-Chaussée,31,59,1,10,511,6,517,2011
59543,Saint-Remy-du-Nord,31,59,1,69,1176,9,1185,2011
59544,Saint-Saulve,31,59,6,71,11202,162,11364,2011
59545,Saint-Souplet,31,59,2,17,1292,15,1307,2011
59546,Saint-Sylvestre-Cappel,31,59,4,60,1082,25,1107,2011
59547,Saint-Vaast-en-Cambrésis,31,59,2,58,896,9,905,2011
59548,Saint-Waast,31,59,1,8,620,17,637,2011
59536,Sainte-Marie-Cappel,31,59,4,16,836,24,860,2011
59549,Salesches,31,59,1,49,321,2,323,2011
59550,Salomé,31,59,5,7,2976,14,2990,2011
59551,Saméon,31,59,3,47,1532,25,1557,2011
59552,Sancourt,31,59,2,14,198,2,200,2011
59553,Santes,31,59,5,28,5657,78,5735,2011
59554,Sars-et-Rosières,31,59,6,56,535,6,541,2011
59555,Sars-Poteries,31,59,1,59,1491,18,1509,2011
59556,Sassegnies,31,59,1,10,270,2,272,2011
59557,Saultain,31,59,6,65,2079,24,2103,2011
59558,Saulzoir,31,59,2,58,1703,18,1721,2011
59559,Sebourg,31,59,6,65,1914,41,1955,2011
59560,Seclin,31,59,5,85,12333,132,12465,2011
59562,Sémeries,31,59,1,3,547,11,558,2011
59563,Semousies,31,59,1,3,243,2,245,2011
59564,La Sentinelle,31,59,6,67,3322,86,3408,2011
59565,Sepmeries,31,59,1,50,617,8,625,2011
59566,Sequedin,31,59,5,74,4356,31,4387,2011
59567,Séranvillers-Forenville,31,59,2,13,340,4,344,2011
59568,Sercus,31,59,4,29,417,6,423,2011
59569,Sin-le-Noble,31,59,3,22,16027,121,16148,2011
59570,Socx,31,59,4,9,956,52,1008,2011
59571,Solesmes,31,59,2,58,4559,134,4693,2011
59572,Solre-le-Château,31,59,1,59,1798,41,1839,2011
59573,Solrinnes,31,59,1,59,131,2,133,2011
59574,Somain,31,59,3,42,12462,95,12557,2011
59575,Sommaing,31,59,2,58,355,4,359,2011
59576,Spycker,31,59,4,12,1641,18,1659,2011
59577,Staple,31,59,4,29,694,5,699,2011
59578,Steenbecque,31,59,4,30,1746,46,1792,2011
59579,Steene,31,59,4,9,1290,24,1314,2011
59580,Steenvoorde,31,59,4,60,4071,78,4149,2011
59581,Steenwerck,31,59,4,5,3481,60,3541,2011
59582,Strazeele,31,59,4,30,833,13,846,2011
59583,Taisnières-en-Thiérache,31,59,1,3,456,17,473,2011
59584,Taisnières-sur-Hon,31,59,1,8,926,13,939,2011
59585,Templemars,31,59,5,78,3203,42,3245,2011
59586,Templeuve,31,59,5,20,5805,91,5896,2011
59587,Terdeghem,31,59,4,60,567,10,577,2011
59588,Téteghem,31,59,4,25,7001,247,7248,2011
59589,Thiant,31,59,6,67,2590,18,2608,2011
59590,Thiennes,31,59,4,30,826,12,838,2011
59591,Thivencelle,31,59,6,19,847,5,852,2011
59592,Thumeries,31,59,5,48,3942,54,3996,2011
59593,Thun-l'Évêque,31,59,2,13,681,14,695,2011
59594,Thun-Saint-Amand,31,59,6,56,1150,18,1168,2011
59595,Thun-Saint-Martin,31,59,2,13,529,7,536,2011
59597,Tilloy-lez-Cambrai,31,59,2,14,574,21,595,2011
59596,Tilloy-lez-Marchiennes,31,59,3,42,561,8,569,2011
59598,Toufflers,31,59,5,33,3988,26,4014,2011
59599,Tourcoing,31,59,5,97,92018,718,92736,2011
59600,Tourmignies,31,59,5,48,682,10,692,2011
59601,Trélon,31,59,1,64,3032,62,3094,2011
59602,Tressin,31,59,5,33,1289,50,1339,2011
59603,Trith-Saint-Léger,31,59,6,67,6450,88,6538,2011
59604,Troisvilles,31,59,2,17,835,10,845,2011
59605,Uxem,31,59,4,25,1344,22,1366,2011
59606,Valenciennes,31,59,6,98,43471,1031,44502,2011
59607,Vendegies-au-Bois,31,59,1,49,494,5,499,2011
59608,Vendegies-sur-Écaillon,31,59,2,58,1122,13,1135,2011
59609,Vendeville,31,59,5,78,1653,12,1665,2011
59610,Verchain-Maugré,31,59,6,67,903,11,914,2011
59611,Verlinghem,31,59,5,51,2358,51,2409,2011
59612,Vertain,31,59,2,58,486,6,492,2011
59613,Vicq,31,59,6,19,1457,20,1477,2011
59614,Viesly,31,59,2,58,1471,10,1481,2011
59615,Vieux-Berquin,31,59,4,6,2502,41,2543,2011
59616,Vieux-Condé,31,59,6,19,10172,102,10274,2011
59617,Vieux-Mesnil,31,59,1,10,580,8,588,2011
59618,Vieux-Reng,31,59,1,44,862,17,879,2011
59009,Villeneuve-d'Ascq,31,59,5,84,62681,763,63444,2011
59619,Villereau,31,59,1,50,966,15,981,2011
59620,Villers-au-Tertre,31,59,3,1,608,14,622,2011
59622,Villers-en-Cauchies,31,59,2,15,1254,16,1270,2011
59623,Villers-Guislain,31,59,2,43,714,5,719,2011
59624,Villers-Outréaux,31,59,2,18,2152,42,2194,2011
59625,Villers-Plouich,31,59,2,43,416,8,424,2011
59626,Villers-Pol,31,59,1,50,1237,28,1265,2011
59627,Villers-Sire-Nicole,31,59,1,44,998,12,1010,2011
59628,Volckerinckhove,31,59,4,68,523,5,528,2011
59629,Vred,31,59,3,42,1341,19,1360,2011
59630,Wahagnies,31,59,5,48,2585,46,2631,2011
59631,Walincourt-Selvigny,31,59,2,18,2106,38,2144,2011
59632,Wallers,31,59,6,66,5560,33,5593,2011
59633,Wallers-en-Fagne,31,59,1,64,302,2,304,2011
59634,Wallon-Cappel,31,59,4,29,879,36,915,2011
59635,Wambaix,31,59,2,15,316,16,332,2011
59636,Wambrechies,31,59,5,38,9705,117,9822,2011
59637,Wandignies-Hamage,31,59,3,42,1254,12,1266,2011
59638,Wannehain,31,59,5,20,1104,8,1112,2011
59639,Wargnies-le-Grand,31,59,1,50,1064,24,1088,2011
59640,Wargnies-le-Petit,31,59,1,50,782,10,792,2011
59641,Warhem,31,59,4,31,2061,74,2135,2011
59642,Warlaing,31,59,3,42,554,7,561,2011
59643,Warneton,31,59,5,51,224,2,226,2011
59645,Wasnes-au-Bac,31,59,6,11,578,2,580,2011
59646,Wasquehal,31,59,5,54,19998,218,20216,2011
59647,Watten,31,59,4,12,2568,36,2604,2011
59648,Wattignies,31,59,5,78,13297,186,13483,2011
59649,Wattignies-la-Victoire,31,59,1,45,254,11,265,2011
59650,Wattrelos,31,59,5,99,41538,261,41799,2011
59651,Wavrechain-sous-Denain,31,59,6,21,1629,18,1647,2011
59652,Wavrechain-sous-Faulx,31,59,6,11,417,2,419,2011
59653,Wavrin,31,59,5,28,7609,63,7672,2011
59654,Waziers,31,59,3,22,7710,54,7764,2011
59655,Wemaers-Cappel,31,59,4,16,247,0,247,2011
59656,Wervicq-Sud,31,59,5,51,4870,67,4937,2011
59657,West-Cappel,31,59,4,9,578,12,590,2011
59658,Wicres,31,59,5,7,396,2,398,2011
59659,Wignehies,31,59,1,64,3056,46,3102,2011
59660,Willems,31,59,5,33,3030,26,3056,2011
59661,Willies,31,59,1,64,165,3,168,2011
59662,Winnezeele,31,59,4,60,1215,27,1242,2011
59663,Wormhout,31,59,4,68,5308,96,5404,2011
59664,Wulverdinghe,31,59,4,12,303,4,307,2011
59665,Wylder,31,59,4,9,328,5,333,2011
59666,Zegerscappel,31,59,4,68,1476,21,1497,2011
59667,Zermezeele,31,59,4,16,196,2,198,2011
59668,Zuydcoote,31,59,4,25,1687,58,1745,2011
59669,Zuytpeene,31,59,4,16,545,17,562,2011
59001,Abancourt,32,59,2,9,461,13,474,2016
59002,Abscon,32,59,6,14,4440,35,4475,2016
59003,Aibes,32,59,1,19,374,6,380,2016
59004,Aix,32,59,3,31,1185,14,1199,2016
59005,Allennes-les-Marais,32,59,5,2,3462,46,3508,2016
59006,Amfroipret,32,59,1,5,228,8,236,2016
59007,Anhiers,32,59,3,31,904,13,917,2016
59008,Aniche,32,59,3,1,10303,114,10417,2016
59010,Anneux,32,59,2,9,279,4,283,2016
59011,Annœullin,32,59,5,2,10490,107,10597,2016
59012,Anor,32,59,1,19,3267,51,3318,2016
59013,Anstaing,32,59,5,36,1432,14,1446,2016
59014,Anzin,32,59,6,3,13426,160,13586,2016
59015,Arleux,32,59,3,1,3130,28,3158,2016
59016,Armbouts-Cappel,32,59,4,12,2296,48,2344,2016
59017,Armentières,32,59,5,4,25015,358,25373,2016
59018,Arnèke,32,59,4,41,1641,38,1679,2016
59019,Artres,32,59,6,6,1053,12,1065,2016
59021,Assevent,32,59,1,30,1837,20,1857,2016
59022,Attiches,32,59,5,36,2268,32,2300,2016
59023,Aubencheul-au-Bac,32,59,2,9,530,5,535,2016
59024,Auberchicourt,32,59,3,1,4405,32,4437,2016
59025,Aubers,32,59,5,2,1610,19,1629,2016
59026,Aubigny-au-Bac,32,59,3,1,1184,26,1210,2016
59027,Aubry-du-Hainaut,32,59,6,6,1651,16,1667,2016
59028,Auby,32,59,3,31,7285,59,7344,2016
59029,Auchy-lez-Orchies,32,59,3,31,1532,21,1553,2016
59031,Audignies,32,59,1,5,357,4,361,2016
59032,Aulnoy-lez-Valenciennes,32,59,6,6,7316,69,7385,2016
59033,Aulnoye-Aymeries,32,59,1,5,8856,237,9093,2016
59034,Avelin,32,59,5,36,2704,34,2738,2016
59035,Avesnelles,32,59,1,19,2496,32,2528,2016
59038,Avesnes-le-Sec,32,59,6,14,1470,16,1486,2016
59037,Avesnes-les-Aubert,32,59,2,11,3634,35,3669,2016
59036,Avesnes-sur-Helpe,32,59,1,7,4654,155,4809,2016
59039,Awoingt,32,59,2,10,844,18,862,2016
59041,Bachant,32,59,1,5,2334,28,2362,2016
59042,Bachy,32,59,5,36,1690,21,1711,2016
59043,Bailleul,32,59,4,8,14467,258,14725,2016
59044,Baisieux,32,59,5,36,4750,50,4800,2016
59045,Baives,32,59,1,19,165,2,167,2016
59046,Bambecque,32,59,4,41,741,10,751,2016
59047,Banteux,32,59,2,10,341,2,343,2016
59048,Bantigny,32,59,2,9,507,12,519,2016
59049,Bantouzelle,32,59,2,10,420,4,424,2016
59050,Bas-Lieu,32,59,1,19,353,8,361,2016
59051,La Bassée,32,59,5,2,6421,55,6476,2016
59052,Bauvin,32,59,5,2,5230,42,5272,2016
59053,Bavay,32,59,1,5,3350,92,3442,2016
59054,Bavinchove,32,59,4,41,960,9,969,2016
59055,Bazuel,32,59,2,10,533,12,545,2016
59056,Beaucamps-Ligny,32,59,5,28,857,22,879,2016
59057,Beaudignies,32,59,1,7,563,15,578,2016
59058,Beaufort,32,59,1,7,987,14,1001,2016
59059,Beaumont-en-Cambrésis,32,59,2,10,448,3,451,2016
59060,Beaurain,32,59,2,11,231,3,234,2016
59061,Beaurepaire-sur-Sambre,32,59,1,7,257,4,261,2016
59062,Beaurieux,32,59,1,19,165,0,165,2016
59063,Beauvois-en-Cambrésis,32,59,2,11,2079,24,2103,2016
59064,Bellaing,32,59,6,6,1225,11,1236,2016
59065,Bellignies,32,59,1,5,833,8,841,2016
59066,Bérelles,32,59,1,19,149,3,152,2016
59067,Bergues,32,59,4,12,3729,61,3790,2016
59068,Berlaimont,32,59,1,5,3105,36,3141,2016
59069,Bermerain,32,59,2,11,717,6,723,2016
59070,Bermeries,32,59,1,5,375,4,379,2016
59071,Bersée,32,59,5,36,2213,32,2245,2016
59072,Bersillies,32,59,1,30,254,7,261,2016
59073,Berthen,32,59,4,8,551,13,564,2016
59074,Bertry,32,59,2,10,2181,37,2218,2016
59075,Béthencourt,32,59,2,11,749,12,761,2016
59076,Bettignies,32,59,1,30,310,5,315,2016
59077,Bettrechies,32,59,1,5,253,4,257,2016
59078,Beugnies,32,59,1,19,630,8,638,2016
59079,Beuvrages,32,59,6,3,6660,32,6692,2016
59080,Beuvry-la-Forêt,32,59,3,31,2743,29,2772,2016
59081,Bévillers,32,59,2,11,556,7,563,2016
59082,Bierne,32,59,4,12,1817,31,1848,2016
59083,Bissezeele,32,59,4,41,243,2,245,2016
59084,Blaringhem,32,59,4,21,2076,36,2112,2016
59085,Blécourt,32,59,2,9,305,10,315,2016
59086,Boeschepe,32,59,4,8,2186,31,2217,2016
59087,Boëseghem,32,59,4,21,747,13,760,2016
59088,Bois-Grenier,32,59,5,4,1603,22,1625,2016
59089,Bollezeele,32,59,4,41,1441,25,1466,2016
59090,Bondues,32,59,5,24,10046,179,10225,2016
59091,Borre,32,59,4,8,603,12,615,2016
59092,Bouchain,32,59,6,14,3998,39,4037,2016
59093,Boulogne-sur-Helpe,32,59,1,7,340,4,344,2016
59094,Bourbourg,32,59,4,20,7112,56,7168,2016
59096,Bourghelles,32,59,5,36,1676,39,1715,2016
59097,Boursies,32,59,2,9,386,5,391,2016
59098,Bousbecque,32,59,5,22,4833,47,4880,2016
59099,Bousies,32,59,1,7,1734,12,1746,2016
59100,Bousignies,32,59,6,34,327,3,330,2016
59101,Bousignies-sur-Roc,32,59,1,19,405,3,408,2016
59102,Boussières-en-Cambrésis,32,59,2,11,414,6,420,2016
59103,Boussières-sur-Sambre,32,59,1,5,523,9,532,2016
59104,Boussois,32,59,1,30,3245,23,3268,2016
59105,Bouvignies,32,59,3,31,1540,25,1565,2016
59106,Bouvines,32,59,5,36,691,15,706,2016
59107,Bray-Dunes,32,59,4,17,4541,54,4595,2016
59108,Briastre,32,59,2,10,743,4,747,2016
59109,Brillon,32,59,6,34,721,20,741,2016
59110,Brouckerque,32,59,4,20,1356,28,1384,2016
59111,Broxeele,32,59,4,41,385,1,386,2016
59112,Bruay-sur-l'Escaut,32,59,6,3,11638,89,11727,2016
59113,Bruille-lez-Marchiennes,32,59,3,35,1325,8,1333,2016
59114,Bruille-Saint-Amand,32,59,6,34,1673,20,1693,2016
59115,Brunémont,32,59,3,1,712,4,716,2016
59116,Bry,32,59,1,5,415,11,426,2016
59117,Bugnicourt,32,59,3,1,993,10,1003,2016
59118,Busigny,32,59,2,10,2488,31,2519,2016
59119,Buysscheure,32,59,4,41,580,9,589,2016
59120,Caëstre,32,59,4,8,1957,31,1988,2016
59121,Cagnoncles,32,59,2,11,607,7,614,2016
59122,Cambrai,32,59,2,9,32668,681,33349,2016
59123,Camphin-en-Carembault,32,59,5,2,1646,23,1669,2016
59124,Camphin-en-Pévèle,32,59,5,36,2363,41,2404,2016
59125,Cantaing-sur-Escaut,32,59,2,10,397,10,407,2016
59126,Cantin,32,59,3,1,1549,11,1560,2016
59127,Capelle,32,59,2,11,156,3,159,2016
59128,Capinghem,32,59,5,4,2424,29,2453,2016
59130,Cappelle-Brouck,32,59,4,20,1174,26,1200,2016
59129,Cappelle-en-Pévèle,32,59,5,36,2233,26,2259,2016
59131,Cappelle-la-Grande,32,59,4,12,7888,84,7972,2016
59132,Carnières,32,59,2,11,1100,10,1110,2016
59133,Carnin,32,59,5,2,988,19,1007,2016
59134,Cartignies,32,59,1,7,1262,10,1272,2016
59135,Cassel,32,59,4,8,2301,104,2405,2016
59136,Le Cateau-Cambrésis,32,59,2,10,6983,152,7135,2016
59137,Catillon-sur-Sambre,32,59,2,10,834,7,841,2016
59138,Cattenières,32,59,2,10,673,12,685,2016
59139,Caudry,32,59,2,11,14493,138,14631,2016
59140,Caullery,32,59,2,10,448,12,460,2016
59141,Cauroir,32,59,2,11,578,17,595,2016
59142,Cerfontaine,32,59,1,19,669,4,673,2016
59143,La Chapelle-d'Armentières,32,59,5,4,8432,90,8522,2016
59144,Château-l'Abbaye,32,59,6,34,884,10,894,2016
59145,Chemy,32,59,5,18,769,12,781,2016
59146,Chéreng,32,59,5,36,2989,43,3032,2016
59147,Choisies,32,59,1,19,53,1,54,2016
59148,Clairfayts,32,59,1,19,376,6,382,2016
59149,Clary,32,59,2,10,1105,16,1121,2016
59150,Cobrieux,32,59,5,36,525,11,536,2016
59151,Colleret,32,59,1,19,1620,16,1636,2016
59152,Comines,32,59,5,22,12369,99,12468,2016
59153,Condé-sur-l'Escaut,32,59,6,29,9680,62,9742,2016
59155,Coudekerque-Branche,32,59,4,12,21204,323,21527,2016
59156,Courchelettes,32,59,3,15,2804,26,2830,2016
59157,Cousolre,32,59,1,19,2289,43,2332,2016
59158,Coutiches,32,59,3,31,3001,54,3055,2016
59159,Craywick,32,59,4,20,711,6,717,2016
59160,Crespin,32,59,6,29,4551,26,4577,2016
59161,Crèvecœur-sur-l'Escaut,32,59,2,10,740,46,786,2016
59162,Crochte,32,59,4,41,669,21,690,2016
59163,Croix,32,59,5,13,21271,296,21567,2016
59164,Croix-Caluyau,32,59,1,7,262,1,263,2016
59165,Cuincy,32,59,3,15,6454,100,6554,2016
59166,Curgies,32,59,6,29,1159,24,1183,2016
59167,Cuvillers,32,59,2,9,198,1,199,2016
59168,Cysoing,32,59,5,36,5033,73,5106,2016
59169,Damousies,32,59,1,19,197,0,197,2016
59170,Dechy,32,59,3,1,5307,43,5350,2016
59171,Dehéries,32,59,2,10,40,2,42,2016
59172,Denain,32,59,6,14,19714,131,19845,2016
59173,Deûlémont,32,59,5,4,1680,20,1700,2016
59174,Dimechaux,32,59,1,19,351,5,356,2016
59175,Dimont,32,59,1,19,318,8,326,2016
59176,Doignies,32,59,2,9,337,5,342,2016
59177,Dompierre-sur-Helpe,32,59,1,7,865,15,880,2016
59670,Don,32,59,5,2,1307,14,1321,2016
59178,Douai,32,59,3,15,39657,1203,40860,2016
59179,Douchy-les-Mines,32,59,6,14,10717,48,10765,2016
59180,Le Doulieu,32,59,4,8,1462,22,1484,2016
59181,Dourlers,32,59,1,7,585,6,591,2016
59182,Drincham,32,59,4,20,250,7,257,2016
59183,Dunkerque,32,59,4,96,88108,1377,89485,2016
59184,Ebblinghem,32,59,4,21,681,8,689,2016
59185,Écaillon,32,59,3,1,1942,16,1958,2016
59186,Eccles,32,59,1,19,86,1,87,2016
59187,Éclaibes,32,59,1,7,304,8,312,2016
59188,Écuélin,32,59,1,5,143,4,147,2016
59189,Eecke,32,59,4,8,1221,22,1243,2016
59190,Élesmes,32,59,1,30,983,14,997,2016
59191,Élincourt,32,59,2,10,627,5,632,2016
59192,Émerchicourt,32,59,6,14,879,56,935,2016
59193,Emmerin,32,59,5,18,3174,27,3201,2016
59194,Englefontaine,32,59,1,7,1307,14,1321,2016
59195,Englos,32,59,5,28,606,10,616,2016
59196,Ennetières-en-Weppes,32,59,5,28,1316,20,1336,2016
59197,Ennevelin,32,59,5,36,2186,25,2211,2016
59198,Eppe-Sauvage,32,59,1,19,275,4,279,2016
59199,Erchin,32,59,3,1,695,19,714,2016
59200,Eringhem,32,59,4,41,473,8,481,2016
59201,Erquinghem-le-Sec,32,59,5,28,590,9,599,2016
59202,Erquinghem-Lys,32,59,5,4,5081,40,5121,2016
59203,Erre,32,59,3,35,1594,19,1613,2016
59204,Escarmain,32,59,2,11,469,3,472,2016
59205,Escaudain,32,59,6,14,9588,53,9641,2016
59206,Escaudœuvres,32,59,2,9,3277,36,3313,2016
59207,Escautpont,32,59,6,3,4211,29,4240,2016
59208,Escobecques,32,59,5,28,299,10,309,2016
59209,Esnes,32,59,2,10,681,16,697,2016
59210,Esquelbecq,32,59,4,41,2124,39,2163,2016
59211,Esquerchin,32,59,3,15,897,7,904,2016
59212,Estaires,32,59,4,21,6406,158,6564,2016
59213,Estourmel,32,59,2,11,460,7,467,2016
59214,Estrées,32,59,3,1,1119,25,1144,2016
59215,Estreux,32,59,6,29,947,19,966,2016
59219,Estrun,32,59,2,9,711,5,716,2016
59216,Eswars,32,59,2,9,350,10,360,2016
59217,Eth,32,59,1,5,335,7,342,2016
59218,Étrœungt,32,59,1,7,1321,14,1335,2016
59220,Faches-Thumesnil,32,59,5,18,17591,128,17719,2016
59221,Famars,32,59,6,6,2505,70,2575,2016
59222,Faumont,32,59,3,31,2148,64,2212,2016
59223,Le Favril,32,59,1,7,516,4,520,2016
59224,Féchain,32,59,3,1,1746,27,1773,2016
59225,Feignies,32,59,1,5,6943,97,7040,2016
59226,Felleries,32,59,1,19,1403,22,1425,2016
59227,Fenain,32,59,3,35,5323,36,5359,2016
59228,Férin,32,59,3,1,1472,19,1491,2016
59229,Féron,32,59,1,19,568,9,577,2016
59230,Ferrière-la-Grande,32,59,1,30,5311,51,5362,2016
59231,Ferrière-la-Petite,32,59,1,19,1069,13,1082,2016
59232,La Flamengrie,32,59,1,5,410,5,415,2016
59233,Flaumont-Waudrechies,32,59,1,19,382,9,391,2016
59234,Flers-en-Escrebieux,32,59,3,15,5876,47,5923,2016
59236,Flesquières,32,59,2,10,262,3,265,2016
59237,Flêtre,32,59,4,8,974,22,996,2016
59238,Flines-lès-Mortagne,32,59,6,34,1655,29,1684,2016
59239,Flines-lez-Raches,32,59,3,31,5544,80,5624,2016
59240,Floursies,32,59,1,7,128,1,129,2016
59241,Floyon,32,59,1,7,526,8,534,2016
59242,Fontaine-au-Bois,32,59,1,7,691,9,700,2016
59243,Fontaine-au-Pire,32,59,2,10,1213,18,1231,2016
59244,Fontaine-Notre-Dame,32,59,2,9,1782,31,1813,2016
59246,Forest-en-Cambrésis,32,59,1,7,555,4,559,2016
59247,Forest-sur-Marque,32,59,5,40,1447,19,1466,2016
59249,Fourmies,32,59,1,19,12119,234,12353,2016
59250,Fournes-en-Weppes,32,59,5,2,2216,133,2349,2016
59251,Frasnoy,32,59,1,5,379,4,383,2016
59252,Frelinghien,32,59,5,4,2402,24,2426,2016
59253,Fresnes-sur-Escaut,32,59,6,3,7601,60,7661,2016
59254,Fressain,32,59,3,1,884,12,896,2016
59255,Fressies,32,59,2,9,566,8,574,2016
59256,Fretin,32,59,5,36,3379,25,3404,2016
59257,Fromelles,32,59,5,2,917,11,928,2016
59258,Genech,32,59,5,36,2685,640,3325,2016
59259,Ghissignies,32,59,1,7,525,20,545,2016
59260,Ghyvelde,32,59,4,17,4192,64,4256,2016
59261,Glageon,32,59,1,19,1831,11,1842,2016
59262,Godewaersvelde,32,59,4,8,2055,38,2093,2016
59264,Gognies-Chaussée,32,59,1,30,765,10,775,2016
59265,Gommegnies,32,59,1,5,2289,40,2329,2016
59266,Gondecourt,32,59,5,18,4004,42,4046,2016
59267,Gonnelieu,32,59,2,10,313,4,317,2016
59268,La Gorgue,32,59,4,21,5673,54,5727,2016
59269,Gouzeaucourt,32,59,2,10,1544,28,1572,2016
59270,Grand-Fayt,32,59,1,7,508,7,515,2016
59272,Grand-Fort-Philippe,32,59,4,20,5081,49,5130,2016
59271,Grande-Synthe,32,59,4,20,23294,200,23494,2016
59273,Gravelines,32,59,4,20,11461,214,11675,2016
59274,La Groise,32,59,2,10,489,4,493,2016
59275,Gruson,32,59,5,36,1204,36,1240,2016
59276,Guesnain,32,59,3,1,4651,35,4686,2016
59277,Gussignies,32,59,1,5,337,5,342,2016
59263,Gœulzin,32,59,3,1,1018,24,1042,2016
59278,Hallennes-lez-Haubourdin,32,59,5,28,4249,33,4282,2016
59279,Halluin,32,59,5,37,20708,149,20857,2016
59280,Hamel,32,59,3,1,778,9,787,2016
59281,Hantay,32,59,5,2,1303,12,1315,2016
59282,Hardifort,32,59,4,41,383,11,394,2016
59283,Hargnies,32,59,1,5,606,11,617,2016
59284,Hasnon,32,59,6,34,3870,28,3898,2016
59285,Haspres,32,59,6,6,2757,23,2780,2016
59286,Haubourdin,32,59,5,18,14934,120,15054,2016
59287,Haucourt-en-Cambrésis,32,59,2,10,202,4,206,2016
59288,Haulchin,32,59,6,6,2268,19,2287,2016
59289,Haussy,32,59,2,11,1538,35,1573,2016
59290,Haut-Lieu,32,59,1,7,394,1,395,2016
59291,Hautmont,32,59,1,7,14548,123,14671,2016
59292,Haveluy,32,59,6,6,3129,7,3136,2016
59293,Haverskerque,32,59,4,21,1441,26,1467,2016
59294,Haynecourt,32,59,2,9,325,4,329,2016
59295,Hazebrouck,32,59,4,21,21685,558,22243,2016
59296,Hecq,32,59,1,7,357,9,366,2016
59297,Hélesmes,32,59,6,34,1975,12,1987,2016
59299,Hem,32,59,5,13,18914,178,19092,2016
59300,Hem-Lenglet,32,59,2,9,574,11,585,2016
59301,Hergnies,32,59,6,29,4415,34,4449,2016
59302,Hérin,32,59,6,6,4052,31,4083,2016
59303,Herlies,32,59,5,2,2408,27,2435,2016
59304,Herrin,32,59,5,18,423,6,429,2016
59305,Herzeele,32,59,4,41,1629,32,1661,2016
59306,Hestrud,32,59,1,19,295,9,304,2016
59307,Holque,32,59,4,41,899,5,904,2016
59310,Hon-Hergies,32,59,1,5,853,7,860,2016
59308,Hondeghem,32,59,4,8,970,26,996,2016
59309,Hondschoote,32,59,4,41,4097,102,4199,2016
59311,Honnechy,32,59,2,10,545,8,553,2016
59312,Honnecourt-sur-Escaut,32,59,2,10,790,12,802,2016
59313,Hordain,32,59,6,14,1408,6,1414,2016
59314,Hornaing,32,59,3,35,3553,25,3578,2016
59315,Houdain-lez-Bavay,32,59,1,5,876,8,884,2016
59316,Houplin-Ancoisne,32,59,5,18,3439,43,3482,2016
59317,Houplines,32,59,5,4,7840,112,7952,2016
59318,Houtkerque,32,59,4,41,1005,8,1013,2016
59319,Hoymille,32,59,4,41,3224,206,3430,2016
59320,Illies,32,59,5,2,1546,10,1556,2016
59321,Inchy,32,59,2,10,738,5,743,2016
59322,Iwuy,32,59,2,11,3336,30,3366,2016
59323,Jenlain,32,59,1,5,1134,27,1161,2016
59324,Jeumont,32,59,1,30,10185,128,10313,2016
59325,Jolimetz,32,59,1,7,873,16,889,2016
59326,Killem,32,59,4,41,1084,20,1104,2016
59327,Lallaing,32,59,3,35,6164,38,6202,2016
59328,Lambersart,32,59,5,22,27618,409,28027,2016
59329,Lambres-lez-Douai,32,59,3,15,5152,107,5259,2016
59330,Landas,32,59,3,31,2402,41,2443,2016
59331,Landrecies,32,59,1,7,3491,106,3597,2016
59332,Lannoy,32,59,5,13,1752,7,1759,2016
59333,Larouillies,32,59,1,7,257,9,266,2016
59334,Lauwin-Planque,32,59,3,15,1715,24,1739,2016
59335,Lecelles,32,59,6,34,2791,46,2837,2016
59336,Lécluse,32,59,3,1,1369,16,1385,2016
59337,Lederzeele,32,59,4,41,667,15,682,2016
59338,Ledringhem,32,59,4,41,664,27,691,2016
59339,Leers,32,59,5,33,9546,75,9621,2016
59340,Leffrinckoucke,32,59,4,17,4277,99,4376,2016
59341,Lesdain,32,59,2,10,408,10,418,2016
59343,Lesquin,32,59,5,36,7912,69,7981,2016
59344,Leval,32,59,1,5,2465,12,2477,2016
59345,Lewarde,32,59,3,1,2422,34,2456,2016
59342,Lez-Fontaine,32,59,1,19,232,4,236,2016
59346,Lezennes,32,59,5,26,3143,24,3167,2016
59347,Liessies,32,59,1,19,531,16,547,2016
59348,Lieu-Saint-Amand,32,59,6,14,1325,11,1336,2016
59349,Ligny-en-Cambrésis,32,59,2,10,1899,27,1926,2016
59350,Lille,32,59,5,97,232440,4342,236782,2016
59351,Limont-Fontaine,32,59,1,7,561,6,567,2016
59352,Linselles,32,59,5,22,8356,99,8455,2016
59353,Locquignol,32,59,1,7,370,2,372,2016
59354,Loffre,32,59,3,1,737,21,758,2016
59356,Lompret,32,59,5,22,2301,53,2354,2016
59357,La Longueville,32,59,1,5,2117,32,2149,2016
59358,Looberghe,32,59,4,20,1183,22,1205,2016
59359,Loon-Plage,32,59,4,20,6209,78,6287,2016
59360,Loos,32,59,5,28,22076,363,22439,2016
59361,Lourches,32,59,6,14,3942,25,3967,2016
59363,Louvignies-Quesnoy,32,59,1,7,936,18,954,2016
59364,Louvil,32,59,5,36,828,16,844,2016
59365,Louvroil,32,59,1,30,6558,48,6606,2016
59366,Lynde,32,59,4,21,750,17,767,2016
59367,Lys-lez-Lannoy,32,59,5,13,13340,140,13480,2016
59368,La Madeleine,32,59,5,23,21253,196,21449,2016
59369,Maing,32,59,6,6,4074,39,4113,2016
59370,Mairieux,32,59,1,30,740,15,755,2016
59371,Le Maisnil,32,59,5,2,643,15,658,2016
59372,Malincourt,32,59,2,10,512,6,518,2016
59374,Marbaix,32,59,1,7,487,8,495,2016
59375,Marchiennes,32,59,3,35,4593,71,4664,2016
59377,Marcoing,32,59,2,10,1881,24,1905,2016
59378,Marcq-en-Barœul,32,59,5,24,38805,892,39697,2016
59379,Marcq-en-Ostrevent,32,59,3,1,727,4,731,2016
59381,Maresches,32,59,1,7,828,15,843,2016
59382,Maretz,32,59,2,10,1462,16,1478,2016
59383,Marly,32,59,6,29,11495,96,11591,2016
59384,Maroilles,32,59,1,7,1391,14,1405,2016
59385,Marpent,32,59,1,30,2758,33,2791,2016
59387,Marquette-en-Ostrevant,32,59,6,14,1861,16,1877,2016
59386,Marquette-lez-Lille,32,59,5,23,10424,72,10496,2016
59388,Marquillies,32,59,5,2,1986,25,2011,2016
59389,Masnières,32,59,2,10,2704,28,2732,2016
59390,Masny,32,59,3,1,4132,45,4177,2016
59391,Mastaing,32,59,6,14,853,5,858,2016
59392,Maubeuge,32,59,1,30,29679,316,29995,2016
59393,Maulde,32,59,6,34,1016,12,1028,2016
59394,Maurois,32,59,2,10,391,8,399,2016
59395,Mazinghien,32,59,2,10,306,4,310,2016
59396,Mecquignies,32,59,1,5,692,7,699,2016
59397,Merckeghem,32,59,4,41,586,8,594,2016
59398,Mérignies,32,59,5,36,2998,149,3147,2016
59399,Merris,32,59,4,8,1025,29,1054,2016
59400,Merville,32,59,4,21,9842,92,9934,2016
59401,Méteren,32,59,4,8,2279,36,2315,2016
59402,Millam,32,59,4,41,809,19,828,2016
59403,Millonfosse,32,59,6,34,708,12,720,2016
59406,Monceau-Saint-Waast,32,59,1,5,495,4,499,2016
59407,Monchaux-sur-Écaillon,32,59,6,6,542,7,549,2016
59408,Moncheaux,32,59,5,36,1511,19,1530,2016
59409,Monchecourt,32,59,3,1,2493,35,2528,2016
59410,Mons-en-Barœul,32,59,5,25,20855,191,21046,2016
59411,Mons-en-Pévèle,32,59,5,36,2125,40,2165,2016
59412,Montay,32,59,2,10,306,3,309,2016
59413,Montigny-en-Cambrésis,32,59,2,10,564,10,574,2016
59414,Montigny-en-Ostrevent,32,59,3,1,4786,37,4823,2016
59415,Montrécourt,32,59,2,11,228,1,229,2016
59416,Morbecque,32,59,4,21,2556,44,2600,2016
59418,Mortagne-du-Nord,32,59,6,34,1642,11,1653,2016
59419,Mouchin,32,59,5,36,1397,15,1412,2016
59420,Moustier-en-Fagne,32,59,1,19,61,1,62,2016
59421,Mouvaux,32,59,5,24,13326,200,13526,2016
59405,Mœuvres,32,59,2,9,459,3,462,2016
59422,Naves,32,59,2,11,637,9,646,2016
59423,Neuf-Berquin,32,59,4,21,1219,39,1258,2016
59424,Neuf-Mesnil,32,59,1,5,1337,5,1342,2016
59427,La Neuville,32,59,5,36,654,10,664,2016
59425,Neuville-en-Avesnois,32,59,1,7,305,6,311,2016
59426,Neuville-en-Ferrain,32,59,5,37,10371,68,10439,2016
59428,Neuville-Saint-Rémy,32,59,2,9,3807,54,3861,2016
59429,Neuville-sur-Escaut,32,59,6,14,2701,13,2714,2016
59430,Neuvilly,32,59,2,10,1125,7,1132,2016
59431,Nieppe,32,59,4,8,7449,83,7532,2016
59432,Niergnies,32,59,2,10,510,8,518,2016
59433,Nieurlet,32,59,4,41,951,13,964,2016
59434,Nivelle,32,59,6,34,1301,31,1332,2016
59435,Nomain,32,59,3,31,2497,34,2531,2016
59436,Noordpeene,32,59,4,41,789,11,800,2016
59437,Noyelles-lès-Seclin,32,59,5,18,879,13,892,2016
59438,Noyelles-sur-Escaut,32,59,2,10,784,12,796,2016
59439,Noyelles-sur-Sambre,32,59,1,5,288,5,293,2016
59440,Noyelles-sur-Selle,32,59,6,14,711,4,715,2016
59441,Obies,32,59,1,5,710,6,716,2016
59442,Obrechies,32,59,1,19,268,8,276,2016
59443,Ochtezeele,32,59,4,41,383,6,389,2016
59444,Odomez,32,59,6,29,932,12,944,2016
59445,Ohain,32,59,1,19,1204,25,1229,2016
59446,Oisy,32,59,6,6,596,7,603,2016
59447,Onnaing,32,59,6,3,8782,60,8842,2016
59448,Oost-Cappel,32,59,4,41,471,3,474,2016
59449,Orchies,32,59,3,31,8634,163,8797,2016
59450,Ors,32,59,2,10,651,7,658,2016
59451,Orsinval,32,59,1,7,545,3,548,2016
59452,Ostricourt,32,59,5,2,5375,28,5403,2016
59453,Oudezeele,32,59,4,41,685,9,694,2016
59454,Oxelaëre,32,59,4,8,528,4,532,2016
59455,Paillencourt,32,59,2,9,992,7,999,2016
59456,Pecquencourt,32,59,3,35,5973,256,6229,2016
59457,Pérenchies,32,59,5,4,8366,43,8409,2016
59458,Péronne-en-Mélantois,32,59,5,36,903,13,916,2016
59461,Petit-Fayt,32,59,1,7,305,2,307,2016
59459,Petite-Forêt,32,59,6,6,4894,35,4929,2016
59462,Phalempin,32,59,5,2,4757,41,4798,2016
59463,Pitgam,32,59,4,20,958,13,971,2016
59464,Poix-du-Nord,32,59,1,7,2199,16,2215,2016
59465,Pommereuil,32,59,2,10,774,4,778,2016
59466,Pont-à-Marcq,32,59,5,36,2895,96,2991,2016
59467,Pont-sur-Sambre,32,59,1,5,2542,24,2566,2016
59468,Potelle,32,59,1,7,379,4,383,2016
59469,Pradelles,32,59,4,8,385,3,388,2016
59470,Prémesques,32,59,5,4,2138,22,2160,2016
59471,Préseau,32,59,6,29,1920,24,1944,2016
59472,Preux-au-Bois,32,59,1,7,845,11,856,2016
59473,Preux-au-Sart,32,59,1,5,309,7,316,2016
59474,Prisches,32,59,1,7,1081,29,1110,2016
59475,Prouvy,32,59,6,6,2290,39,2329,2016
59476,Proville,32,59,2,9,3165,71,3236,2016
59477,Provin,32,59,5,2,4242,28,4270,2016
59478,Quaëdypre,32,59,4,41,1078,36,1114,2016
59479,Quarouble,32,59,6,29,3015,28,3043,2016
59480,Quérénaing,32,59,6,6,905,20,925,2016
59481,Le Quesnoy,32,59,1,7,5014,143,5157,2016
59482,Quesnoy-sur-Deûle,32,59,5,22,6780,58,6838,2016
59483,Quiévelon,32,59,1,19,129,1,130,2016
59484,Quiévrechain,32,59,6,29,6358,28,6386,2016
59485,Quiévy,32,59,2,11,1765,20,1785,2016
59486,Râches,32,59,3,31,2738,31,2769,2016
59487,Radinghem-en-Weppes,32,59,5,2,1365,21,1386,2016
59488,Raillencourt-Sainte-Olle,32,59,2,9,2268,32,2300,2016
59489,Raimbeaucourt,32,59,3,31,4055,59,4114,2016
59490,Rainsars,32,59,1,19,184,2,186,2016
59491,Raismes,32,59,6,34,12642,105,12747,2016
59492,Ramillies,32,59,2,9,597,7,604,2016
59493,Ramousies,32,59,1,19,229,2,231,2016
59494,Raucourt-au-Bois,32,59,1,7,173,1,174,2016
59495,Recquignies,32,59,1,19,2401,25,2426,2016
59496,Rejet-de-Beaulieu,32,59,2,10,270,2,272,2016
59497,Renescure,32,59,4,21,2089,39,2128,2016
59498,Reumont,32,59,2,10,368,9,377,2016
59499,Rexpoëde,32,59,4,41,2027,35,2062,2016
59500,Ribécourt-la-Tour,32,59,2,10,375,5,380,2016
59501,Rieulay,32,59,3,35,1360,24,1384,2016
59502,Rieux-en-Cambrésis,32,59,2,11,1460,9,1469,2016
59503,Robersart,32,59,1,7,177,7,184,2016
59505,Rombies-et-Marchipont,32,59,6,29,760,4,764,2016
59506,Romeries,32,59,2,11,440,4,444,2016
59507,Ronchin,32,59,5,26,19074,132,19206,2016
59508,Roncq,32,59,5,37,13475,105,13580,2016
59509,Roost-Warendin,32,59,3,31,6191,56,6247,2016
59511,Rosult,32,59,6,34,1908,28,1936,2016
59512,Roubaix,32,59,5,98,96412,541,96953,2016
59513,Roucourt,32,59,3,1,450,7,457,2016
59514,Rousies,32,59,1,19,4015,61,4076,2016
59515,Rouvignies,32,59,6,6,660,6,666,2016
59516,Rubrouck,32,59,4,41,944,21,965,2016
59517,Les Rues-des-Vignes,32,59,2,10,794,17,811,2016
59518,Ruesnes,32,59,1,7,439,6,445,2016
59519,Rumegies,32,59,6,34,1763,16,1779,2016
59520,Rumilly-en-Cambrésis,32,59,2,10,1462,24,1486,2016
59504,Rœulx,32,59,6,14,3830,21,3851,2016
59521,Sailly-lez-Cambrai,32,59,2,9,468,9,477,2016
59522,Sailly-lez-Lannoy,32,59,5,40,1773,34,1807,2016
59523,Sainghin-en-Mélantois,32,59,5,36,2687,25,2712,2016
59524,Sainghin-en-Weppes,32,59,5,2,5640,60,5700,2016
59525,Sains-du-Nord,32,59,1,19,2939,37,2976,2016
59526,Saint-Amand-les-Eaux,32,59,6,34,16147,176,16323,2016
59527,Saint-André-lez-Lille,32,59,5,23,12293,136,12429,2016
59528,Saint-Aubert,32,59,2,11,1569,22,1591,2016
59529,Saint-Aubin,32,59,1,7,367,8,375,2016
59530,Saint-Aybert,32,59,6,29,373,5,378,2016
59531,Saint-Benin,32,59,2,10,338,3,341,2016
59532,Saint-Georges-sur-l'Aa,32,59,4,20,309,8,317,2016
59533,Saint-Hilaire-lez-Cambrai,32,59,2,11,1630,14,1644,2016
59534,Saint-Hilaire-sur-Helpe,32,59,1,7,809,32,841,2016
59535,Saint-Jans-Cappel,32,59,4,8,1730,50,1780,2016
59537,Saint-Martin-sur-Écaillon,32,59,2,11,520,8,528,2016
59538,Saint-Momelin,32,59,4,41,480,4,484,2016
59539,Saint-Pierre-Brouck,32,59,4,20,993,17,1010,2016
59541,Saint-Python,32,59,2,11,1012,9,1021,2016
59542,Saint-Remy-Chaussée,32,59,1,5,510,13,523,2016
59543,Saint-Remy-du-Nord,32,59,1,7,1121,10,1131,2016
59544,Saint-Saulve,32,59,6,39,11161,142,11303,2016
59545,Saint-Souplet,32,59,2,10,1233,17,1250,2016
59546,Saint-Sylvestre-Cappel,32,59,4,8,1171,9,1180,2016
59547,Saint-Vaast-en-Cambrésis,32,59,2,11,906,8,914,2016
59548,Saint-Waast,32,59,1,5,630,9,639,2016
59536,Sainte-Marie-Cappel,32,59,4,8,878,21,899,2016
59549,Salesches,32,59,1,7,291,2,293,2016
59550,Salomé,32,59,5,2,2969,24,2993,2016
59551,Saméon,32,59,3,31,1641,21,1662,2016
59552,Sancourt,32,59,2,9,198,4,202,2016
59553,Santes,32,59,5,28,5768,53,5821,2016
59554,Sars-et-Rosières,32,59,6,34,574,6,580,2016
59555,Sars-Poteries,32,59,1,19,1463,17,1480,2016
59556,Sassegnies,32,59,1,5,275,3,278,2016
59557,Saultain,32,59,6,29,2339,15,2354,2016
59558,Saulzoir,32,59,2,11,1787,20,1807,2016
59559,Sebourg,32,59,6,29,1966,32,1998,2016
59560,Seclin,32,59,5,18,12463,99,12562,2016
59562,Sémeries,32,59,1,19,546,6,552,2016
59563,Semousies,32,59,1,7,246,3,249,2016
59564,La Sentinelle,32,59,6,6,3148,84,3232,2016
59565,Sepmeries,32,59,1,7,672,11,683,2016
59566,Sequedin,32,59,5,28,4700,25,4725,2016
59567,Séranvillers-Forenville,32,59,2,10,404,1,405,2016
59568,Sercus,32,59,4,21,450,5,455,2016
59569,Sin-le-Noble,32,59,3,35,15446,106,15552,2016
59570,Socx,32,59,4,41,934,36,970,2016
59571,Solesmes,32,59,2,11,4387,100,4487,2016
59572,Solre-le-Château,32,59,1,19,1832,25,1857,2016
59573,Solrinnes,32,59,1,19,136,0,136,2016
59574,Somain,32,59,3,35,12488,82,12570,2016
59575,Sommaing,32,59,2,11,421,5,426,2016
59576,Spycker,32,59,4,12,1807,27,1834,2016
59577,Staple,32,59,4,8,665,5,670,2016
59578,Steenbecque,32,59,4,21,1707,31,1738,2016
59579,Steene,32,59,4,12,1335,24,1359,2016
59580,Steenvoorde,32,59,4,41,4344,84,4428,2016
59581,Steenwerck,32,59,4,8,3624,52,3676,2016
59582,Strazeele,32,59,4,8,951,23,974,2016
59583,Taisnières-en-Thiérache,32,59,1,7,464,3,467,2016
59584,Taisnières-sur-Hon,32,59,1,5,978,8,986,2016
59585,Templemars,32,59,5,18,3356,26,3382,2016
59586,Templeuve-en-Pévèle,32,59,5,36,5930,66,5996,2016
59587,Terdeghem,32,59,4,41,548,14,562,2016
59588,Téteghem-Coudekerque-Village,32,59,4,12,8113,247,8360,2016
59589,Thiant,32,59,6,6,2837,23,2860,2016
59590,Thiennes,32,59,4,21,910,15,925,2016
59591,Thivencelle,32,59,6,29,852,2,854,2016
59592,Thumeries,32,59,5,36,3915,30,3945,2016
59593,Thun-l'Évêque,32,59,2,9,750,11,761,2016
59594,Thun-Saint-Amand,32,59,6,34,1131,12,1143,2016
59595,Thun-Saint-Martin,32,59,2,9,521,4,525,2016
59597,Tilloy-lez-Cambrai,32,59,2,9,569,22,591,2016
59596,Tilloy-lez-Marchiennes,32,59,3,35,527,17,544,2016
59598,Toufflers,32,59,5,40,3923,21,3944,2016
59599,Tourcoing,32,59,5,99,97476,694,98170,2016
59600,Tourmignies,32,59,5,36,891,16,907,2016
59601,Trélon,32,59,1,19,2915,73,2988,2016
59602,Tressin,32,59,5,36,1407,33,1440,2016
59603,Trith-Saint-Léger,32,59,6,6,6261,90,6351,2016
59604,Troisvilles,32,59,2,10,836,9,845,2016
59605,Uxem,32,59,4,12,1411,23,1434,2016
59606,Valenciennes,32,59,6,39,43680,829,44509,2016
59607,Vendegies-au-Bois,32,59,1,7,492,12,504,2016
59608,Vendegies-sur-Écaillon,32,59,2,11,1075,19,1094,2016
59609,Vendeville,32,59,5,18,1627,23,1650,2016
59610,Verchain-Maugré,32,59,6,6,970,8,978,2016
59611,Verlinghem,32,59,5,22,2445,56,2501,2016
59612,Vertain,32,59,2,11,523,9,532,2016
59613,Vicq,32,59,6,29,1506,21,1527,2016
59614,Viesly,32,59,2,11,1552,15,1567,2016
59615,Vieux-Berquin,32,59,4,8,2512,41,2553,2016
59616,Vieux-Condé,32,59,6,29,10395,77,10472,2016
59617,Vieux-Mesnil,32,59,1,5,637,9,646,2016
59618,Vieux-Reng,32,59,1,30,853,14,867,2016
59009,Villeneuve-d'Ascq,32,59,5,40,62358,727,63085,2016
59619,Villereau,32,59,1,5,971,18,989,2016
59620,Villers-au-Tertre,32,59,3,1,619,7,626,2016
59622,Villers-en-Cauchies,32,59,2,11,1278,14,1292,2016
59623,Villers-Guislain,32,59,2,10,694,4,698,2016
59624,Villers-Outréaux,32,59,2,10,2091,25,2116,2016
59625,Villers-Plouich,32,59,2,10,409,4,413,2016
59626,Villers-Pol,32,59,1,7,1260,19,1279,2016
59627,Villers-Sire-Nicole,32,59,1,30,980,11,991,2016
59628,Volckerinckhove,32,59,4,41,577,6,583,2016
59629,Vred,32,59,3,35,1381,18,1399,2016
59630,Wahagnies,32,59,5,2,2606,42,2648,2016
59631,Walincourt-Selvigny,32,59,2,10,2135,29,2164,2016
59632,Wallers,32,59,6,34,5494,65,5559,2016
59633,Wallers-en-Fagne,32,59,1,19,288,4,292,2016
59634,Wallon-Cappel,32,59,4,21,825,22,847,2016
59635,Wambaix,32,59,2,10,380,3,383,2016
59636,Wambrechies,32,59,5,23,10539,87,10626,2016
59637,Wandignies-Hamage,32,59,3,35,1288,17,1305,2016
59638,Wannehain,32,59,5,36,1188,13,1201,2016
59639,Wargnies-le-Grand,32,59,1,5,1091,23,1114,2016
59640,Wargnies-le-Petit,32,59,1,5,755,9,764,2016
59641,Warhem,32,59,4,41,2051,46,2097,2016
59642,Warlaing,32,59,3,35,570,17,587,2016
59643,Warneton,32,59,5,4,239,2,241,2016
59645,Wasnes-au-Bac,32,59,6,14,620,3,623,2016
59646,Wasquehal,32,59,5,13,20722,261,20983,2016
59647,Watten,32,59,4,41,2561,32,2593,2016
59648,Wattignies,32,59,5,18,14485,180,14665,2016
59649,Wattignies-la-Victoire,32,59,1,19,244,11,255,2016
59650,Wattrelos,32,59,5,33,41341,229,41570,2016
59651,Wavrechain-sous-Denain,32,59,6,14,1654,10,1664,2016
59652,Wavrechain-sous-Faulx,32,59,6,14,372,2,374,2016
59653,Wavrin,32,59,5,2,7628,75,7703,2016
59654,Waziers,32,59,3,35,7477,51,7528,2016
59655,Wemaers-Cappel,32,59,4,41,252,4,256,2016
59656,Wervicq-Sud,32,59,5,22,5412,49,5461,2016
59657,West-Cappel,32,59,4,41,606,7,613,2016
59658,Wicres,32,59,5,2,475,7,482,2016
59659,Wignehies,32,59,1,19,2935,34,2969,2016
59660,Willems,32,59,5,40,3014,42,3056,2016
59661,Willies,32,59,1,19,154,4,158,2016
59662,Winnezeele,32,59,4,41,1279,22,1301,2016
59663,Wormhout,32,59,4,41,5598,87,5685,2016
59664,Wulverdinghe,32,59,4,41,310,4,314,2016
59665,Wylder,32,59,4,41,295,10,305,2016
59666,Zegerscappel,32,59,4,41,1542,33,1575,2016
59667,Zermezeele,32,59,4,41,211,4,215,2016
59668,Zuydcoote,32,59,4,17,1738,57,1795,2016
59669,Zuytpeene,32,59,4,41,526,17,543,2016
