code_geo,libelle_commune,annee,bloc_vainqueur,cible_binaire,cible_multiclasse,taux_faible_diplome_scaled,revenu_median_scaled,log_delinquance_scaled,log_population_scaled,pct_abstention_scaled,cible_transition,cible_transition_enc
59001,Abancourt,2017,DROITE,0,0,-0.399200004488888,0.6082871631386931,-1.032153966622708,-0.917959623297468,-1.2296702437414218,STABLE_DROITE,0
59002,Abscon,2017,DROITE,0,0,-0.8655579687242615,-1.1288769127828002,1.2993386895501795,0.8721849459465781,0.3115835545285409,STABLE_DROITE,0
59003,Aibes,2017,DROITE,0,0,-2.2626967661431014,-1.118368547862292,-1.032153966622708,-1.0829981493788328,-0.40880567467513196,STABLE_DROITE,0
59004,Aix,2017,DROITE,0,0,0.5915687826003712,1.5146336375325156,-1.032153966622708,-0.1721998387678032,-1.853375655341444,BASCULE_CENTRE,1
59005,Allennes-les-Marais,2017,DROITE,0,0,0.5973740684622225,0.678233467140825,0.6609204853675041,0.6754220158067306,-0.4486166583942821,STABLE_DROITE,0
59006,Amfroipret,2017,DROITE,0,0,-0.04507756691596934,1.2939579742018459,-1.032153966622708,-1.473134785108384,-0.9623679244842696,STABLE_DROITE,0
59007,Anhiers,2017,DROITE,0,0,-1.3435265046833391,-0.41726357582214313,-1.032153966622708,-0.38609820617298307,-0.8182900786435351,STABLE_DROITE,0
59008,Aniche,2017,DROITE,0,0,-1.0397165445797965,-1.6815512303207725,1.3153602161374423,1.5379530584971697,2.211136206270857,STABLE_DROITE,0
59009,Villeneuve-d'Ascq,2017,GAUCHE,1,2,2.1493204888637587,-0.3348385884769078,1.4806344526781543,2.9620950785659796,0.6168010963753601,GAUCHE,3
59010,Anneux,2017,DROITE,0,0,0.3941890632974335,-0.017945708842835768,-1.032153966622708,-1.314085318147986,-1.1443609929146712,STABLE_DROITE,0
59011,Annoeullin,2017,DROITE,0,0,0.5915687826003712,0.039521911816192835,1.2241602674938425,1.5521800970747937,0.6186968575048437,STABLE_DROITE,0
59012,Anor,2017,DROITE,0,0,-0.44564229138369743,-1.26351533832681,0.9301230671341866,0.629576518880174,1.7030722235693194,STABLE_DROITE,0
59013,Anstaing,2017,CENTRE,1,1,1.6132990942861718,1.094627427115958,0.623644761103334,-0.022550714381012454,-0.6761079939322838,CENTRE,2
59014,Anzin,2017,DROITE,0,0,0.028456054000812143,-1.9560822638690463,1.4806344526781543,1.7473653656952466,2.5125622258587095,STABLE_DROITE,0
59015,Arleux,2017,DROITE,0,0,-0.10506552082176342,-0.3528998406840311,0.8867461396416385,0.5957002987339813,-0.09410932718089592,STABLE_DROITE,0
59016,Armbouts-Cappel,2017,DROITE,0,0,-0.4978898641403568,0.44803459810094476,0.22543946514980245,0.35068152457361584,-1.0306153251456704,STABLE_DROITE,0
59017,Armentières,2017,DROITE,0,0,0.8257153123617003,-1.2004651488037614,1.4806344526781543,2.239579005798111,2.0443092268763223,STABLE_DROITE,0
59018,Arnèke,2017,DROITE,0,0,1.129525272465243,-0.45338608023638965,-0.07348316953298233,0.08514325422086683,-0.8372476899383685,STABLE_DROITE,0
59019,Artres,2017,DROITE,0,0,0.7057394045501107,0.6017194350633756,-1.032153966622708,-0.26553590611840083,-0.4353463304878986,STABLE_DROITE,0
59021,Assevent,2017,DROITE,0,0,-0.8578175875751268,-0.47571635569246934,0.26935276893215254,0.17434159910314706,-0.2059592338204135,STABLE_DROITE,0
59022,Attiches,2017,DROITE,0,0,0.68445335638999,1.0348611016305682,0.4442986964611745,0.34097982798191256,-0.480844597595499,BASCULE_CENTRE,1
59023,Aubencheul-au-Bac,2017,DROITE,0,0,-0.5636831039080036,0.23294150363429483,-1.032153966622708,-0.8078512348908442,-0.5718411318106998,STABLE_DROITE,0
59024,Auberchicourt,2017,DROITE,0,0,-0.7436469656253887,-0.9072160902408327,1.0538845892341626,0.8659260979667837,0.6945273026841774,STABLE_DROITE,0
59025,Aubers,2017,DROITE,0,0,1.5920130461260498,2.1980057437693072,-1.032153966622708,0.0700663943573705,-0.42776328596996505,BASCULE_CENTRE,1
59026,Aubigny-au-Bac,2017,DROITE,0,0,-0.47853891126751946,-0.03633534745372492,0.5568979114418643,-0.17286708878265156,-0.2874769623881975,STABLE_DROITE,0
59027,Aubry-du-Hainaut,2017,DROITE,0,0,0.814104740637999,0.8348737817371488,0.5991613338562586,0.08994609135382362,-0.5509877593863828,BASCULE_CENTRE,1
59028,Auby,2017,DROITE,0,0,0.15423724767425304,-1.410960833617689,1.3474480000845501,1.2638016681543593,0.751400136568678,STABLE_DROITE,0
59029,Auchy-lez-Orchies,2017,DROITE,0,0,0.9592368871842772,1.3333643426537511,0.7443043055643109,0.030809014397142283,-1.39270570087699,BASCULE_CENTRE,1
59031,Audignies,2017,DROITE,0,0,-0.20375538047323363,0.7114004939211787,-1.032153966622708,-1.1196961963459398,0.17319299207625635,STABLE_DROITE,0
59032,Aulnoy-lez-Valenciennes,2017,DROITE,0,0,-0.14376742656743818,-0.9742069166090718,1.398682265331404,1.2671601297105495,1.0642007229334305,STABLE_DROITE,0
59033,Aulnoye-Aymeries,2017,DROITE,0,0,-1.2932140272139616,-1.4365749731114277,1.268489182862844,1.4182519652803296,2.2661132790258747,STABLE_DROITE,0
59034,Avelin,2017,DROITE,0,0,1.3327102776300332,2.122805257306921,0.9552312214753043,0.480012495771183,-0.4637827474301489,BASCULE_CENTRE,1
59035,Avesnelles,2017,DROITE,0,0,0.3941890632974335,-0.7945795537491366,0.8410454570456973,0.41672109412798813,1.4774766491608011,STABLE_DROITE,0
59036,Avesnes-sur-Helpe,2017,DROITE,0,0,1.071472413846732,-2.2053275443273472,1.4409874940754261,0.9094124217686228,3.0395838198550806,STABLE_DROITE,0
59037,Avesnes-les-Aubert,2017,DROITE,0,0,-0.6797888211450265,-1.0904557035421925,1.1846461400182384,0.7137660320153463,0.2148997369248905,STABLE_DROITE,0
59038,Avesnes-le-Sec,2017,DROITE,0,0,-1.0513271163034978,-0.17655634186175473,-1.032153966622708,-0.001847780528468032,-0.6211309211772669,STABLE_DROITE,0
59039,Awoingt,2017,DROITE,0,0,0.29743429893324796,0.5728214315319783,-1.032153966622708,-0.44036117877317404,0.09925830802640563,STABLE_DROITE,0
59041,Bachant,2017,DROITE,0,0,-1.5660624627209654,-1.1003072956551687,0.8292334033688207,0.36366063446541963,1.3296072810610997,STABLE_DROITE,0
59042,Bachy,2017,CENTRE,1,1,1.2185396556802937,1.3120192264089692,0.22378278400263987,0.10840338638907902,-1.436308206855107,CENTRE,2
59043,Bailleul,2017,DROITE,0,0,0.3729030151373128,0.02441613724296246,1.224326710178643,1.8064325427844325,-0.08463052153347904,STABLE_DROITE,0
59044,Baisieux,2017,CENTRE,1,1,1.3830227550994094,1.1793511192875545,1.1174767598438964,0.9255597792264385,-0.03344497103742868,CENTRE,2
59045,Baives,2017,DROITE,0,0,0.6380110694951806,-0.9236354104291266,-1.032153966622708,-1.7276345430410176,3.304990377982749,STABLE_DROITE,0
59046,Bambecque,2017,DROITE,0,0,0.003299815266123417,-0.5256310890648828,-1.032153966622708,-0.5431844292946362,-0.9945958636854865,STABLE_DROITE,0
59047,Banteux,2017,DROITE,0,0,-1.2100049298607622,-0.8513904016006335,-1.032153966622708,-1.1558636315735877,0.4670359671461756,STABLE_DROITE,0
59048,Bantigny,2017,DROITE,0,0,-0.30825052598655384,0.5189660613143744,-1.032153966622708,-0.8428782688404141,-0.9983873859444534,STABLE_DROITE,0
59049,Bantouzelle,2017,DROITE,0,0,0.8102345500634309,-0.7889969848851167,-1.032153966622708,-0.991471189662224,0.9258101604811465,STABLE_DROITE,0
59050,Bas-Lieu,2017,DROITE,0,0,-0.9797285906740011,-0.10463971943702749,-1.032153966622708,-1.1285842094681653,-0.687482560709184,STABLE_DROITE,0
59051,La Bassée,2017,DROITE,0,0,0.14843196181240167,-0.6898242909478216,1.3528871243100247,1.1639544755945617,0.8727288488556125,STABLE_DROITE,0
59052,Bauvin,2017,DROITE,0,0,-0.47853891126751946,-0.18213891072577465,0.9751600431551832,1.0016938182261679,0.5049511897358425,STABLE_DROITE,0
59053,Bavay,2017,DROITE,0,0,-0.20569047576051697,-0.8343143086048078,1.2388022053749463,0.6494159217461016,0.03669819075345543,STABLE_DROITE,0
59054,Bavinchove,2017,DROITE,0,0,-0.36436828931778126,-0.044545007547871864,0.2853354986459488,-0.3386054974216804,-0.1699397723602296,STABLE_DROITE,0
59055,Bazuel,2017,DROITE,0,0,0.3516169669771921,-1.0802757250254502,0.7644741843434211,-0.803394745099568,0.7893153591583449,STABLE_DROITE,0
59056,Beaucamps-Ligny,2017,DROITE,0,0,2.8498249828604627,2.0745324559533374,0.7853596891611426,-0.4282842289867135,-0.7443553945936847,BASCULE_CENTRE,1
59057,Beaudignies,2017,DROITE,0,0,-0.8616877781496949,-0.04355984833657423,-1.032153966622708,-0.7601585827556879,-1.2922303610143724,STABLE_DROITE,0
59058,Beaufort,2017,DROITE,0,0,-0.9835987812485677,-0.008750889537391192,-1.032153966622708,-0.3166875525668336,-0.5585708039043163,STABLE_DROITE,0
59059,Beaumont-en-Cambrésis,2017,DROITE,0,0,0.18713386755807643,-1.0129565122534454,-1.032153966622708,-0.9405370570850049,0.5883646794331101,STABLE_DROITE,0
59060,Beaurain,2017,DROITE,0,0,-0.28696447782643314,-0.611011554044011,-1.032153966622708,-1.4628393055558266,0.10115406915588927,STABLE_DROITE,0
59061,Beaurepaire-sur-Sambre,2017,DROITE,0,0,0.7599220725940549,-1.0651699504522198,-1.032153966622708,-1.378814895705811,0.45755716149875875,STABLE_DROITE,0
59062,Beaurieux,2017,DROITE,0,0,-0.9313512084919083,0.40632952482267826,-1.032153966622708,-1.7276345430410176,-0.9737424912611697,STABLE_DROITE,0
59063,Beauvois-en-Cambrésis,2017,DROITE,0,0,-0.6256061531010824,-0.9745353030128376,0.6113007415663018,0.2721833592601067,0.8537712375607788,STABLE_DROITE,0
59064,Bellaing,2017,DROITE,0,0,-0.9642478283757318,-0.31776249548108215,1.187654099179683,-0.14596111990430644,-0.14529487767694627,STABLE_DROITE,0
59065,Bellignies,2017,DROITE,0,0,-0.8171805865421687,-0.06851721502278094,-1.032153966622708,-0.4507261553057055,1.0509303950270477,STABLE_DROITE,0
59066,Bérelles,2017,DROITE,0,0,-1.0977694031983072,0.6726508982768051,-1.032153966622708,-1.8078068841744037,0.2641895262914572,STABLE_DROITE,0
59067,Bergues,2017,DROITE,0,0,0.7947537877651616,-0.5078982232615253,1.1022781591522615,0.7341737790447262,1.0642007229334305,STABLE_DROITE,0
59068,Berlaimont,2017,DROITE,0,0,-0.4166158620744407,-0.8149395107826211,0.8136637708645176,0.5893588759173756,1.3826885926866337,STABLE_DROITE,0
59069,Bermerain,2017,DROITE,0,0,-0.219236142771503,-0.02352827770685569,-1.032153966622708,-0.5691930684413535,-0.2779981567407806,STABLE_DROITE,0
59070,Bermeries,2017,DROITE,0,0,-0.08764966323621075,0.40698629763021005,0.18968881724744108,-1.080891557333009,-0.4524081806532487,STABLE_DROITE,0
59071,Bersée,2017,CENTRE,1,1,0.667037498804436,1.3087353623713103,0.24578457024348446,0.32156936644353057,-0.8239773620319853,CENTRE,2
59072,Bersillies,2017,DROITE,0,0,-1.8350407076534012,0.3820289309440033,-1.032153966622708,-1.3880667537547713,0.3760394329309748,BASCULE_CENTRE,1
59073,Berthen,2017,DROITE,0,0,0.3458116811153407,0.34787674495235205,-1.032153966622708,-0.7771705254221579,-0.8220816009025017,BASCULE_CENTRE,1
59074,Bertry,2017,DROITE,0,0,-0.5559427227588689,-0.823149170876768,0.5157235686734188,0.3100528777377553,0.6774654525188273,STABLE_DROITE,0
59075,Béthencourt,2017,DROITE,0,0,-0.7165556316034166,-0.5164362697594382,0.7806278354694375,-0.5347015078301637,-0.5983817876234665,STABLE_DROITE,0
59076,Bettignies,2017,DROITE,0,0,-2.0885381902875664,-0.592293529029356,-1.032153966622708,-1.2310250918405479,-0.926348463024086,STABLE_DROITE,0
59077,Bettrechies,2017,DROITE,0,0,0.9476263154605745,-0.11087906110857917,-1.032153966622708,-1.3911749103890831,-0.18510586139609678,STABLE_DROITE,0
59078,Beugnies,2017,DROITE,0,0,-0.9274810179173403,-0.42875709995394884,-1.032153966622708,-0.6713647694508875,-0.3216006627188977,STABLE_DROITE,0
59079,Beuvrages,2017,DROITE,0,0,-1.169367928827804,-1.8161896558647823,1.104501042025633,1.1928585454181704,2.036726182358389,STABLE_DROITE,0
59080,Beuvry-la-Forêt,2017,DROITE,0,0,0.3496818716899074,0.7022056746157341,0.7341518521719355,0.4913358563063936,-0.31591337933044744,STABLE_DROITE,0
59081,Bévillers,2017,DROITE,0,0,-0.0721689009379414,-0.46553637717572716,-1.032153966622708,-0.7700377012063849,-0.48653188098394895,STABLE_DROITE,0
59082,Bierne,2017,DROITE,0,0,-0.8442719205641408,0.662142533356297,0.23120339551472807,0.16568697397669885,-0.9111823739882192,STABLE_DROITE,0
59083,Bissezeele,2017,DROITE,0,0,0.6767129752408554,0.4355559147578414,-1.032153966622708,-1.4229472473471787,-0.5377174314799993,STABLE_DROITE,0
59084,Blaringhem,2017,DROITE,0,0,-0.31212071656112045,-0.31874765469237976,0.2026937101470827,0.2710416344830692,0.26987680967990746,STABLE_DROITE,0
59085,Blécourt,2017,DROITE,0,0,-0.6778537258577418,0.5905542973353357,-1.032153966622708,-1.2438458724243524,-0.5794241763286331,STABLE_DROITE,0
59086,Boeschepe,2017,DROITE,0,0,0.487073637087051,0.16496551805475815,-0.2104800477116946,0.3118634183443864,-0.02586192651949545,STABLE_DROITE,0
59087,Boëseghem,2017,DROITE,0,0,-0.38952452805247,-0.5154511105481405,-1.032153966622708,-0.5368137249615568,-0.7860621394423182,STABLE_DROITE,0
59088,Bois-Grenier,2017,DROITE,0,0,1.934524911975267,1.8476174509511156,0.9333174933357382,0.06662180171676643,-0.7690002892769681,BASCULE_CENTRE,1
59089,Bollezeele,2017,DROITE,0,0,0.37096791985002947,-0.4809705381527234,-1.032153966622708,-0.017598194821600115,-0.5509877593863828,STABLE_DROITE,0
59090,Bondues,2017,DROITE,0,0,2.894332174467986,3.621232417690621,1.1239624116052533,1.5179732842188414,0.5959477239510433,BASCULE_CENTRE,1
59091,Borre,2017,DROITE,0,0,-0.21730104748421966,0.43194366431641673,-1.032153966622708,-0.7059576026982947,-1.282751555366956,BASCULE_CENTRE,1
59092,Bouchain,2017,DROITE,0,0,-0.5946446285045424,-0.578501300071189,1.3288729313518153,0.7892576613034507,0.45566140036927577,STABLE_DROITE,0
59093,Boulogne-sur-Helpe,2017,DROITE,0,0,-1.0977694031983072,-0.3256437691714632,-1.032153966622708,-1.1581799578135052,-1.7510045543493429,BASCULE_CENTRE,1
59094,Bourbourg,2017,DROITE,0,0,-0.4417721008091294,-1.0628712456258587,0.93807862538726,1.24479286425477,0.779836553510928,STABLE_DROITE,0
59096,Bourghelles,2017,DROITE,0,0,1.7332750020977599,1.7579679627230311,0.5622199082312502,0.10182713245558415,-0.9054950905997693,BASCULE_CENTRE,1
59097,Boursies,2017,DROITE,0,0,-1.9704973777632602,-0.5525587741736847,-1.032153966622708,-1.0580819211284902,-0.5434047148684495,STABLE_DROITE,0
59098,Bousbecque,2017,DROITE,0,0,0.11747043721586298,0.4657674639043021,1.0549776088937293,0.9392596651535825,0.34760301598872484,BASCULE_CENTRE,1
59099,Bousies,2017,DROITE,0,0,-0.24826257208075836,-0.8819303371508601,-0.10080824099391622,0.1287227133036288,0.08030069673157254,STABLE_DROITE,0
59100,Bousignies,2017,DROITE,0,0,0.49287892294890234,0.629960665787241,-1.032153966622708,-1.1889261988371007,-1.074217831123787,BASCULE_CENTRE,1
59101,Bousignies-sur-Roc,2017,DROITE,0,0,-0.8365315394150061,0.06349411929110191,-1.032153966622708,-1.020169313253855,1.2063828076446816,STABLE_DROITE,0
59102,Boussières-en-Cambrésis,2017,DROITE,0,0,-0.18053423702582824,-0.3256437691714632,-1.032153966622708,-1.0028258082454473,0.021532101717588282,STABLE_DROITE,0
59103,Boussières-sur-Sambre,2017,DROITE,0,0,-1.5660624627209654,-0.04782887158553064,-1.032153966622708,-0.8183484011060617,-0.2381871730216301,STABLE_DROITE,0
59104,Boussois,2017,DROITE,0,0,-1.1306660230821306,-1.1722239180798961,0.9582997584399592,0.624233377101602,0.9239143993516629,STABLE_DROITE,0
59105,Bouvignies,2017,DROITE,0,0,0.9979387929299506,1.188874324996765,0.2739612615492571,0.034926264268526144,-0.4599912251711823,BASCULE_CENTRE,1
59106,Bouvines,2017,CENTRE,1,1,2.2905824448354704,2.1267458941521116,-1.032153966622708,-0.5983689230640552,-1.4874937573511575,CENTRE,2
59107,Bray-Dunes,2017,DROITE,0,0,-0.5095004358640596,-0.27901289983670857,1.3396142576967682,0.8899734077657078,0.8158560149711119,STABLE_DROITE,0
59108,Briastre,2017,DROITE,0,0,0.07102815032105356,-0.7981918041905612,-1.032153966622708,-0.5410551552076149,-0.6647334271553836,STABLE_DROITE,0
59109,Brillon,2017,DROITE,0,0,1.5126741393474181,0.9081039497769394,-1.032153966622708,-0.5647984746622609,-0.45430394178273203,BASCULE_CENTRE,1
59110,Brouckerque,2017,DROITE,0,0,-1.0281059728560937,1.0985680639611486,-1.032153966622708,-0.06565663879943572,-0.6362970102131337,STABLE_DROITE,0
59111,Broxeele,2017,DROITE,0,0,-1.9279252814430188,0.15544231234554767,-1.032153966622708,-1.0601285583522273,0.5883646794331101,STABLE_DROITE,0
59112,Bruay-sur-l'Escaut,2017,DROITE,0,0,-0.6004499143663937,-1.7541246255530314,1.4597422470041581,1.6343231080835545,1.8490458305395372,STABLE_DROITE,0
59113,Bruille-lez-Marchiennes,2017,GAUCHE,1,2,-1.4905937465169006,-0.7676518686403346,0.7806278354694375,-0.08393681884027804,-1.0002831470739368,GAUCHE,3
59114,Bruille-Saint-Amand,2017,DROITE,0,0,0.310979965944234,0.21192477379327865,0.5341360937330024,0.10041079394702702,0.42153770003857555,STABLE_DROITE,0
59115,Brunémont,2017,DROITE,0,0,-0.48434419712937077,-0.1768847282655206,-1.032153966622708,-0.5747208676362234,0.15613114191090624,STABLE_DROITE,0
59116,Bry,2017,DROITE,0,0,1.7448855738214626,1.2401026039842418,-1.032153966622708,-1.0009220170841333,-1.40408026765389,BASCULE_CENTRE,1
59117,Bugnicourt,2017,DROITE,0,0,-0.7668681090727927,-0.24880135069024784,0.34066199085273285,-0.31189828559154514,-0.30643457368303056,STABLE_DROITE,0
59118,Busigny,2017,DROITE,0,0,-0.2308467144952057,-1.3676138283205932,0.5285675648282266,0.4141827049599071,0.4234334611680585,STABLE_DROITE,0
59119,Buysscheure,2017,DROITE,0,0,-0.45918795839468346,-0.26784776210866873,-1.032153966622708,-0.7366679091903776,-0.6950656052271174,STABLE_DROITE,0
59120,Caëstre,2017,DROITE,0,0,0.29743429893324796,0.36199736031428476,0.3488583162667251,0.2243703769405479,-0.6400885324721003,STABLE_DROITE,0
59121,Cagnoncles,2017,DROITE,0,0,0.8218451217871336,0.2069989777367905,-1.032153966622708,-0.7007362976308908,0.6035307684689766,STABLE_DROITE,0
59122,Cambrai,2017,DROITE,0,0,0.4232154926066889,-1.056303517550541,1.4432165807632398,2.4507122351193518,2.182699789328607,STABLE_DROITE,0
59123,Camphin-en-Carembault,2017,DROITE,0,0,0.11940553250314631,1.051280421818862,0.6534752364453769,0.0875483179334524,-0.4467208972647988,BASCULE_CENTRE,1
59124,Camphin-en-Pévèle,2017,DROITE,0,0,1.934524911975267,1.7362944600744832,0.7507445762555456,0.37342441900363804,-0.3689946909559814,BASCULE_CENTRE,1
59125,Cantaing-sur-Escaut,2017,DROITE,0,0,-0.8462070158514254,0.3028878076364268,-1.032153966622708,-1.0359116207769121,-0.5149682979261992,STABLE_DROITE,0
59126,Cantin,2017,DROITE,0,0,-0.6333465342502171,-0.13714997340984939,0.31897505705283324,0.03953269825753782,-0.801228228478185,STABLE_DROITE,0
59127,Capelle,2017,DROITE,0,0,0.28388863192226194,0.5695375674943195,-1.032153966622708,-1.7717278365490268,-0.9358272686715029,BASCULE_CENTRE,1
59128,Capinghem,2017,DROITE,0,0,2.1802820134602974,1.194128507457019,1.421044017183282,0.3935769040360705,-0.2609363065754305,BASCULE_CENTRE,1
59129,Cappelle-en-Pévèle,2017,CENTRE,1,1,1.1237199866033916,1.057191377086648,0.75323125318728,0.3286829471687814,-0.7121274553924675,CENTRE,2
59130,Cappelle-Brouck,2017,DROITE,0,0,-0.21536595219693497,-0.2162910967174259,-1.032153966622708,-0.17957072929053589,-0.006904315224661687,STABLE_DROITE,0
59131,Cappelle-la-Grande,2017,DROITE,0,0,-0.44564229138369743,-0.7302158186110246,0.90172953615887,1.3266997600037749,0.43101650568599176,STABLE_DROITE,0
59132,Carnières,2017,DROITE,0,0,-0.021856423468563937,-0.16998861378643718,0.6771536318662451,-0.2310263337613323,-1.2107126324465884,STABLE_DROITE,0
59133,Carnin,2017,DROITE,0,0,0.837325884085403,1.2982269974508023,-1.032153966622708,-0.3158873250370817,-1.1121330537134544,BASCULE_CENTRE,1
59134,Cartignies,2017,DROITE,0,0,-0.5114355311513429,-0.696720405426905,-1.032153966622708,-0.12244157353623399,-0.31970490158941406,STABLE_DROITE,0
59135,Cassel,2017,DROITE,0,0,1.1798377499346202,0.03755159339359757,0.7030466385814694,0.35240151839261896,0.01963634058810531,BASCULE_CENTRE,1
59136,Le Cateau-Cambrésis,2017,DROITE,0,0,0.7812081207541756,-1.8040393589254449,1.289074359312165,1.2303153082455776,1.3637309813918,STABLE_DROITE,0
59137,Catillon-sur-Sambre,2017,DROITE,0,0,0.0555473880227842,-1.0241216499814851,0.17997631830547156,-0.4497782524412887,-0.056194104591228394,STABLE_DROITE,0
59138,Cattenières,2017,DROITE,0,0,-1.0184304964196758,-0.2254859160228705,-1.032153966622708,-0.6192170510553637,-0.6040690710119168,STABLE_DROITE,0
59139,Caudry,2017,DROITE,0,0,0.4406313501922429,-1.5561076240822072,1.4806344526781543,1.8078527935622222,1.7845899521371034,STABLE_DROITE,0
59140,Caullery,2017,DROITE,0,0,-0.016051137606712586,-0.7919524625190096,-1.032153966622708,-0.9405370570850049,1.2480895524933158,STABLE_DROITE,0
59141,Cauroir,2017,DROITE,0,0,-0.2772890013900137,-0.24880135069024784,-1.032153966622708,-0.7393955837749062,-0.010695837483628306,STABLE_DROITE,0
59142,Cerfontaine,2017,DROITE,0,0,-1.9298603767303022,-0.09413135451651941,-1.032153966622708,-0.6239255461819526,-0.03344497103742868,STABLE_DROITE,0
59143,La Chapelle-d'Armentières,2017,DROITE,0,0,0.4890087323743357,0.2585556431280333,1.3036027072816643,1.3794478252096847,0.3419157326002746,BASCULE_CENTRE,1
59144,Château-l'Abbaye,2017,DROITE,0,0,-0.06442851978880534,0.6716657390655075,-1.032153966622708,-0.40377547467259417,-0.20406347269092986,STABLE_DROITE,0
59145,Chemy,2017,DROITE,0,0,0.2239006780164665,1.723487390327614,-1.032153966622708,-0.5138838630792181,-0.9453060743189194,BASCULE_CENTRE,1
59146,Chéreng,2017,DROITE,0,0,1.611363998998887,2.051545407689726,0.7588780838725375,0.5592506214088191,-0.6287139656952001,BASCULE_CENTRE,1
59147,Choisies,2017,DROITE,0,0,-1.322240456523217,-0.04914241720059415,-1.032153966622708,-2.615958404610904,-0.17183553348971325,STABLE_DROITE,0
59148,Clairfayts,2017,DROITE,0,0,-1.4209303161746871,-0.46061058111923897,-1.032153966622708,-1.0787905604917694,1.8793780086112708,STABLE_DROITE,0
59149,Clary,2017,DROITE,0,0,-0.19795009461138227,-0.3542133862990946,0.28156711604501244,-0.22744216430490208,-0.11875422186417928,STABLE_DROITE,0
59150,Cobrieux,2017,DROITE,0,0,2.1783469181730153,2.6892718038030603,-1.032153966622708,-0.8153349694780833,-1.0306153251456704,BASCULE_CENTRE,1
59151,Colleret,2017,DROITE,0,0,-1.1384064042312654,-0.19264727564628273,0.5821320246830753,0.0749613657059278,0.722963719626428,STABLE_DROITE,0
59152,Comines,2017,DROITE,0,0,0.5780231155893851,-0.21924657435131883,1.1988496691827402,1.6825065343307362,1.4774766491608011,STABLE_DROITE,0
59153,Condé-sur-l'Escaut,2017,DROITE,0,0,0.7115446904119621,-1.9721731976535741,1.454933861934529,1.4886192375556715,2.633890938145644,STABLE_DROITE,0
59155,Coudekerque-Branche,2017,DROITE,0,0,-0.18633952288767958,-0.6642101514540831,1.2824395551817613,2.1088395131073168,0.6490290355765773,STABLE_DROITE,0
59156,Courchelettes,2017,DROITE,0,0,-0.26761352495359575,-0.5423787956569425,0.5544637084842442,0.5087279844113345,0.7438170920507448,STABLE_DROITE,0
59157,Cousolre,2017,DROITE,0,0,-0.42435624322357673,-0.8576297432721851,0.6538912042365679,0.3482672327845244,1.308753908636783,STABLE_DROITE,0
59158,Coutiches,2017,DROITE,0,0,0.9379508390241565,1.2617761066327897,0.6949241101881412,0.562418949459095,-0.8941205238228691,BASCULE_CENTRE,1
59159,Craywick,2017,DROITE,0,0,-1.4035144585891333,-0.27901289983670857,0.36625547854128365,-0.57583107812822,-1.127299142749321,STABLE_DROITE,0
59160,Crespin,2017,DROITE,0,0,-0.44951248195826404,-1.3800925116636966,1.1796599702168422,0.8917130716419523,1.5400367664337513,STABLE_DROITE,0
59161,Crèvecoeur-sur-l'Escaut,2017,DROITE,0,0,0.0981194843430256,0.30485812605902207,-1.032153966622708,-0.5442512195381823,-0.35003707966114767,STABLE_DROITE,0
59162,Crochte,2017,CENTRE,1,1,-0.1476376171420062,1.016799849423445,-1.032153966622708,-0.6239255461819526,-0.8353519288088852,CENTRE,2
59163,Croix,2017,DROITE,0,0,2.2422050626533774,-0.006780571114795925,1.4806344526781543,2.1113349204390293,0.3722479106720082,BASCULE_CENTRE,1
59164,Croix-Caluyau,2017,DROITE,0,0,0.2703429649112759,0.015878090745049638,-1.032153966622708,-1.3636316110267523,0.6547163189650276,STABLE_DROITE,0
59165,Cuincy,2017,DROITE,0,0,-0.35275771759407853,0.049701890332935046,1.1384561260500983,1.1680088169867602,0.22627430370179036,STABLE_DROITE,0
59166,Curgies,2017,DROITE,0,0,0.7212201668483801,1.0913435630782993,-1.032153966622708,-0.18973392921158672,0.017740579458621664,BASCULE_CENTRE,1
59167,Cuvillers,2017,DROITE,0,0,-1.0319761634306606,0.20272995448783407,-1.032153966622708,-1.584208262325581,0.31537507678750754,STABLE_DROITE,0
59168,Cysoing,2017,CENTRE,1,1,1.9403301978371184,1.2148168508942694,1.0350036650237513,0.9713282984290393,-0.1794185780076465,CENTRE,2
59169,Damousies,2017,DROITE,0,0,-1.7963388019077267,-0.1841092291483699,-1.032153966622708,-1.5881932825707878,-0.5016979700198158,STABLE_DROITE,0
59170,Dechy,2017,DROITE,0,0,-0.31212071656112045,-1.427380153805983,1.2478417673975115,1.0132527890841698,1.6101799282246354,STABLE_DROITE,0
59171,Dehéries,2017,DROITE,0,0,-0.40694038563802265,-0.04914241720059415,-1.032153966622708,-2.833816123483108,-3.453398048625391,BASCULE_CENTRE,1
59172,Denain,2017,DROITE,0,0,0.41547511145755417,-2.4929940340262564,1.4806344526781543,2.0512076295612216,2.3988165580897087,STABLE_DROITE,0
59173,Deûlémont,2017,DROITE,0,0,0.4832034465124843,0.9997237564276193,1.1373089586095553,0.10371164757132666,0.2205870203133401,BASCULE_CENTRE,1
59174,Dimechaux,2017,DROITE,0,0,-0.2753539061027304,-0.03797727947255431,-1.032153966622708,-1.1330659486280916,-0.5813199374581164,STABLE_DROITE,0
59175,Dimont,2017,DROITE,0,0,-1.016495401132391,-0.016632163227772258,-1.032153966622708,-1.210934492035728,-0.9434103131894361,BASCULE_CENTRE,1
59176,Doignies,2017,DROITE,0,0,-0.9332863037791916,-0.5430355684644743,-1.032153966622708,-1.165169913568745,-0.6344012490836504,STABLE_DROITE,0
59177,Dompierre-sur-Helpe,2017,DROITE,0,0,-0.7881541572329134,-0.4372951464518616,0.3427212051054199,-0.420942878420623,0.8006899259352455,STABLE_DROITE,0
59178,Douai,2017,DROITE,0,0,0.5780231155893851,-1.2618734063079806,1.4806344526781543,2.604065118885938,2.1542633723863562,STABLE_DROITE,0
59179,Douchy-les-Mines,2017,DROITE,0,0,-1.1771083099769388,-1.6280242465069343,1.1934519375547,1.569113426982032,1.3788970704276664,STABLE_DROITE,0
59180,Le Doulieu,2017,DROITE,0,0,0.29356410835867996,0.5426098823855176,-1.032153966622708,-0.006161491808820321,-1.3187710168271394,BASCULE_CENTRE,1
59181,Dourlers,2017,DROITE,0,0,-0.3392120505830925,0.22341829792508439,-1.032153966622708,-0.7298895914012202,-0.042923776684845566,STABLE_DROITE,0
59182,Drincham,2017,DROITE,0,0,-1.8950286615591954,-0.22384398400404112,-1.032153966622708,-1.4005733359473933,-0.6419842936015836,STABLE_DROITE,0
59183,Dunkerque,2017,DROITE,0,0,0.43482606433039156,-0.8385833318537642,1.4806344526781543,3.2355260077892414,1.0016406056604803,STABLE_DROITE,0
59184,Ebblinghem,2017,DROITE,0,0,-0.46112305368196677,-0.06720366940771744,-1.032153966622708,-0.6098833162648363,0.3589775827656247,STABLE_DROITE,0
59185,Ecaillon,2017,DROITE,0,0,-0.31986109771025517,-1.2979959107222272,0.35291638758428795,0.21828710026084736,1.229131941198482,STABLE_DROITE,0
59186,Eccles,2017,DROITE,0,0,1.286267990735224,-0.04914241720059415,-1.032153966622708,-2.238699614075844,-0.8467264955857854,STABLE_DROITE,0
59187,Eclaibes,2017,DROITE,0,0,-0.041207376341401314,0.4726635783833856,-1.032153966622708,-1.2464351541002767,-1.430620923466657,BASCULE_CENTRE,1
59188,Ecuélin,2017,DROITE,0,0,-3.330869364723709,0.6811889447747179,-1.032153966622708,-1.8400980960908868,-0.23060412850369685,STABLE_DROITE,0
59189,Eecke,2017,DROITE,0,0,0.5915687826003712,0.8122151198773032,-1.032153966622708,-0.14854617072028256,-0.7936451839602517,STABLE_DROITE,0
59190,Elesmes,2017,DROITE,0,0,-0.6101253908028117,1.1419150692582445,-1.032153966622708,-0.3198965827111113,-0.8315604065499186,STABLE_DROITE,0
59191,Elincourt,2017,DROITE,0,0,-0.014116042319429261,-1.1173833886509945,-1.032153966622708,-0.6751345534516888,0.3134793156580246,STABLE_DROITE,0
59192,Emerchicourt,2017,DROITE,0,0,-0.8191156818294535,-0.19855823091406852,0.15176073669407364,-0.4082572138325207,-0.3216006627188977,STABLE_DROITE,0
59193,Emmerin,2017,CENTRE,1,1,0.6999341186882594,1.1051357920364662,1.0169270879149543,0.606739200750728,-0.38605654112133153,CENTRE,2
59194,Englefontaine,2017,DROITE,0,0,0.24325163088930388,-0.8825871099583918,0.12025043666055556,-0.0947482606566798,0.2338573482197236,STABLE_DROITE,0
59195,Englos,2017,DROITE,0,0,1.3210997059063305,2.2239482696668116,1.4806344526781543,-0.702038396436344,-1.2751685108490223,BASCULE_CENTRE,1
59196,Ennetières-en-Weppes,2017,DROITE,0,0,2.0603061056487064,2.0489183164595985,1.2497618667678052,-0.08932406903213547,-1.0381983696636037,BASCULE_CENTRE,1
59197,Ennevelin,2017,DROITE,0,0,1.220474750967577,1.8203613794385478,0.25215712448283206,0.3118634183443864,-1.3415201503809395,BASCULE_CENTRE,1
59198,Eppe-Sauvage,2017,GAUCHE,1,2,-0.1998851898986656,-0.0005412294432442482,1.1594910204953963,-1.325467166970827,0.6566120800945106,GAUCHE,3
59199,Erchin,2017,DROITE,0,0,-0.7281662033271192,0.783317116345906,-1.032153966622708,-0.5938096894298367,-0.48463611985446564,BASCULE_CENTRE,1
59200,Eringhem,2017,DROITE,0,0,-0.602385009653677,-0.3377940661108007,-1.032153966622708,-0.8976758235782218,-0.2287083673742132,STABLE_DROITE,0
59201,Erquinghem-le-Sec,2017,DROITE,0,0,2.0293445810521678,1.7333389824405903,-1.032153966622708,-0.7231688640936993,-1.9443721895566444,BASCULE_CENTRE,1
59202,Erquinghem-Lys,2017,DROITE,0,0,0.17745839112165843,-0.0025115478658395145,1.1170815112620056,0.9788351148686378,0.3665606272835579,BASCULE_CENTRE,1
59203,Erre,2017,DROITE,0,0,-0.1457025218547215,-0.2566826243806289,0.38829627866349725,0.062170884308512135,-0.3253921849778643,STABLE_DROITE,0
59204,Escarmain,2017,DROITE,0,0,-0.6720484399958905,0.005698112228307429,-1.032153966622708,-0.9043794640861069,-0.5832156985875997,STABLE_DROITE,0
59205,Escaudain,2017,DROITE,0,0,-0.5230461028750456,-1.8240709295551634,1.3232190532431536,1.4810660628031809,2.209240445141374,STABLE_DROITE,0
59206,Escaudoeuvres,2017,DROITE,0,0,-0.12054628312003415,-0.7981918041905612,1.146616244266751,0.6319933397205089,0.41205889439115867,STABLE_DROITE,0
59207,Escautpont,2017,DROITE,0,0,-0.762997918498226,-1.9738151296724036,1.4737256467035786,0.8303065227738181,1.8717949640933376,STABLE_DROITE,0
59208,Escobecques,2017,DROITE,0,0,4.045713870401794,4.515756981548872,-1.032153966622708,-1.2595102426257347,-1.925414578261811,BASCULE_CENTRE,1
59209,Esnes,2017,DROITE,0,0,-1.0803535456127533,-0.30626897134927644,-1.032153966622708,-0.6098833162648363,0.21869125918385712,STABLE_DROITE,0
59210,Esquelbecq,2017,DROITE,0,0,-0.3334067647212412,0.08680955395847924,0.26780899678099906,0.2891143828077187,-1.2391490493888389,BASCULE_CENTRE,1
59211,Esquerchin,2017,DROITE,0,0,-0.3972649092016047,0.549505996864601,-1.032153966622708,-0.39224041553633593,-0.8979120460818357,STABLE_DROITE,0
59212,Estaires,2017,DROITE,0,0,0.06909305503377022,-0.4126661661694208,1.1775107613769162,1.1621047011628072,0.8841034156325124,STABLE_DROITE,0
59213,Estourmel,2017,DROITE,0,0,0.08263872204475625,0.8109015742622396,-1.032153966622708,-0.9196736539696282,-1.0647390254763707,STABLE_DROITE,0
59214,Estrées,2017,DROITE,0,0,0.5393212098437118,0.7645990913312509,-1.032153966622708,-0.21749203505064788,-0.774687572665418,STABLE_DROITE,0
59215,Estreux,2017,DROITE,0,0,1.057926746835746,1.2230265109884162,0.4325452959934614,-0.34937918202955354,-1.00786619159187,BASCULE_CENTRE,1
59216,Eswars,2017,DROITE,0,0,-0.12635156898188413,0.9005510624903242,-1.032153966622708,-1.1353163764495091,-0.9130781351177025,STABLE_DROITE,0
59217,Eth,2017,DROITE,0,0,0.8837681709802124,2.9014094206358174,-1.032153966622708,-1.169864436817567,-0.19268890591403,STABLE_DROITE,0
59218,Etroeungt,2017,DROITE,0,0,-0.34308224115766056,-1.0947247267911488,0.24818192436678324,-0.08632662381720156,0.8746246099850955,STABLE_DROITE,0
59219,Estrun,2017,DROITE,0,0,0.823780217074417,0.7117288803249445,-1.032153966622708,-0.57583107812822,-1.083696636771204,STABLE_DROITE,0
59220,Faches-Thumesnil,2017,GAUCHE,1,2,1.4623616618780408,-0.15061381596425039,1.4806344526781543,1.961081807118798,1.0111194113078972,GAUCHE,3
59221,Famars,2017,CENTRE,1,1,0.6244654024841946,0.3718489524272611,0.9306566104166223,0.41956707905337004,0.4670359671461756,CENTRE,2
59222,Faumont,2017,DROITE,0,0,0.4986842088107537,1.2657167434779804,0.5004849845505591,0.29799823673480613,-0.7159189776514344,BASCULE_CENTRE,1
59223,Le Favril,2017,DROITE,0,0,-0.19601499932409897,-0.34304824857105476,-1.032153966622708,-0.82898674381291,-0.2495617397985306,STABLE_DROITE,0
59224,Féchain,2017,DROITE,0,0,0.5818933061639532,-0.17163054580526654,0.3760756253397677,0.13417494519822945,0.7912111202878286,STABLE_DROITE,0
59225,Feignies,2017,DROITE,0,0,-0.762997918498226,-1.1459530057786258,1.1174767598438964,1.225771787163043,0.9352889661285627,STABLE_DROITE,0
59226,Felleries,2017,DROITE,0,0,0.7521816914449202,-0.5312136579289026,0.37347201969284827,-0.038723093352171126,-0.17373129461919623,STABLE_DROITE,0
59227,Fenain,2017,DROITE,0,0,-0.8907142074589502,-1.0628712456258587,0.9879381680315327,1.0156336030581137,0.9371847272580464,STABLE_DROITE,0
59228,Férin,2017,DROITE,0,0,-0.44757738667098074,0.5997491166407802,0.18968881724744108,-0.0007730183445173301,-0.5415089537389662,STABLE_DROITE,0
59229,Féron,2017,DROITE,0,0,0.5064245899598884,-0.5880245057803996,-1.032153966622708,-0.753176853004054,-0.2647278288343971,BASCULE_CENTRE,1
59230,Ferrière-la-Grande,2017,DROITE,0,0,-0.8907142074589502,-1.1581033027179632,1.109523740937911,1.0138486647023275,0.9333932049990797,STABLE_DROITE,0
59231,Ferrière-la-Petite,2017,DROITE,0,0,-1.159692452391386,-0.8724071314416496,-1.032153966622708,-0.2536181688896581,0.04238547414190569,STABLE_DROITE,0
59232,La Flamengrie,2017,DROITE,0,0,-0.8113753006803187,0.6256916425382846,-1.032153966622708,-1.0104871257195926,-0.5471962371274162,STABLE_DROITE,0
59233,Flaumont-Waudrechies,2017,DROITE,0,0,-0.7746084902219273,-0.4422209425083498,-1.032153966622708,-1.0663004350126046,0.8480839541723292,STABLE_DROITE,0
59234,Flers-en-Escrebieux,2017,DROITE,0,0,-0.768803204360076,-1.1406988233183717,1.4806344526781543,1.093803886282205,0.44807835585134187,STABLE_DROITE,0
59236,Flesquières,2017,DROITE,0,0,0.7773379301796075,-0.2711316261463275,-1.032153966622708,-1.3636316110267523,-0.7026486497450509,STABLE_DROITE,0
59237,Flêtre,2017,DROITE,0,0,-0.1244164736946008,0.4841571025151913,-1.032153966622708,-0.32716485601300843,-0.8391434510678522,STABLE_DROITE,0
59238,Flines-lès-Mortagne,2017,DROITE,0,0,-0.8210507771167368,0.600734275852078,-0.1655081300355679,0.09185909070383204,1.121073556817931,STABLE_DROITE,0
59239,Flines-lez-Raches,2017,DROITE,0,0,-0.3488875270195119,0.3869547270004915,0.8595506486140886,1.0478059443085534,-0.06946443249761189,STABLE_DROITE,0
59240,Floursies,2017,DROITE,0,0,0.7173499762738135,0.82600734883547,-1.032153966622708,-1.9271115372544803,0.21110821466592322,STABLE_DROITE,0
59241,Floyon,2017,DROITE,0,0,-1.2429015497445854,-0.7558299581047631,-1.032153966622708,-0.8138325476670698,0.41774617777960893,STABLE_DROITE,0
59242,Fontaine-au-Bois,2017,DROITE,0,0,-1.4809182700804813,-0.04815725798929652,-1.032153966622708,-0.5983689230640552,-1.3585820005462896,STABLE_DROITE,0
59243,Fontaine-au-Pire,2017,DROITE,0,0,-0.10506552082176342,-0.5019872679937396,0.15916542114259424,-0.15374175488767505,-0.4467208972647988,STABLE_DROITE,0
59244,Fontaine-Notre-Dame,2017,DROITE,0,0,-0.2540678579426097,0.08976503159237213,0.554951310657213,0.15030972239728965,-0.6059648321414001,STABLE_DROITE,0
59246,Forest-en-Cambrésis,2017,DROITE,0,0,-0.952637256652029,-0.6628966058390197,-1.032153966622708,-0.7714591298830265,-0.9149738962471858,STABLE_DROITE,0
59247,Forest-sur-Marque,2017,CENTRE,1,1,2.3679862563268173,1.4295815589571532,1.261002922571533,-0.014313657871216025,-0.09410932718089592,CENTRE,2
59249,Fourmies,2017,DROITE,0,0,0.07102815032105356,-1.9124068721681844,1.4806344526781543,1.6663560172922869,2.226302295306724,STABLE_DROITE,0
59250,Fournes-en-Weppes,2017,DROITE,0,0,1.8435754334729328,1.9983468102796536,0.6157374536570839,0.3226404902980536,-0.5149682979261992,BASCULE_CENTRE,1
59251,Frasnoy,2017,DROITE,0,0,1.4604265665907574,0.82600734883547,-1.032153966622708,-1.0725208459326578,-1.0476771753110206,STABLE_DROITE,0
59252,Frelinghien,2017,DROITE,0,0,0.8063643594888643,0.6913689232914602,1.0068629182143192,0.3863678456037422,-0.12823302751159615,BASCULE_CENTRE,1
59253,Fresnes-sur-Escaut,2017,DROITE,0,0,0.09231419848117425,-1.6966570048940028,1.2502409682482836,1.2973859505567464,1.8547331139279875,STABLE_DROITE,0
59254,Fressain,2017,DROITE,0,0,-0.565618199195287,0.5964652526031214,-1.032153966622708,-0.40377547467259417,-0.5263428647030994,STABLE_DROITE,0
59255,Fressies,2017,DROITE,0,0,-1.2951491225012464,-0.40150102844138097,-1.032153966622708,-0.7559621546342737,-0.26283206770491413,STABLE_DROITE,0
59256,Fretin,2017,CENTRE,1,1,1.220474750967577,0.8519498747329743,1.298157253929715,0.656232104324164,-0.7500426779821346,CENTRE,2
59257,Fromelles,2017,DROITE,0,0,0.5973740684622225,1.3681733014529343,-1.032153966622708,-0.3748162562983624,-1.0950712035481043,BASCULE_CENTRE,1
59258,Genech,2017,CENTRE,1,1,1.533960187507539,1.5225149112228966,0.8101144065937337,0.47443670860832954,-0.49790644776084914,CENTRE,2
59259,Ghissignies,2017,CENTRE,1,1,0.6979990234009761,1.1271376810887799,-1.032153966622708,-0.8153349694780833,-1.2334617660003884,CENTRE,2
59260,Ghyvelde,2017,DROITE,0,0,-0.49014948299122213,0.30452973965525615,0.9927838692017328,0.8267301997115485,-0.29316424577664707,STABLE_DROITE,0
59261,Glageon,2017,DROITE,0,0,-0.0005703753084432338,-1.4165434024817092,0.38574335810587085,0.17175513953762248,0.7210679584969444,STABLE_DROITE,0
59262,Godewaersvelde,2017,DROITE,0,0,0.6979990234009761,0.014236158726220251,0.0703092702535819,0.2630030839310448,-0.8599968234921689,STABLE_DROITE,0
59263,Goeulzin,2017,DROITE,0,0,0.6244654024841946,0.9521077278815671,-1.032153966622708,-0.29224936561488235,0.19973364788902337,STABLE_DROITE,0
59264,Gognies-Chaussée,2017,DROITE,0,0,-1.4499567454839426,0.2693923944523073,0.22626615637155273,-0.5180037934639357,1.6784273288860359,STABLE_DROITE,0
59265,Gommegnies,2017,DROITE,0,0,0.4193453020321222,0.4388397787955002,0.29576727882867465,0.3482672327845244,-0.2647278288343971,STABLE_DROITE,0
59266,Gondecourt,2017,CENTRE,1,1,1.0540565562611781,0.9741096169338809,1.031611507008495,0.7904436058219922,-0.1263372663821125,CENTRE,2
59267,Gonnelieu,2017,DROITE,0,0,-1.5254254616880074,-0.4875382662280409,-1.032153966622708,-1.2234311950003578,1.3049623863778164,STABLE_DROITE,0
59268,La Gorgue,2017,DROITE,0,0,-0.42822643379814335,-0.506256291242696,1.1373089586095553,1.0659977087300607,0.12579896383917263,STABLE_DROITE,0
59269,Gouzeaucourt,2017,DROITE,0,0,-0.7978296336693327,-1.0211661723475922,0.6650186037289688,0.036976880700650396,0.5352833678075761,STABLE_DROITE,0
59270,Grand-Fayt,2017,DROITE,0,0,-0.06636361507609004,-0.645820512843194,-1.032153966622708,-0.8413226639227506,-0.05240258233226178,STABLE_DROITE,0
59271,Grande-Synthe,2017,GAUCHE,1,2,0.823780217074417,-1.908137848919228,1.4806344526781543,2.183197226838935,2.440523302938342,GAUCHE,3
59272,Grand-Fort-Philippe,2017,DROITE,0,0,-0.9061949697572196,-0.8632123121362051,0.7007367036322028,0.9788351148686378,1.0869498564872309,STABLE_DROITE,0
59273,Gravelines,2017,DROITE,0,0,0.18519877227079312,-0.3893507315020435,1.1892406871882544,1.6222011966825625,0.7343382864033279,STABLE_DROITE,0
59274,La Groise,2017,DROITE,0,0,-0.7049450598797139,-0.9354573209646981,-1.032153966622708,-0.8714153258460142,0.6054265295984602,STABLE_DROITE,0
59275,Gruson,2017,DROITE,0,0,2.842084601711327,4.3778346919672035,0.16283501493131075,-0.15962787019213792,-2.075179707490996,BASCULE_CENTRE,1
59276,Guesnain,2017,DROITE,0,0,-0.8849089215970989,-1.2106451273205037,1.1585669560266305,0.9089024669777592,0.7324425252738442,STABLE_DROITE,0
59277,Gussignies,2017,DROITE,0,0,-0.782348871371062,0.18663902070330607,-1.032153966622708,-1.165169913568745,-0.2419786952805967,BASCULE_CENTRE,1
59278,Hallennes-lez-Haubourdin,2017,DROITE,0,0,0.4386962549049582,0.4477062116971789,1.018318551808884,0.8374110243563884,-0.4353463304878986,STABLE_DROITE,0
59279,Halluin,2017,DROITE,0,0,0.2567972979002899,-0.43368289601043697,1.4427479617874719,2.09011705094521,1.4395614265711336,STABLE_DROITE,0
59280,Hamel,2017,DROITE,0,0,-1.2506419308937202,0.310440694923042,0.4021533297327906,-0.5046917343198016,-0.48653188098394895,STABLE_DROITE,0
59281,Hantay,2017,DROITE,0,0,0.4890087323743357,0.18696740710707194,0.25610711707293343,-0.09717100327248622,-0.9206611796356361,BASCULE_CENTRE,1
59282,Hardifort,2017,DROITE,0,0,-0.21730104748421966,0.19649061281628238,-1.032153966622708,-1.0642377875708695,-0.7102316942629842,STABLE_DROITE,0
59283,Hargnies,2017,DROITE,0,0,-0.1902097134622476,0.6949811737328848,-1.032153966622708,-0.702038396436344,-0.5111767756672326,STABLE_DROITE,0
59284,Hasnon,2017,DROITE,0,0,0.45224192191594426,0.08746632676601099,0.7700204579941016,0.7635244695457379,0.9049567880568291,STABLE_DROITE,0
59285,Haspres,2017,DROITE,0,0,-0.4920845782785055,-0.5978760978933758,0.4495162287776887,0.4953614367282895,0.3267496435644081,STABLE_DROITE,0
59286,Haubourdin,2017,DROITE,0,0,0.3864486821482988,-0.5886812785879313,1.3896865361595632,1.8315619289103693,1.0433473505091138,STABLE_DROITE,0
59287,Haucourt-en-Cambrésis,2017,DROITE,0,0,0.19680934399449443,-0.24683103226765254,-1.032153966622708,-1.5684659548025242,-1.8628544609888604,STABLE_DROITE,0
59288,Haulchin,2017,DROITE,0,0,-0.2772890013900137,-0.8504052423893359,1.0885647461543215,0.34097982798191256,0.03669819075345543,STABLE_DROITE,0
59289,Haussy,2017,DROITE,0,0,-0.25019766736804167,-0.594920620259483,-1.032153966622708,0.033898959129723225,0.37793519406045845,STABLE_DROITE,0
59290,Haut-Lieu,2017,DROITE,0,0,-0.9971444482595537,-0.2047975725856202,-1.032153966622708,-1.0418967049086407,0.24144039273765683,STABLE_DROITE,0
59291,Hautmont,2017,DROITE,0,0,-0.5694883897698549,-1.9767706073062965,1.2489625445175359,1.8108487938736204,3.4926707298016013,STABLE_DROITE,0
59292,Haveluy,2017,DROITE,0,0,-0.9507021613647457,-1.7597071944170513,0.922334890414347,0.5954476155036905,0.6509247967060603,STABLE_DROITE,0
59293,Haverskerque,2017,DROITE,0,0,-0.7204258221779832,0.09895985089781671,-1.032153966622708,-0.017598194821600115,0.32485388243492447,STABLE_DROITE,0
59294,Haynecourt,2017,DROITE,0,0,-1.1480818806676834,-0.3138218586358916,-1.032153966622708,-1.1937642863698243,0.03669819075345543,STABLE_DROITE,0
59295,Hazebrouck,2017,DROITE,0,0,0.3690328245627448,-0.605428985179991,1.2919176851232026,2.1265821118991894,0.7059018694610779,STABLE_DROITE,0
59296,Hecq,2017,DROITE,0,0,0.7425062150085008,0.009638749073497961,-1.032153966622708,-1.1196961963459398,-0.018278882001561542,STABLE_DROITE,0
59297,Hélesmes,2017,DROITE,0,0,-0.11667609254546613,-0.19363243485758036,0.43962391471455126,0.23160908898183474,0.8575627598197454,STABLE_DROITE,0
59299,Hem,2017,DROITE,0,0,1.6636115717555464,-0.12007388041402374,1.3562626161732831,2.018439813527884,0.749504375439195,BASCULE_CENTRE,1
59300,Hem-Lenglet,2017,DROITE,0,0,0.16391272411067243,-0.43138419118407584,-1.032153966622708,-0.7448793135056743,-0.6078605932708834,STABLE_DROITE,0
59301,Hergnies,2017,DROITE,0,0,-0.43983700552184607,-0.1801685923031794,0.6077284780460757,0.8677193992238491,1.5684731833760013,STABLE_DROITE,0
59302,Hérin,2017,DROITE,0,0,-0.9042598744699363,-0.9150973639312138,1.078761479372457,0.7998676916244029,0.4992639063473929,STABLE_DROITE,0
59303,Herlies,2017,CENTRE,1,1,0.5354510192691437,1.164902117521856,0.6245171866579341,0.38834047716393844,-0.30264305142406395,CENTRE,2
59304,Herrin,2017,CENTRE,1,1,0.9998738882172353,1.355037845302299,-1.032153966622708,-0.9858544215966079,-1.182276215504338,CENTRE,2
59305,Herzeele,2017,DROITE,0,0,-0.46305814896925007,0.11308046625974945,1.0571579112392475,0.07934108997441575,-0.6059648321414001,STABLE_DROITE,0
59306,Hestrud,2017,DROITE,0,0,-1.1519520712422513,-0.8238059436842997,-1.032153966622708,-1.2701281852127722,1.479372410290284,STABLE_DROITE,0
59307,Holque,2017,DROITE,0,0,-1.4267356020365385,-0.6655236970691467,-1.032153966622708,-0.39048062649974474,0.07271765221363931,STABLE_DROITE,0
59308,Hondeghem,2017,DROITE,0,0,-0.2966399542628511,0.7363578606073854,-1.032153966622708,-0.3304167612946005,-1.669486825781559,BASCULE_CENTRE,1
59309,Hondschoote,2017,DROITE,0,0,1.0076142693663699,-0.6231618509833484,0.7960422531177211,0.8086019523800991,0.6945273026841774,STABLE_DROITE,0
59310,Hon-Hergies,2017,DROITE,0,0,0.667037498804436,0.9337180892706779,-1.032153966622708,-0.43198061349653805,0.029115146235522193,STABLE_DROITE,0
59311,Honnechy,2017,DROITE,0,0,0.11747043721586298,-1.421797584941963,-1.032153966622708,-0.7858156917535096,0.1314862472276229,STABLE_DROITE,0
59312,Honnecourt-sur-Escaut,2017,DROITE,0,0,0.9069893144276164,-0.6783307668160159,-1.032153966622708,-0.492599399285099,0.15423538078142326,STABLE_DROITE,0
59313,Hordain,2017,DROITE,0,0,-0.8849089215970989,-0.2727735581651569,0.21374908930561495,-0.03591105752299691,-1.2581066606836722,STABLE_DROITE,0
59314,Hornaing,2017,DROITE,0,0,-0.5191759123004775,-0.9236354104291266,1.0052090647075618,0.6959399855369202,0.2641895262914572,STABLE_DROITE,0
59315,Houdain-lez-Bavay,2017,DROITE,0,0,0.6476865459316,-0.0455301667591695,-1.032153966622708,-0.4109584965226256,0.5921562016920767,STABLE_DROITE,0
59316,Houplin-Ancoisne,2017,DROITE,0,0,1.1024339384432709,0.6821741039860156,1.2874222717407848,0.6701507891584466,-0.535821670350516,BASCULE_CENTRE,1
59317,Houplines,2017,DROITE,0,0,-0.05475304335238734,-0.29805931125512947,1.2971216564440375,1.321872129940751,1.6575739564617191,STABLE_DROITE,0
59318,Houtkerque,2017,DROITE,0,0,-0.8578175875751268,0.12490237679532105,-1.032153966622708,-0.302405873533127,0.37793519406045845,STABLE_DROITE,0
59319,Hoymille,2017,DROITE,0,0,-0.5578778180461523,0.5600143617851091,0.4211703300888738,0.6190992154339992,-0.6912740829681506,STABLE_DROITE,0
59320,Illies,2017,DROITE,0,0,0.39612415858471683,0.2670936896259461,0.3642727339150088,0.03800019888437271,-1.3092922111797225,STABLE_DROITE,0
59321,Inchy,2017,DROITE,0,0,0.6457514506443153,-1.239543130851901,-1.032153966622708,-0.5463891258279364,0.9106440714452794,STABLE_DROITE,0
59322,Iwuy,2017,DROITE,0,0,-0.0721689009379414,-1.0746931561614304,0.8927261383122538,0.6461042100190022,0.057551563177772165,STABLE_DROITE,0
59323,Jenlain,2017,DROITE,0,0,0.827650407648985,1.1665440495406854,0.19492340052351326,-0.20696826769387777,-0.7140232165219511,BASCULE_CENTRE,1
59324,Jeumont,2017,DROITE,0,0,-0.588839342642691,-1.7541246255530314,1.332100824147872,1.5288420810743126,3.297407333464816,STABLE_DROITE,0
59325,Jolimetz,2017,DROITE,0,0,0.007170005840691442,0.8762504686116493,-1.032153966622708,-0.4136690354821792,-0.5756326540696665,BASCULE_CENTRE,1
59326,Killem,2017,DROITE,0,0,-1.5215552711134395,-0.6379392391528129,-1.032153966622708,-0.24260604423606147,-0.3405582740137308,STABLE_DROITE,0
59327,Lallaing,2017,DROITE,0,0,0.009105101127974767,-1.3268939142536245,1.1137117338631468,1.1316478667506367,0.6168010963753601,STABLE_DROITE,0
59328,Lambersart,2017,CENTRE,1,1,2.7511351232089925,1.3662029830303388,1.2415602512013943,2.3178812275560547,0.10304983028537293,CENTRE,2
59329,Lambres-lez-Douai,2017,DROITE,0,0,0.028456054000812143,-0.0911758768826265,1.160782412105305,0.9898099394808982,-0.06567291023864527,STABLE_DROITE,0
59330,Landas,2017,DROITE,0,0,1.021159936377356,1.0184417814422744,0.5063091061845475,0.3863678456037422,-0.3253921849778643,BASCULE_CENTRE,1
59331,Landrecies,2017,DROITE,0,0,0.21229010629276518,-1.4227827441532608,0.7843487420999263,0.6820186666969085,0.9333932049990797,STABLE_DROITE,0
59332,Lannoy,2017,DROITE,0,0,1.1353305583270943,-1.051706107897819,1.289074359312165,0.13688703304022237,3.0395838198550806,BASCULE_CENTRE,1
59333,Larouillies,2017,DROITE,0,0,-0.8345964441277228,-0.4077403701129326,-1.032153966622708,-1.378814895705811,0.01963634058810531,STABLE_DROITE,0
59334,Lauwin-Planque,2017,DROITE,0,0,-0.5869042473554077,0.3186503550171889,1.1580118586387946,0.12001241256195554,-0.9415145520599528,STABLE_DROITE,0
59335,Lecelles,2017,DROITE,0,0,0.9205349814386025,0.8762504686116493,0.2762527849581534,0.5050533939213128,0.01015753494068843,BASCULE_CENTRE,1
59336,Lécluse,2017,DROITE,0,0,-1.1345362136566974,-0.7860415072512238,0.8559534581891746,-0.058114723952672906,0.25660648177352396,STABLE_DROITE,0
59337,Lederzeele,2017,DROITE,0,0,-0.3488875270195119,-0.2195749607550847,-1.032153966622708,-0.6262903456881908,-0.02586192651949545,STABLE_DROITE,0
59338,Ledringhem,2017,DROITE,0,0,-0.5501374368970176,0.6332445298248998,-1.032153966622708,-0.6298508536306863,-1.8438968496940271,STABLE_DROITE,0
59339,Leers,2017,DROITE,0,0,0.11553534192857966,0.4562442581950917,1.4806344526781543,1.4775937491674136,0.6793612136483109,BASCULE_CENTRE,1
59340,Leffrinckoucke,2017,DROITE,0,0,0.3690328245627448,0.058896709638379625,1.0356798855470024,0.8426053900384356,-0.042923776684845566,BASCULE_CENTRE,1
59341,Lesdain,2017,DROITE,0,0,0.18906896284535976,-0.2018420949517273,-1.032153966622708,-1.0143457911550262,-0.09790084943986253,STABLE_DROITE,0
59342,Lez-Fontaine,2017,DROITE,0,0,-0.48240910184208746,0.3895818182306185,-1.032153966622708,-1.4594370429100256,-1.3206667779566228,BASCULE_CENTRE,1
59343,Lesquin,2017,CENTRE,1,1,0.874092694543793,0.6976082649630119,1.4806344526781543,1.3291025711535374,-0.5490919982568995,CENTRE,2
59344,Leval,2017,DROITE,0,0,-1.825365231216982,-1.1039195460965934,0.6108553273577197,0.4068391319550663,1.1760506295729487,STABLE_DROITE,0
59345,Lewarde,2017,DROITE,0,0,-0.6565676776976211,-0.7623976861800806,0.7363413508907081,0.39292424323526753,0.21300397579540686,STABLE_DROITE,0
59346,Lezennes,2017,GAUCHE,1,2,1.4875179006127295,0.9012078352978561,1.4806344526781543,0.5989778565685967,0.017740579458621664,GAUCHE,3
59347,Liessies,2017,DROITE,0,0,-0.1457025218547215,-0.17425763703539357,-1.032153966622708,-0.8063629468775881,-0.3519328407906313,STABLE_DROITE,0
59348,Lieu-Saint-Amand,2017,DROITE,0,0,-0.7417118703381039,-0.035678574646193166,0.30457183168799573,-0.08393681884027804,-0.25904054544594685,STABLE_DROITE,0
59349,Ligny-en-Cambrésis,2017,DROITE,0,0,-0.8036349195311827,-0.7807873247909698,0.43135766599755443,0.20058453041158208,0.24333615386714047,STABLE_DROITE,0
59350,Lille,2017,GAUCHE,1,2,3.145894561814871,-0.8195369204353433,1.4806344526781543,4.002868949960344,1.3732097870392168,GAUCHE,3
59351,Limont-Fontaine,2017,DROITE,0,0,-1.353201981119757,-0.46553637717572716,-1.032153966622708,-0.762968620686642,0.9637253830708133,STABLE_DROITE,0
59352,Linselles,2017,DROITE,0,0,0.9379508390241565,0.6181387552516694,1.0201690150907352,1.3722866222474432,0.11632015819175574,BASCULE_CENTRE,1
59353,Locquignol,2017,DROITE,0,0,-1.5215552711134395,-0.08362298959601132,-1.032153966622708,-1.0914810708433051,-0.32918370723683094,STABLE_DROITE,0
59354,Loffre,2017,DROITE,0,0,-0.44564229138369743,1.4111919203462642,-1.032153966622708,-0.5474602496824594,-0.9813255357791033,STABLE_DROITE,0
59356,Lompret,2017,DROITE,0,0,2.83821441113676,3.324042722282502,0.7960422531177211,0.35240151839261896,-1.3017091666617893,BASCULE_CENTRE,1
59357,La Longueville,2017,DROITE,0,0,-0.32373128828482317,-0.05078434921942354,0.7174806052849185,0.2865043526670082,0.5959477239510433,STABLE_DROITE,0
59358,Looberghe,2017,DROITE,0,0,-1.0532622115907826,-0.18181052432200875,-1.032153966622708,-0.17353490211543401,-0.2249168451152466,STABLE_DROITE,0
59359,Loon-Plage,2017,DROITE,0,0,-0.5249811981623289,-0.5988612571046735,1.1880070236900648,1.1374008000767233,-0.113066938475729,STABLE_DROITE,0
59360,Loos,2017,DROITE,0,0,0.6689725940917207,-1.0037616929480007,1.4226196290115938,2.1407172920641946,1.813026369079354,AUTRE,4
59361,Lourches,2017,DROITE,0,0,-0.42822643379814335,-2.3682072005952226,1.4806344526781543,0.778102253216982,2.0481007491352887,STABLE_DROITE,0
59363,Louvignies-Quesnoy,2017,DROITE,0,0,0.18906896284535976,0.09370566843756266,-1.032153966622708,-0.3586114070422954,-0.2495617397985306,STABLE_DROITE,0
59364,Louvil,2017,CENTRE,1,1,2.4628059254037207,2.838359231112769,-1.032153966622708,-0.45548278326278235,-1.1614228430800213,CENTRE,2
59365,Louvroil,2017,GAUCHE,1,2,-0.575293675631705,-2.3872536120136436,1.4806344526781543,1.1806518683570144,2.387441991312808,GAUCHE,3
59366,Lynde,2017,DROITE,0,0,-0.5133706264386262,0.4220920722034404,-1.032153966622708,-0.5336475105447127,-0.8258731231614687,STABLE_DROITE,0
59367,Lys-lez-Lannoy,2017,DROITE,0,0,0.13875648537598367,-0.2862374007195579,1.370506544127181,1.742282552575529,0.11063287480330616,BASCULE_CENTRE,1
59368,La Madeleine,2017,CENTRE,1,1,3.327793518819539,0.512069946835291,1.4561967928225463,2.1106652854828667,1.2367149857164152,CENTRE,2
59369,Maing,2017,DROITE,0,0,0.1600425335361044,-0.09544490013158291,0.7662127055505263,0.8041498247699861,0.8689373265966459,STABLE_DROITE,0
59370,Mairieux,2017,DROITE,0,0,0.2490569167511552,0.8680408085175024,-1.032153966622708,-0.5442512195381823,0.21869125918385712,STABLE_DROITE,0
59371,Le Maisnil,2017,DROITE,0,0,2.3544405893158324,2.7690696999181688,-1.032153966622708,-0.6552335076975065,-1.246732093906772,BASCULE_CENTRE,1
59372,Malincourt,2017,DROITE,0,0,-0.8674930640115462,-0.4366383736443299,-1.032153966622708,-0.8351306569962668,0.6471332744470937,STABLE_DROITE,0
59374,Marbaix,2017,DROITE,0,0,0.13682139008870037,-0.12171581243285313,-1.032153966622708,-0.8746506057985097,-1.0002831470739368,STABLE_DROITE,0
59375,Marchiennes,2017,DROITE,0,0,0.4425664454795262,0.07859989386433229,1.1541122642583408,0.8989781661222849,0.013949057199655047,STABLE_DROITE,0
59377,Marcoing,2017,DROITE,0,0,-1.227420787446316,-0.23829298576973973,0.25610711707293343,0.1930548875069474,0.057551563177772165,STABLE_DROITE,0
59378,Marcq-en-Baroeul,2017,DROITE,0,0,3.190401753422394,1.704440978909193,1.4806344526781543,2.5868857842034716,0.10873711367382251,BASCULE_CENTRE,1
59379,Marcq-en-Ostrevent,2017,DROITE,0,0,-0.782348871371062,-0.05997916852486812,-1.032153966622708,-0.5582520247821616,-0.20785499494989648,STABLE_DROITE,0
59381,Maresches,2017,DROITE,0,0,0.19874443928177915,0.4326004371239485,0.28232261855625607,-0.45548278326278235,0.57130282926776,BASCULE_CENTRE,1
59382,Maretz,2017,DROITE,0,0,-0.23471690506977233,-1.4976548442118809,0.061761462105485734,-0.006161491808820321,-0.431554808228932,STABLE_DROITE,0
59383,Marly,2017,DROITE,0,0,0.0671579597464869,-1.0077023297931913,1.376661719191022,1.6245441589977654,1.3656267425212836,STABLE_DROITE,0
59384,Maroilles,2017,DROITE,0,0,0.20067953456906246,-0.7174087488641554,0.08706084765242207,-0.045513047881167716,1.4509359933480341,STABLE_DROITE,0
59385,Marpent,2017,DROITE,0,0,-1.1209905466457113,-1.137086572876947,0.9242237297256548,0.4956481957837038,1.3883758760750833,STABLE_DROITE,0
59386,Marquette-lez-Lille,2017,CENTRE,1,1,1.2746574190115212,0.38728311340425736,1.3179431296274273,1.5471879558341048,0.5561367402318929,CENTRE,2
59387,Marquette-en-Ostrevant,2017,DROITE,0,0,-0.30825052598655384,-0.7101842479813061,0.21878613894238477,0.18460368697305254,0.029115146235522193,STABLE_DROITE,0
59388,Marquillies,2017,DROITE,0,0,1.0966286525814208,1.003336006869044,0.13763514854397693,0.23600035602636357,-0.3405582740137308,BASCULE_CENTRE,1
59389,Masnières,2017,DROITE,0,0,-0.962312733088447,-0.8244627164918316,0.5750933990116068,0.480012495771183,0.015844818329138692,STABLE_DROITE,0
59390,Masny,2017,DROITE,0,0,-0.6449571059739184,-1.4966696850005832,0.9534342360093622,0.8153292118788793,0.9239143993516629,STABLE_DROITE,0
59391,Mastaing,2017,DROITE,0,0,-1.1113150702092933,0.0976463052827532,-1.032153966622708,-0.43198061349653805,-0.8296646454204353,STABLE_DROITE,0
59392,Maubeuge,2017,DROITE,0,0,0.4193453020321222,-1.970202879230979,1.4806344526781543,2.374810871695611,2.8083009620581123,AUTRE,4
59393,Maulde,2017,DROITE,0,0,0.23938144031473585,0.04904511752540329,-1.032153966622708,-0.29380344243242945,1.2916920584714329,STABLE_DROITE,0
59394,Maurois,2017,DROITE,0,0,-0.3972649092016047,-1.0549899719354776,-1.032153966622708,-1.0479274190929162,1.049034633897564,STABLE_DROITE,0
59395,Mazinghien,2017,DROITE,0,0,0.5644774485784005,-0.4957479263221879,-1.032153966622708,-1.2412650386645037,0.7855238368993783,STABLE_DROITE,0
59396,Mecquignies,2017,DROITE,0,0,-0.08377947266164272,0.26906400804854136,-1.032153966622708,-0.5972266487201471,-0.7690002892769681,STABLE_DROITE,0
59397,Merckeghem,2017,DROITE,0,0,-1.4093197444509844,0.5104280148164615,-1.032153966622708,-0.7285408701099451,-0.5187598201851659,STABLE_DROITE,0
59398,Mérignies,2017,DROITE,0,0,2.4531304489673,3.643562693146701,1.080021584476811,0.5616280563630158,-1.3509989560283564,BASCULE_CENTRE,1
59399,Merris,2017,DROITE,0,0,0.39225396801015017,0.8095880286471762,-1.032153966622708,-0.28683401544759773,-0.5415089537389662,BASCULE_CENTRE,1
59400,Merville,2017,DROITE,0,0,-0.6062552002282451,-0.8152678971863869,1.2451114550075462,1.501746564537635,0.749504375439195,STABLE_DROITE,0
59401,Méteren,2017,DROITE,0,0,0.3264607282425034,0.4887545121679136,0.6378858299612717,0.34480541174200036,-0.8126027952550852,BASCULE_CENTRE,1
59402,Millam,2017,DROITE,0,0,-0.49982495942764016,-0.0028399342696053924,-1.032153966622708,-0.4738234121406745,-0.6192351600477836,STABLE_DROITE,0
59403,Millonfosse,2017,DROITE,0,0,-0.8384666347022894,0.6384987122851539,-1.032153966622708,-0.579171089476281,-0.3822650188623649,BASCULE_CENTRE,1
59405,Moeuvres,2017,DROITE,0,0,-0.38178414690333395,-0.5246459298535852,-1.032153966622708,-0.9213914067525762,-0.6514630992490005,STABLE_DROITE,0
59406,Monceau-Saint-Waast,2017,DROITE,0,0,-0.583034056780841,0.07859989386433229,-1.032153966622708,-0.8617881297849351,-0.12064998299366292,STABLE_DROITE,0
59407,Monchaux-sur-Ecaillon,2017,DROITE,0,0,0.5896336873130879,1.0745958564862395,-1.032153966622708,-0.7901739663912332,-1.6164055141560254,STABLE_DROITE,0
59408,Moncheaux,2017,CENTRE,1,1,0.5586721627165492,1.2545516057499404,0.7755177843003486,0.019898153885743307,-0.5870072208465666,CENTRE,2
59409,Monchecourt,2017,DROITE,0,0,-0.46112305368196677,-0.7735628239081205,0.7041984017647572,0.4157701525039078,0.30020898775164107,STABLE_DROITE,0
59410,Mons-en-Baroeul,2017,GAUCHE,1,2,1.7003783822139364,-1.1433259145484989,1.3722151331663481,2.095712197685222,1.5684731833760013,GAUCHE,3
59411,Mons-en-Pévèle,2017,DROITE,0,0,1.3152944200444792,1.4046241922709466,0.3984046018039883,0.2894865422338725,-0.08083899927451242,BASCULE_CENTRE,1
59412,Montay,2017,DROITE,0,0,-0.2772890013900137,-1.070095746508708,-1.032153966622708,-1.2412650386645037,-0.014487359742594923,STABLE_DROITE,0
59413,Montigny-en-Cambrésis,2017,DROITE,0,0,0.37870830099916414,-0.37063270648738844,-1.032153966622708,-0.7587572983401687,-0.20027195043196325,STABLE_DROITE,0
59414,Montigny-en-Ostrevent,2017,DROITE,0,0,-0.1902097134622476,-1.0776486337953233,0.8901703081037082,0.931531058251973,1.0793668119692976,STABLE_DROITE,0
59415,Montrécourt,2017,DROITE,0,0,-0.5694883897698549,0.4115837072829323,-1.032153966622708,-1.473134785108384,0.4765147727935925,STABLE_DROITE,0
59416,Morbecque,2017,DROITE,0,0,0.1077949607794436,0.24049439092091002,0.7197293865870484,0.4355037299252965,-0.35762012417908157,STABLE_DROITE,0
59418,Mortagne-du-Nord,2017,DROITE,0,0,1.3888280409612606,-1.1952109663435075,1.1842913056342994,0.08562485231531589,2.713512905583945,STABLE_DROITE,0
59419,Mouchin,2017,DROITE,0,0,0.25873239318757324,1.4079080563086055,0.08499137151585773,-0.04211078523536661,-0.6495673381195172,BASCULE_CENTRE,1
59420,Moustier-en-Fagne,2017,CENTRE,1,1,2.1260993454163533,-0.04914241720059415,-1.032153966622708,-2.5066780544309424,-0.10737965508727941,AUTRE,4
59421,Mouvaux,2017,DROITE,0,0,2.617613548386417,1.637450152540954,1.2288039335243388,1.7414520179379753,-0.023966165390011805,BASCULE_CENTRE,1
59422,Naves,2017,DROITE,0,0,-0.1476376171420062,-0.19527436687640976,-1.032153966622708,-0.6626378504870588,0.27935561532732434,STABLE_DROITE,0
59423,Neuf-Berquin,2017,DROITE,0,0,-0.49982495942764016,0.10716951099196365,-1.032153966622708,-0.14984187100293878,-0.7822706171833516,STABLE_DROITE,0
59424,Neuf-Mesnil,2017,DROITE,0,0,-1.4480216501966592,-1.255634064636429,-1.032153966622708,-0.07681042067923283,0.32485388243492447,STABLE_DROITE,0
59425,Neuville-en-Avesnois,2017,DROITE,0,0,-0.29276976368828445,0.7787197066931837,-1.032153966622708,-1.2438458724243524,-1.5652199636599746,STABLE_DROITE,0
59426,Neuville-en-Ferrain,2017,DROITE,0,0,0.12134062779042963,0.5987639574294826,1.2373371045564683,1.5431561812913837,0.6281756631522606,BASCULE_CENTRE,1
59427,La Neuville,2017,DROITE,0,0,0.9089244097148997,1.8403929500682663,-1.032153966622708,-0.6418363078591597,-0.5794241763286331,BASCULE_CENTRE,1
59428,Neuville-Saint-Rémy,2017,DROITE,0,0,0.2877588224968286,-0.8953941797052611,0.5172789046728812,0.7505447369176534,1.3068581475072993,STABLE_DROITE,0
59429,Neuville-sur-Escaut,2017,DROITE,0,0,-0.759127727923658,-0.9568024372094802,0.7693298684065598,0.47913471704708255,0.10494559141485589,STABLE_DROITE,0
59430,Neuvilly,2017,DROITE,0,0,-0.6217359625265144,-1.193897420728444,0.022920902405467992,-0.2132657123752451,0.1712972309467734,STABLE_DROITE,0
59431,Nieppe,2017,DROITE,0,0,0.1813285816962251,0.11800626231623762,1.350581297038901,1.281409354242883,0.7343382864033279,STABLE_DROITE,0
59432,Niergnies,2017,DROITE,0,0,-0.3798490516160506,0.7954674132852434,-1.032153966622708,-0.8382206017288477,-0.9149738962471858,BASCULE_CENTRE,1
59433,Nieurlet,2017,DROITE,0,0,-0.5869042473554077,-1.1328175496279906,-1.032153966622708,-0.34604854617968456,-0.12444150525262954,STABLE_DROITE,0
59434,Nivelle,2017,DROITE,0,0,0.9011840285657651,0.8969388120488996,-1.032153966622708,-0.09838516290564318,-0.5282386258325827,STABLE_DROITE,0
59435,Nomain,2017,DROITE,0,0,0.6225303071969113,1.285419927703933,0.6214583364501534,0.4170378207971636,-0.3310794683663146,BASCULE_CENTRE,1
59436,Noordpeene,2017,DROITE,0,0,-0.7281662033271192,-0.833985922201042,-1.032153966622708,-0.4936000633599718,-1.3339371058630063,STABLE_DROITE,0
59437,Noyelles-lès-Seclin,2017,CENTRE,1,1,1.3617367069392887,1.4811382243483961,0.24977504990054727,-0.4082572138325207,-1.0761135922532707,CENTRE,2
59438,Noyelles-sur-Escaut,2017,DROITE,0,0,-1.3009544083630964,-0.05636691808344346,-1.032153966622708,-0.49862246020478684,-1.256210899554189,STABLE_DROITE,0
59439,Noyelles-sur-Sambre,2017,DROITE,0,0,-0.6913993928687279,-0.10825196987845215,-1.032153966622708,-1.2890595979124593,-0.2381871730216301,STABLE_DROITE,0
59440,Noyelles-sur-Selle,2017,DROITE,0,0,-1.802144087769578,-0.29707415204383186,-1.032153966622708,-0.57583107812822,-0.9111823739882192,STABLE_DROITE,0
59441,Obies,2017,DROITE,0,0,-0.12248137840731747,0.460841667847814,-1.032153966622708,-0.5769428490009015,-0.20785499494989648,BASCULE_CENTRE,1
59442,Obrechies,2017,DROITE,0,0,-0.8500772064259922,0.7600016816785286,-1.032153966622708,-1.3457881887612602,-0.6628376660259003,STABLE_DROITE,0
59443,Ochtezeele,2017,DROITE,0,0,0.643816355357032,0.6017194350633756,-1.032153966622708,-1.0642377875708695,-1.5235132188113412,STABLE_DROITE,0
59444,Odomez,2017,DROITE,0,0,0.41160492088298617,-0.5121672465104817,-1.032153966622708,-0.36199547571455787,0.4329122668154754,STABLE_DROITE,0
59445,Ohain,2017,DROITE,0,0,-0.1476376171420062,-0.80147566822822,0.5052542172886455,-0.15962787019213792,1.077471050839814,STABLE_DROITE,0
59446,Oisy,2017,DROITE,0,0,0.19487424870721112,1.2712993123420002,-1.032153966622708,-0.715178646199591,-0.46947003081859884,STABLE_DROITE,0
59447,Onnaing,2017,DROITE,0,0,-0.952637256652029,-1.3167139357368822,1.4306774857225786,1.411615209956194,1.5627858999875517,STABLE_DROITE,0
59448,Oost-Cappel,2017,DROITE,0,0,-1.6047643684666388,-0.6330134430963248,-1.032153966622708,-0.9010205424968171,0.41395465552064165,STABLE_DROITE,0
59449,Orchies,2017,DROITE,0,0,0.5973740684622225,-0.13452288217972236,1.458486491207156,1.3981722779613197,0.43480802794495904,STABLE_DROITE,0
59450,Ors,2017,DROITE,0,0,-1.3686827434180264,-0.42218937187863126,-1.032153966622708,-0.6454676448211553,0.0651346076957054,STABLE_DROITE,0
59451,Orsinval,2017,DROITE,0,0,0.08263872204475625,1.253566446538643,-1.032153966622708,-0.7858156917535096,-1.138673709526221,BASCULE_CENTRE,1
59452,Ostricourt,2017,DROITE,0,0,-0.08764966323621075,-1.2457824725234528,1.4806344526781543,1.023322129377109,1.9362508424957714,STABLE_DROITE,0
59453,Oudezeele,2017,DROITE,0,0,0.17552329583437373,-0.0852649216148407,-1.032153966622708,-0.6052574267909445,-0.42397176371099843,STABLE_DROITE,0
59454,Oxelaëre,2017,DROITE,0,0,0.21229010629276518,-0.03994759789514958,-1.032153966622708,-0.8108362378507665,-1.8780205500247273,BASCULE_CENTRE,1
59455,Paillencourt,2017,DROITE,0,0,-0.8094402053930341,-0.050127576411891785,-1.032153966622708,-0.31269448580541775,-0.5490919982568995,STABLE_DROITE,0
59456,Pecquencourt,2017,DROITE,0,0,-0.6836590117195932,-1.3745099427996768,1.3230770466896695,1.106753194114799,1.9817491096033721,STABLE_DROITE,0
59457,Pérenchies,2017,DROITE,0,0,1.0250301269519226,0.10388564695430487,1.1962437035461333,1.373232598018756,0.6016350073394936,BASCULE_CENTRE,1
59458,Péronne-en-Mélantois,2017,DROITE,0,0,1.731339906810478,2.34676478467525,0.459821989025047,-0.38697275003840237,-2.1301567802460126,BASCULE_CENTRE,1
59459,Petite-Forêt,2017,DROITE,0,0,-0.5694883897698549,-0.5913083698180583,1.4806344526781543,0.9491791117361182,0.5277003232896429,STABLE_DROITE,0
59461,Petit-Fayt,2017,DROITE,0,0,-0.7939594430947647,-0.11219260672364269,-1.032153966622708,-1.2438458724243524,-0.7443553945936847,STABLE_DROITE,0
59462,Phalempin,2017,CENTRE,1,1,1.251436275564117,1.1228686578398235,1.3554541647370744,0.9267243969402058,-0.5699453706812162,CENTRE,2
59463,Pitgam,2017,DROITE,0,0,-0.5017600547149248,0.07827150746056641,-1.032153966622708,-0.3402534664462722,-1.0552602198289538,STABLE_DROITE,0
59464,Poix-du-Nord,2017,DROITE,0,0,0.11360024664129495,-1.4799219784085236,0.2845836437035414,0.3165515209630503,1.0793668119692976,STABLE_DROITE,0
59465,Pommereuil,2017,DROITE,0,0,-0.40694038563802265,-0.8756909954793084,-1.032153966622708,-0.5087639432911312,-0.48274035872498233,STABLE_DROITE,0
59466,Pont-à-Marcq,2017,CENTRE,1,1,1.4584914713034742,0.9232097243501698,0.9330519159519834,0.533982983677453,-0.5111767756672326,CENTRE,2
59467,Pont-sur-Sambre,2017,DROITE,0,0,-0.9835987812485677,-0.8793032459207331,0.7080223041608658,0.4311608375107663,0.8442924319133626,STABLE_DROITE,0
59468,Potelle,2017,DROITE,0,0,-0.03733718576683466,1.1826349833252132,-1.032153966622708,-1.0725208459326578,0.04617699640087231,BASCULE_CENTRE,1
59469,Pradelles,2017,DROITE,0,0,0.41354001617027086,0.8480092378877838,-1.032153966622708,-1.0601285583522273,-1.0325110862751536,STABLE_DROITE,0
59470,Prémesques,2017,DROITE,0,0,1.547505854518525,1.3931306681391409,1.0143679697736687,0.2943087484897665,-0.9661594467432365,BASCULE_CENTRE,1
59471,Préseau,2017,DROITE,0,0,0.25099201203843857,0.6637844653751265,0.4848642433230529,0.20927947362813265,0.15423538078142326,STABLE_DROITE,0
59472,Preux-au-Bois,2017,DROITE,0,0,0.2451867261765872,-0.8655110169625663,-1.032153966622708,-0.4394256081783676,0.5030554286063595,STABLE_DROITE,0
59473,Preux-au-Sart,2017,DROITE,0,0,0.874092694543793,0.39647793270970194,-1.032153966622708,-1.2335726780867022,0.21300397579540686,STABLE_DROITE,0
59474,Prisches,2017,DROITE,0,0,0.5528668768546978,-1.1525207338539434,-1.032153966622708,-0.244796239024388,0.9523508162939128,STABLE_DROITE,0
59475,Prouvy,2017,DROITE,0,0,-0.5849691520681244,-0.46225251313806837,1.3344759531106176,0.34861258308282744,0.2148997369248905,STABLE_DROITE,0
59476,Proville,2017,DROITE,0,0,-0.3488875270195119,0.12588753600661867,0.9572785914175582,0.6044937415512722,0.37414367180149183,STABLE_DROITE,0
59477,Provin,2017,DROITE,0,0,-0.041207376341401314,-0.14174738306257167,0.7592293168923651,0.8361070857778585,-0.14339911654746262,STABLE_DROITE,0
59478,Quaëdypre,2017,DROITE,0,0,-0.762997918498226,0.5275041078122872,0.4727470987608222,-0.24699251487962295,-0.1794185780076465,STABLE_DROITE,0
59479,Quarouble,2017,DROITE,0,0,-1.196459262849776,-0.38015591219659894,0.899771132475609,0.5660993641542377,1.615867211613085,STABLE_DROITE,0
59480,Quérénaing,2017,DROITE,0,0,0.12714591365228098,0.9324045436556144,-1.032153966622708,-0.38522462812097374,-0.6419842936015836,STABLE_DROITE,0
59481,Le Quesnoy,2017,DROITE,0,0,1.3752823739502746,-1.1229659575150144,1.4806344526781543,0.9683370575139573,1.3713140259097332,STABLE_DROITE,0
59482,Quesnoy-sur-Deûle,2017,DROITE,0,0,1.1798377499346202,0.7892280716136917,1.0846202826693119,1.2069822626112214,0.42532922229754216,BASCULE_CENTRE,1
59483,Quiévelon,2017,DROITE,0,0,-0.915870446193639,0.13442558250453152,-1.032153966622708,-1.9210032069345693,-0.3955353467687484,STABLE_DROITE,0
59484,Quiévrechain,2017,DROITE,0,0,-0.6410869153993518,-1.9619932191368321,1.4806344526781543,1.156156186118951,2.3059242627450245,STABLE_DROITE,0
59485,Quiévy,2017,DROITE,0,0,-0.18633952288767958,-0.7568151173160607,0.033142108394216344,0.1427315171405237,1.0717837674513644,STABLE_DROITE,0
59486,Râches,2017,DROITE,0,0,-0.2618082390917444,-0.3699759336798567,0.8104379130897926,0.4898931697024086,-0.09410932718089592,STABLE_DROITE,0
59487,Radinghem-en-Weppes,2017,DROITE,0,0,1.6403904283081439,2.59929392917121,0.515204259144249,-0.06042766374589087,-1.4192463566897568,BASCULE_CENTRE,1
59488,Raillencourt-Sainte-Olle,2017,DROITE,0,0,-0.03153189990498331,-0.13156740454582946,0.7114438603360212,0.34097982798191256,-0.46947003081859884,STABLE_DROITE,0
59489,Raimbeaucourt,2017,DROITE,0,0,-0.1031304255344801,0.18860933912590133,0.9128038143961071,0.800452985654583,-0.042923776684845566,STABLE_DROITE,0
59490,Rainsars,2017,DROITE,0,0,-2.111759333734972,-0.014661844805176991,-1.032153966622708,-1.6419127335145391,-0.795540945089735,STABLE_DROITE,0
59491,Raismes,2017,DROITE,0,0,-0.29276976368828445,-1.6431300210801647,1.4741715391665413,1.6997742237972662,2.2490514288605237,STABLE_DROITE,0
59492,Ramillies,2017,DROITE,0,0,-1.5796081297319515,-0.43565321443303223,-1.032153966622708,-0.7138547549354216,-0.9832212969085866,STABLE_DROITE,0
59493,Ramousies,2017,DROITE,0,0,-2.2723722425795194,-0.9370992529835276,-1.032153966622708,-1.4696880483012453,0.8746246099850955,STABLE_DROITE,0
59494,Raucourt-au-Bois,2017,DROITE,0,0,-0.948767066077461,0.0001155433642875073,-1.032153966622708,-1.6904029725271748,1.0907413787461975,STABLE_DROITE,0
59495,Recquignies,2017,DROITE,0,0,-0.6236710578137977,-1.3633448050716368,0.41204102534140813,0.38603859488277725,2.6888680109006606,STABLE_DROITE,0
59496,Rejet-de-Beaulieu,2017,DROITE,0,0,0.2858237272095453,-0.9364424801759959,-1.032153966622708,-1.3399287186674198,-0.9945958636854865,STABLE_DROITE,0
59497,Renescure,2017,DROITE,0,0,0.4464366360540929,0.013250999514922618,0.007854395511838901,0.27597725068477896,0.41395465552064165,STABLE_DROITE,0
59498,Reumont,2017,DROITE,0,0,-0.6681782494213239,-0.9315166841195076,-1.032153966622708,-1.0957568912311284,-0.431554808228932,STABLE_DROITE,0
59499,Rexpoëde,2017,DROITE,0,0,-0.4417721008091294,-0.208081436623279,-0.10220647220762674,0.25215634410591325,-0.1528779221948795,STABLE_DROITE,0
59500,Ribécourt-la-Tour,2017,DROITE,0,0,0.2258357733037512,-0.35716886393298747,-1.032153966622708,-1.080891557333009,-0.719710499910401,STABLE_DROITE,0
59501,Rieulay,2017,DROITE,0,0,0.5412563051309951,-0.27605742220281565,0.7903899593841573,-0.06332838150210009,0.42722498342702514,STABLE_DROITE,0
59502,Rieux-en-Cambrésis,2017,DROITE,0,0,-0.8965194933208016,-0.9177244551613408,0.061761462105485734,-0.0072436053095839914,-0.3386625128842478,STABLE_DROITE,0
59503,Robersart,2017,DROITE,0,0,0.2645376790494246,0.05495607279318909,-1.032153966622708,-1.672424361225558,-2.060013618455129,STABLE_DROITE,0
59504,Roeulx,2017,DROITE,0,0,-1.0281059728560937,-1.263186951923044,1.0527896482875123,0.7553080898246177,0.18077603659419028,STABLE_DROITE,0
59505,Rombies-et-Marchipont,2017,DROITE,0,0,0.7212201668483801,1.0699984468335173,-1.032153966622708,-0.523184066369954,-0.8220816009025017,STABLE_DROITE,0
59506,Romeries,2017,DROITE,0,0,0.8837681709802124,0.030983865318280016,-1.032153966622708,-0.9547581114869433,-0.7690002892769681,STABLE_DROITE,0
59507,Ronchin,2017,GAUCHE,1,2,1.557181330954943,-0.24354716822999378,1.4392220368402846,2.025102868207782,0.7589831810866112,GAUCHE,3
59508,Roncq,2017,DROITE,0,0,0.8218451217871336,0.65951544212617,1.4776164260249267,1.7502468480800846,0.6907357804252108,BASCULE_CENTRE,1
59509,Roost-Warendin,2017,DROITE,0,0,-0.38952452805247,-0.6428650352093012,0.9623677679619171,1.135104645066186,0.8518754764312958,STABLE_DROITE,0
59511,Rosult,2017,DROITE,0,0,0.6979990234009761,1.2085775092227176,0.2890812209619793,0.20432264375370116,-0.8941205238228691,BASCULE_CENTRE,1
59512,Roubaix,2017,GAUCHE,1,2,1.7990682418654067,-2.5028456261392327,1.4806344526781543,3.306770738629753,3.6367485756423354,GAUCHE,3
59513,Roucourt,2017,DROITE,0,0,-0.9236108273427737,0.9291206796179556,-1.032153966622708,-0.9370213853170017,-0.9813255357791033,STABLE_DROITE,0
59514,Rousies,2017,DROITE,0,0,-0.45725286310739877,-0.5604400478640658,1.0523511324340196,0.7926132302472828,0.17698451433522297,STABLE_DROITE,0
59515,Rouvignies,2017,DROITE,0,0,-1.455762031345794,-0.5384381588117519,1.0494932298828528,-0.6346232653658705,0.13717353061607315,STABLE_DROITE,0
59516,Rubrouck,2017,DROITE,0,0,-0.6894642975814446,0.010295521881029718,-1.032153966622708,-0.35188639441602304,-1.1765889321158882,BASCULE_CENTRE,1
59517,Les Rues-des-Vignes,2017,DROITE,0,0,-0.7784786807964954,0.13573912811959502,-1.032153966622708,-0.48860935377238496,0.2205870203133401,STABLE_DROITE,0
59518,Ruesnes,2017,DROITE,0,0,-0.34501733644494387,0.4060011384189124,-1.032153966622708,-0.9565538553811898,-0.25714478431646387,STABLE_DROITE,0
59519,Rumegies,2017,DROITE,0,0,-0.219236142771503,0.6128845727914154,0.24818192436678324,0.14183517161039474,0.2812513764568073,STABLE_DROITE,0
59520,Rumilly-en-Cambrésis,2017,DROITE,0,0,-1.068742973889052,-0.3049554257342129,-0.017280900361892955,-0.006161491808820321,0.19215060337109013,STABLE_DROITE,0
59521,Sailly-lez-Cambrai,2017,DROITE,0,0,0.26260258376214124,-0.12401451725921428,-1.032153966622708,-0.9060642886755519,-0.01259159861311195,STABLE_DROITE,0
59522,Sailly-lez-Lannoy,2017,DROITE,0,0,2.2731665872499165,2.28141589032584,0.8565544343517201,0.14630677676680154,-0.47136579194808215,BASCULE_CENTRE,1
59523,Sainghin-en-Mélantois,2017,DROITE,0,0,2.965930700097484,2.344137693445123,1.2783329313244742,0.4750254878284402,-1.182276215504338,BASCULE_CENTRE,1
59524,Sainghin-en-Weppes,2017,DROITE,0,0,0.6999341186882594,0.5127267196428227,1.0222442365908735,1.0613836753371628,-0.1832101002666131,BASCULE_CENTRE,1
59525,Sains-du-Nord,2017,DROITE,0,0,0.0865089126193229,-1.2024354672263569,0.8766501043042026,0.5459109318286448,0.5864689183036265,STABLE_DROITE,0
59526,Saint-Amand-les-Eaux,2017,DROITE,0,0,0.45030682662866095,-0.7561583445085289,1.4759519240703314,1.8933320713761217,1.6954891790513862,STABLE_DROITE,0
59527,Saint-André-lez-Lille,2017,CENTRE,1,1,1.8377701476110815,0.33966708485820507,1.2600607821184326,1.6776315685060883,0.4423910724628923,CENTRE,2
59528,Saint-Aubert,2017,DROITE,0,0,-0.7881541572329134,-0.6399095575754082,0.35627803494514987,0.04967418134388221,0.4234334611680585,STABLE_DROITE,0
59529,Saint-Aubin,2017,DROITE,0,0,-0.45725286310739877,0.37250572523479286,-1.032153966622708,-1.0979034999994781,-1.0912796812891372,STABLE_DROITE,0
59530,Saint-Aybert,2017,DROITE,0,0,-1.2874087413521103,-0.011706367171284092,0.8267178552992798,-1.0851103665102257,0.04807275753035528,STABLE_DROITE,0
59531,Saint-Benin,2017,DROITE,0,0,-1.649271560074165,-0.925277342447956,-1.032153966622708,-1.1628330585584195,-0.7045444108745342,STABLE_DROITE,0
59532,Saint-Georges-sur-l'Aa,2017,DROITE,0,0,-0.8133103959676021,-0.03108116499347088,-1.032153966622708,-1.2335726780867022,-0.4334505693584153,STABLE_DROITE,0
59533,Saint-Hilaire-lez-Cambrai,2017,DROITE,0,0,-0.16118328415299085,-0.627102487828539,0.5783879909071841,0.07982623248928414,-0.2685193510933637,STABLE_DROITE,0
59534,Saint-Hilaire-sur-Helpe,2017,DROITE,0,0,-0.7862190619456301,-0.40905391572799615,-1.032153966622708,-0.4738234121406745,-0.3481413185316647,STABLE_DROITE,0
59535,Saint-Jans-Cappel,2017,DROITE,0,0,0.7096095951246788,0.9002226760865584,0.16008484823816832,0.12689691942739015,-1.1140288148429376,BASCULE_CENTRE,1
59536,Sainte-Marie-Cappel,2017,CENTRE,1,1,0.2896939177841133,0.7573745904484016,-1.032153966622708,-0.4091566168238993,-1.6656953035225923,CENTRE,2
59537,Saint-Martin-sur-Ecaillon,2017,DROITE,0,0,-0.021856423468563937,0.30518651246278794,-1.032153966622708,-0.8228901830322118,-0.2249168451152466,BASCULE_CENTRE,1
59538,Saint-Momelin,2017,DROITE,0,0,-0.2521327626553264,-1.2053909448602498,-1.032153966622708,-0.8860794401487148,0.19215060337109013,STABLE_DROITE,0
59539,Saint-Pierre-Brouck,2017,DROITE,0,0,-1.7402210385764991,-0.05373982685331644,-1.032153966622708,-0.31189828559154514,-0.34434979627269807,STABLE_DROITE,0
59541,Saint-Python,2017,DROITE,0,0,-1.0726131644636185,-0.8763477682868401,0.5089385391482731,-0.29692078576034076,0.4499741169808255,STABLE_DROITE,0
59542,Saint-Remy-Chaussée,2017,DROITE,0,0,-1.778922944322174,-0.11219260672364269,-1.032153966622708,-0.8382206017288477,1.0281812614732473,STABLE_DROITE,0
59543,Saint-Remy-du-Nord,2017,DROITE,0,0,-2.4697519618824586,-0.5535439333849824,0.3385959466895252,-0.21608075038423646,0.696423063813661,STABLE_DROITE,0
59544,Saint-Saulve,2017,DROITE,0,0,0.22970596387831785,-0.21727625592872357,1.3162223778586915,1.6012215852865934,0.436703789074442,STABLE_DROITE,0
59545,Saint-Souplet,2017,DROITE,0,0,-0.8345964441277228,-1.2405282900631986,0.4460427342150038,-0.14081622472208022,0.42153770003857555,STABLE_DROITE,0
59546,Saint-Sylvestre-Cappel,2017,DROITE,0,0,-0.44951248195826404,0.14887458427023012,-1.032153966622708,-0.18159294985255123,-1.0590517420879204,STABLE_DROITE,0
59547,Saint-Vaast-en-Cambrésis,2017,DROITE,0,0,0.49481401823618565,-0.7147816576340283,-1.032153966622708,-0.3843520137515131,0.10115406915588927,STABLE_DROITE,0
59548,Saint-Waast,2017,DROITE,0,0,-0.2985750495501344,0.15905456278697233,-1.032153966622708,-0.6713647694508875,-0.5377174314799993,STABLE_DROITE,0
59549,Salesches,2017,DROITE,0,0,-0.602385009653677,-0.41496487099578194,-1.032153966622708,-1.2808905940308195,0.12011168045072304,STABLE_DROITE,0
59550,Salomé,2017,DROITE,0,0,-0.5153057217259108,-0.22909816646429515,0.6609204853675041,0.5539417098994421,0.436703789074442,STABLE_DROITE,0
59551,Saméon,2017,DROITE,0,0,2.0893325349579634,1.7172480486560622,0.6297262350831043,0.08514325422086683,-0.8448307344563021,BASCULE_CENTRE,1
59552,Sancourt,2017,DROITE,0,0,0.35742225283904344,0.05495607279318909,-1.032153966622708,-1.584208262325581,-0.850518017844752,STABLE_DROITE,0
59553,Santes,2017,CENTRE,1,1,1.0521214609738947,1.0870745398293429,0.791391157152593,1.079132216618925,-0.2362914118921471,CENTRE,2
59554,Sars-et-Rosières,2017,DROITE,0,0,1.888082625080459,1.6197172867375966,-1.032153966622708,-0.7448793135056743,-1.0457814141815371,BASCULE_CENTRE,1
59555,Sars-Poteries,2017,DROITE,0,0,-1.0880939267618892,-1.489116797713968,0.6113007415663018,-0.005620989672520485,0.9826829943656464,STABLE_DROITE,0
59556,Sassegnies,2017,DROITE,0,0,-0.412745671499874,-0.07771203432822552,-1.032153966622708,-1.325467166970827,0.18646331998263987,STABLE_DROITE,0
59557,Saultain,2017,DROITE,0,0,0.012975291702542793,0.3353980616092487,0.9498246379874495,0.3653526668660789,0.15044385852245665,STABLE_DROITE,0
59558,Saulzoir,2017,DROITE,0,0,-0.2811591919645818,-0.4097106885355279,0.1433238798088945,0.15252485922906192,-0.113066938475729,STABLE_DROITE,0
59559,Sebourg,2017,DROITE,0,0,2.1396450124273407,2.2991487561291977,-0.16087679461811014,0.22799801316399876,-0.2419786952805967,BASCULE_CENTRE,1
59560,Seclin,2017,DROITE,0,0,1.2127343698184423,-0.14470286069646457,1.4806344526781543,1.6884948318748738,0.46514020601669265,STABLE_DROITE,0
59562,Sémeries,2017,DROITE,0,0,-1.6957138469689743,-0.2977309248513636,-1.032153966622708,-0.7843682533886209,0.4461825947218589,STABLE_DROITE,0
59563,Semousies,2017,DROITE,0,0,-0.9894040671104191,0.5357137679064341,-1.032153966622708,-1.4132808356641717,0.30020898775164107,STABLE_DROITE,0
59564,La Sentinelle,2017,DROITE,0,0,0.17939348640894176,-1.2993094563372907,1.4806344526781543,0.6002348484836645,1.1760506295729487,STABLE_DROITE,0
59565,Sepmeries,2017,DROITE,0,0,0.28388863192226194,0.5685524082830219,-1.032153966622708,-0.6203915499284464,-0.8429349733268188,STABLE_DROITE,0
59566,Sequedin,2017,DROITE,0,0,0.2451867261765872,0.750806862373084,1.327746253686915,0.9171908390634094,0.004470251552238166,BASCULE_CENTRE,1
59567,Séranvillers-Forenville,2017,DROITE,0,0,0.49674911352347034,0.310440694923042,-1.032153966622708,-1.0221200536893436,-0.49790644776084914,STABLE_DROITE,0
59568,Sercus,2017,DROITE,0,0,0.25486220261300657,0.14756103865516662,-1.032153966622708,-0.9370213853170017,-0.9453060743189194,BASCULE_CENTRE,1
59569,Sin-le-Noble,2017,DROITE,0,0,-0.2753539061027304,-1.3863318533352482,1.4806344526781543,1.8582252866218756,1.6272417783899855,STABLE_DROITE,0
59570,Socx,2017,DROITE,0,0,0.29549920364596466,1.8072259232879127,-1.032153966622708,-0.36030163171465474,-0.850518017844752,BASCULE_CENTRE,1
59571,Solesmes,2017,DROITE,0,0,-0.8810387310225323,-1.2654856567494053,1.2211566690155888,0.8626878748357699,1.058513439544981,STABLE_DROITE,0
59572,Solre-le-Château,2017,DROITE,0,0,0.27227806019855927,-0.7226629313244094,0.9734197178526814,0.1721868038570377,0.9542465774233965,STABLE_DROITE,0
59573,Solrinnes,2017,DROITE,0,0,-1.7692474678857546,-0.2491297370940137,-1.032153966622708,-1.879516741845582,0.0651346076957054,STABLE_DROITE,0
59574,Somain,2017,DROITE,0,0,-0.6372167248247838,-1.2871591593979532,1.4396933148988234,1.6900798619521553,1.4092292484994,STABLE_DROITE,0
59575,Sommaing,2017,DROITE,0,0,0.994068602355384,0.9150000642560229,-1.032153966622708,-0.9895944987565708,-1.191755021151755,STABLE_DROITE,0
59576,Spycker,2017,DROITE,0,0,-0.6836590117195932,0.5380124727327953,-1.032153966622708,0.1613238915102667,-0.9661594467432365,STABLE_DROITE,0
59577,Staple,2017,DROITE,0,0,-0.13022175955645215,-0.350272749453904,-1.032153966622708,-0.6286622360581301,-0.7405638723347178,BASCULE_CENTRE,1
59578,Steenbecque,2017,DROITE,0,0,-0.05475304335238734,-0.09347458170898765,-1.032153966622708,0.11631602805213097,-0.7481469168526513,STABLE_DROITE,0
59579,Steene,2017,DROITE,0,0,-0.8075051101057508,0.29303621552345044,-1.032153966622708,-0.07799370413952168,-0.7367723500757511,STABLE_DROITE,0
59580,Steenvoorde,2017,DROITE,0,0,0.680583165815422,-0.0011980022507760036,0.7450231882109324,0.854898033257465,-0.6362970102131337,BASCULE_CENTRE,1
59581,Steenwerck,2017,DROITE,0,0,0.0013647199788400914,0.3541160866239037,0.8088186978703652,0.7115868988308862,-0.3253921849778643,BASCULE_CENTRE,1
59582,Strazeele,2017,DROITE,0,0,-0.34695243173222723,0.49827771787712405,0.3642727339150088,-0.34604854617968456,-0.29885152916509733,STABLE_DROITE,0
59583,Taisnières-en-Thiérache,2017,DROITE,0,0,-0.6217359625265144,-0.4060984380941033,-1.032153966622708,-0.9128397035093819,0.8537712375607788,STABLE_DROITE,0
59584,Taisnières-sur-Hon,2017,DROITE,0,0,0.10585986549216028,0.9222245651388722,0.19143857048830462,-0.32392626460812113,0.6092180518574268,STABLE_DROITE,0
59585,Templemars,2017,CENTRE,1,1,1.4333352325687854,1.2351768079277536,1.3802999291239944,0.6508309934037965,0.12959048609813925,CENTRE,2
59586,Templeuve-en-Pévèle,2017,CENTRE,1,1,1.1043690337305554,1.0499668762037986,1.0831607398395082,1.1010389200648565,-0.19268890591403,CENTRE,2
59587,Terdeghem,2017,DROITE,0,0,0.6979990234009761,0.4542739397724964,-1.032153966622708,-0.7814812981925375,-0.5870072208465666,BASCULE_CENTRE,1
59588,Téteghem-Coudekerque-Village,2017,DROITE,0,0,0.23938144031473585,1.0483249441849694,0.9456736072546864,1.3489446290150848,-0.17752281687816285,BASCULE_CENTRE,1
59589,Thiant,2017,DROITE,0,0,-1.159692452391386,-0.5387665452155179,0.6135230476842256,0.5179798424602947,0.44807835585134187,STABLE_DROITE,0
59590,Thiennes,2017,DROITE,0,0,-1.339656314108771,-0.6550153321486386,-1.032153966622708,-0.38087115072777655,-1.0704263088648205,STABLE_DROITE,0
59591,Thivencelle,2017,DROITE,0,0,-1.7905335160458753,-1.39815376387082,1.093511787993048,-0.43290741482774925,0.9504550551644299,STABLE_DROITE,0
59592,Thumeries,2017,DROITE,0,0,0.7541167867322035,0.5215931525445013,0.9130781644310026,0.7726670184892169,0.05944732430725581,STABLE_DROITE,0
59593,Thun-l'Evêque,2017,DROITE,0,0,-0.8829738263098156,0.28384139621800586,-1.032153966622708,-0.5336475105447127,-0.2647278288343971,STABLE_DROITE,0
59594,Thun-Saint-Amand,2017,DROITE,0,0,0.12714591365228098,-0.25438391955426776,0.5406535396466912,-0.2090618503337994,0.0859879801200228,STABLE_DROITE,0
59595,Thun-Saint-Martin,2017,DROITE,0,0,0.5528668768546978,0.619452300866733,-1.032153966622708,-0.8213733564011848,-1.165214365338988,STABLE_DROITE,0
59596,Tilloy-lez-Marchiennes,2017,CENTRE,1,1,1.4159193749832326,1.6683184744949464,-1.032153966622708,-0.8123329740507708,-0.7443553945936847,CENTRE,2
59597,Tilloy-lez-Cambrai,2017,DROITE,0,0,0.45224192191594426,1.142900228469542,-1.032153966622708,-0.751787871355337,-1.5140344131639243,BASCULE_CENTRE,1
59598,Toufflers,2017,DROITE,0,0,0.3322660141043547,0.6562315780885113,1.3645557444941694,0.7742813554693102,-0.01638312087207857,BASCULE_CENTRE,1
59599,Tourcoing,2017,GAUCHE,1,2,0.5393212098437118,-1.43558981390013,1.4806344526781543,3.315452557027199,2.9694406580641974,GAUCHE,3
59600,Tourmignies,2017,CENTRE,1,1,1.2378906085531312,2.08307050245125,-1.032153966622708,-0.3975433952565531,-2.1889253752599966,CENTRE,2
59601,Trélon,2017,DROITE,0,0,0.18326367698350843,-1.3446267800569818,0.6429847267329861,0.5394270853157345,1.839567024892121,STABLE_DROITE,0
59602,Tressin,2017,DROITE,0,0,1.2746574190115212,1.836452313223076,0.882151103633572,-0.036472665530753665,-0.49980220889033244,BASCULE_CENTRE,1
59603,Trith-Saint-Léger,2017,DROITE,0,0,-1.150016975954968,-1.1147562974208673,1.1713807555241789,1.1439969402826504,1.1533014960191483,STABLE_DROITE,0
59604,Troisvilles,2017,DROITE,0,0,-0.7242960127525513,-0.8234775572805338,-1.032153966622708,-0.447885847601642,0.05565580204828919,STABLE_DROITE,0
59605,Uxem,2017,DROITE,0,0,-0.04507756691596934,0.9461967726137813,-1.032153966622708,-0.03422862191031277,-1.339624389251456,BASCULE_CENTRE,1
59606,Valenciennes,2017,DROITE,0,0,1.1527464159126481,-0.9659972565149249,1.4806344526781543,2.680494360121282,1.7713196242307199,BASCULE_CENTRE,1
59607,Vendegies-au-Bois,2017,DROITE,0,0,0.11940553250314631,0.10224371493547549,-1.032153966622708,-0.8665870818892925,-0.03344497103742868,STABLE_DROITE,0
59608,Vendegies-sur-Ecaillon,2017,DROITE,0,0,0.7270254527102314,1.1501247293523913,-1.032153966622708,-0.24919490566392202,-1.1879634988927883,STABLE_DROITE,0
59609,Vendeville,2017,CENTRE,1,1,1.3578665163647206,1.7287415727878679,1.4510139897910153,0.07836991140466484,-0.058089865720712036,CENTRE,2
59610,Verchain-Maugré,2017,DROITE,0,0,-0.03153189990498331,0.3275167879188676,-1.032153966622708,-0.3304167612946005,-0.9377230298009862,STABLE_DROITE,0
59611,Verlinghem,2017,DROITE,0,0,2.3002579212718883,2.3428241478300595,1.128248965390316,0.4003975259529716,-1.5026598463870244,BASCULE_CENTRE,1
59612,Vertain,2017,DROITE,0,0,0.23164105916560118,0.31996390063225244,-1.032153966622708,-0.8183484011060617,-0.47326155307756546,STABLE_DROITE,0
59613,Vicq,2017,DROITE,0,0,-0.6836590117195932,-0.47079055963598115,0.9536912658228547,0.017277996320523972,0.43859955020392566,STABLE_DROITE,0
59614,Viesly,2017,DROITE,0,0,0.2993693942205313,-0.9374276393872935,0.03088517931595075,0.04106223436870579,0.7703577478635119,STABLE_DROITE,0
59615,Vieux-Berquin,2017,DROITE,0,0,-0.6875292022941611,0.603032980678439,-0.14119629334979594,0.42177356540928723,-0.4960106866313658,STABLE_DROITE,0
59616,Vieux-Condé,2017,DROITE,0,0,-0.17666404645126157,-1.4490536564545309,1.2054030646991525,1.544984436756317,2.334360679687275,STABLE_DROITE,0
59617,Vieux-Mesnil,2017,DROITE,0,0,-0.5423970557478829,0.07531602982667351,-1.032153966622708,-0.6626378504870588,-1.1803804543748548,STABLE_DROITE,0
59618,Vieux-Reng,2017,DROITE,0,0,-0.970053114237583,0.02868516049191887,-1.032153966622708,-0.43198061349653805,0.06703036882518905,STABLE_DROITE,0
59619,Villereau,2017,DROITE,0,0,1.1585517017744982,0.8539201931555697,-1.032153966622708,-0.32960253081025553,0.3229581213054415,STABLE_DROITE,0
59620,Villers-au-Tertre,2017,DROITE,0,0,-1.2874087413521103,0.38629795419295976,-1.032153966622708,-0.6852760365380332,-1.6012394251201585,STABLE_DROITE,0
59622,Villers-en-Cauchies,2017,DROITE,0,0,-0.6507623918357698,-0.29149158317981194,0.2662613891671443,-0.11248361549208111,0.03859395188293907,STABLE_DROITE,0
59623,Villers-Guislain,2017,DROITE,0,0,-1.2100049298607622,-0.7600989813537194,-1.032153966622708,-0.5949470366361245,-1.1216118593608708,STABLE_DROITE,0
59624,Villers-Outréaux,2017,DROITE,0,0,0.8450662652345377,-1.317370708544414,0.8229253824329059,0.2767338503079296,0.10494559141485589,STABLE_DROITE,0
59625,Villers-Plouich,2017,DROITE,0,0,-0.408875480925306,-0.0455301667591695,-1.032153966622708,-1.0124141055901987,-0.6002775487529498,STABLE_DROITE,0
59626,Villers-Pol,2017,DROITE,0,0,0.5838284014512365,0.8420982826199981,-0.03336491739872378,-0.12369517894234522,-0.7879579005718015,BASCULE_CENTRE,1
59627,Villers-Sire-Nicole,2017,DROITE,0,0,-1.316435170661367,0.06874830175135596,-1.032153966622708,-0.32231192762802785,1.543828288692718,STABLE_DROITE,0
59628,Volckerinckhove,2017,DROITE,0,0,0.1077949607794436,0.23983761811337825,-1.032153966622708,-0.7407629563637903,-1.2391490493888389,STABLE_DROITE,0
59629,Vred,2017,DROITE,0,0,-0.5849691520681244,0.3081419900966808,-1.032153966622708,-0.05121620773889111,-0.8789544347870023,STABLE_DROITE,0
59630,Wahagnies,2017,DROITE,0,0,0.20454972514362912,0.07564441623043938,1.2436611359724878,0.45082227303921507,0.6850484970367605,STABLE_DROITE,0
59631,Walincourt-Selvigny,2017,DROITE,0,0,0.49287892294890234,-0.9357857073684641,0.6166210165629006,0.29319853799777,1.3447733700969662,STABLE_DROITE,0
59632,Wallers,2017,DROITE,0,0,-0.49014948299122213,-0.8533607200232287,1.1184637854729442,1.0406408151945237,0.7665662256045452,STABLE_DROITE,0
59633,Wallers-en-Fagne,2017,DROITE,0,0,-1.006819924695973,-0.9912830096048973,-1.032153966622708,-1.2890595979124593,0.7931068814173116,STABLE_DROITE,0
59634,Wallon-Cappel,2017,DROITE,0,0,-0.5578778180461523,0.554760179324855,-1.032153966622708,-0.4583505501948454,-1.7036105261122592,BASCULE_CENTRE,1
59635,Wambaix,2017,DROITE,0,0,-1.2661226931919896,0.5875988197014428,-1.032153966622708,-1.070441935811762,-0.6362970102131337,STABLE_DROITE,0
59636,Wambrechies,2017,DROITE,0,0,1.4739722336017436,0.903834926527983,1.3473114116081426,1.5558661117745076,0.25850224290300694,BASCULE_CENTRE,1
59637,Wandignies-Hamage,2017,DROITE,0,0,0.320655442380652,0.6069736175236295,-1.032153966622708,-0.10632295471274734,-1.034406847404637,STABLE_DROITE,0
59638,Wannehain,2017,DROITE,0,0,0.5664125438656838,0.8516214883292085,-1.032153966622708,-0.17020145914739943,-1.6277800809329253,BASCULE_CENTRE,1
59639,Wargnies-le-Grand,2017,DROITE,0,0,0.2703429649112759,0.8821614238794351,0.13381359211497923,-0.23751905020484063,-1.191755021151755,STABLE_DROITE,0
59640,Wargnies-le-Petit,2017,DROITE,0,0,1.3210997059063305,0.9688554344736269,-1.032153966622708,-0.528398487662925,-0.401222630157198,STABLE_DROITE,0
59641,Warhem,2017,DROITE,0,0,-0.6720484399958905,0.3498470633749473,-0.26256427752121964,0.2614626261010713,0.11063287480330616,STABLE_DROITE,0
59642,Warlaing,2017,DROITE,0,0,0.0865089126193229,0.5905542973353357,-1.032153966622708,-0.750401324382099,-1.9803916510168285,BASCULE_CENTRE,1
59643,Warneton,2017,DROITE,0,0,-1.842781088802536,0.036894820586065816,-1.032153966622708,-1.4360223358726367,0.0784049356020889,BASCULE_CENTRE,1
59645,Wasnes-au-Bac,2017,DROITE,0,0,-0.7707382996473607,-0.608056076410118,-1.032153966622708,-0.6840012178161851,-0.8391434510678522,STABLE_DROITE,0
59646,Wasquehal,2017,DROITE,0,0,2.157060870012892,0.7100869483061152,1.4806344526781543,2.0906516304133143,0.2907301821042242,BASCULE_CENTRE,1
59647,Watten,2017,DROITE,0,0,-0.2598731438044611,-1.1725523044836619,0.3502139462776353,0.43704900262945123,0.30210474888112404,STABLE_DROITE,0
59648,Wattignies,2017,CENTRE,1,1,1.0695373185594488,-0.3305695652279514,1.4806344526781543,1.807416064857851,0.5864689183036265,CENTRE,2
59649,Wattignies-la-Victoire,2017,DROITE,0,0,-1.1538871665295347,0.5731498179357442,-1.032153966622708,-1.4197119673946825,-0.507385253408266,BASCULE_CENTRE,1
59650,Wattrelos,2017,DROITE,0,0,0.06135267388463555,-1.0336448556906956,1.4674494047497146,2.6369608673326326,1.6310333006489521,STABLE_DROITE,0
59651,Wavrechain-sous-Denain,2017,DROITE,0,0,-1.2448366450318689,-1.7751413553940476,0.6509735794919783,0.09138127441283225,0.6736739302598607,STABLE_DROITE,0
59652,Wavrechain-sous-Faulx,2017,DROITE,0,0,-1.0300410681433771,0.2053570457179611,-1.032153966622708,-1.0872282388481829,-0.8808501959164856,STABLE_DROITE,0
59653,Wavrin,2017,DROITE,0,0,0.5644774485784005,0.17842936060915912,1.1280547606360816,1.3001904536367563,0.27177257080939043,STABLE_DROITE,0
59654,Waziers,2017,GAUCHE,1,2,0.11166515135401163,-1.8766127541577038,1.2706558345921526,1.2843767606809409,1.5552028554696185,GAUCHE,3
59655,Wemaers-Cappel,2017,DROITE,0,0,0.6457514506443153,-0.05176950843072117,-1.032153966622708,-1.3942953280280483,-0.0827347604039954,STABLE_DROITE,0
59656,Wervicq-Sud,2017,DROITE,0,0,1.0463161751120433,0.05364252717812558,1.0632224684730163,1.0287476616842377,0.4291207445565088,BASCULE_CENTRE,1
59657,West-Cappel,2017,DROITE,0,0,-1.2061347392861954,0.40961338886033705,-1.032153966622708,-0.702038396436344,-1.4647446237973571,STABLE_DROITE,0
59658,Wicres,2017,DROITE,0,0,1.421724660845084,1.0634307187581997,-1.032153966622708,-0.8943451877283529,-1.8874993556721442,BASCULE_CENTRE,1
59659,Wignehies,2017,DROITE,0,0,0.3090448706569507,-1.6198145864127873,0.9859892833939776,0.5448339747586848,1.3068581475072993,STABLE_DROITE,0
59660,Willems,2017,DROITE,0,0,1.0172897458027879,0.5196228341219061,1.136734581672445,0.5658370445213583,-0.5111767756672326,BASCULE_CENTRE,1
59661,Willies,2017,GAUCHE,1,2,-1.0087550199832565,-0.037320506665022554,-1.032153966622708,-1.7818693196353712,0.30020898775164107,GAUCHE,3
59662,Winnezeele,2017,DROITE,0,0,-0.0005703753084432338,0.09140696361120151,0.13093195978631594,-0.11186538580395054,-0.9794297746496197,STABLE_DROITE,0
59663,Wormhout,2017,DROITE,0,0,-0.29083466840099975,-0.08165267117341606,0.8264026963023416,1.0554720742433554,0.11063287480330616,STABLE_DROITE,0
59664,Wulverdinghe,2017,DROITE,0,0,-1.1945241675624927,-0.8776613139019037,-1.032153966622708,-1.2310250918405479,-1.208816871317105,STABLE_DROITE,0
59665,Wylder,2017,DROITE,0,0,-0.8462070158514254,-0.30134317529278826,-1.032153966622708,-1.2701281852127722,-0.8599968234921689,STABLE_DROITE,0
59666,Zegerscappel,2017,DROITE,0,0,-0.2095606663350836,-0.24420394103752555,-1.032153966622708,0.03595223697486917,-0.6268182045657168,STABLE_DROITE,0
59667,Zermezeele,2017,DROITE,0,0,0.018780577564394142,0.16233842682463112,-1.032153966622708,-1.5341510631452768,-2.1661762417061965,STABLE_DROITE,0
59668,Zuydcoote,2017,DROITE,0,0,-0.6952695834432959,0.5347286086951365,0.5120792772850843,0.1305443026997477,-1.0647390254763707,BASCULE_CENTRE,1
59669,Zuytpeene,2017,DROITE,0,0,-0.8229858724040201,-0.39263459553970226,-1.032153966622708,-0.8138325476670698,-1.3472074337693898,STABLE_DROITE,0
59670,Don,2017,DROITE,0,0,0.15423724767425304,0.5777472275884664,0.25453012447328854,-0.0947482606566798,-1.2770642719785057,BASCULE_CENTRE,1
