code_geo,libelle_commune,annee,bloc_vainqueur,cible_binaire,cible_multiclasse,bloc_cand1_enc,taux_faible_diplome_scaled,bloc_cand3_enc,bloc_cand2_enc,bloc_cand5_enc,revenu_median_scaled,log_delinquance_scaled,cible_transition,cible_transition_enc
59001,Abancourt,2017,DROITE,0,0,0,-0.399200004488888,1,0,0,0.6082871631386931,-1.032153966622708,STABLE_DROITE,0
59002,Abscon,2017,DROITE,0,0,0,-0.8655579687242615,1,2,2,-1.1288769127828002,1.2993386895501795,STABLE_DROITE,0
59003,Aibes,2017,DROITE,0,0,0,-2.2626967661431014,0,2,0,-1.118368547862292,-1.032153966622708,STABLE_DROITE,0
59004,Aix,2017,DROITE,0,0,0,0.5915687826003712,1,0,0,1.5146336375325156,-1.032153966622708,BASCULE_CENTRE,1
59005,Allennes-les-Marais,2017,DROITE,0,0,0,0.5973740684622225,2,1,0,0.678233467140825,0.6609204853675041,STABLE_DROITE,0
59006,Amfroipret,2017,DROITE,0,0,0,-0.04507756691596934,1,0,0,1.2939579742018459,-1.032153966622708,STABLE_DROITE,0
59007,Anhiers,2017,DROITE,0,0,0,-1.3435265046833391,1,2,0,-0.41726357582214313,-1.032153966622708,STABLE_DROITE,0
59008,Aniche,2017,DROITE,0,0,0,-1.0397165445797965,1,2,2,-1.6815512303207725,1.3153602161374423,STABLE_DROITE,0
59009,Villeneuve-d'Ascq,2017,GAUCHE,1,2,2,2.1493204888637587,0,1,2,-0.3348385884769078,1.4806344526781543,GAUCHE,3
59010,Anneux,2017,DROITE,0,0,0,0.3941890632974335,2,1,0,-0.017945708842835768,-1.032153966622708,STABLE_DROITE,0
59011,Annoeullin,2017,DROITE,0,0,0,0.5915687826003712,2,1,2,0.039521911816192835,1.2241602674938425,STABLE_DROITE,0
59012,Anor,2017,DROITE,0,0,0,-0.44564229138369743,1,2,0,-1.26351533832681,0.9301230671341866,STABLE_DROITE,0
59013,Anstaing,2017,CENTRE,1,1,1,1.6132990942861718,0,2,2,1.094627427115958,0.623644761103334,CENTRE,2
59014,Anzin,2017,DROITE,0,0,0,0.028456054000812143,1,2,2,-1.9560822638690463,1.4806344526781543,STABLE_DROITE,0
59015,Arleux,2017,DROITE,0,0,0,-0.10506552082176342,1,2,0,-0.3528998406840311,0.8867461396416385,STABLE_DROITE,0
59016,Armbouts-Cappel,2017,DROITE,0,0,0,-0.4978898641403568,2,1,0,0.44803459810094476,0.22543946514980245,STABLE_DROITE,0
59017,Armentières,2017,DROITE,0,0,0,0.8257153123617003,1,2,2,-1.2004651488037614,1.4806344526781543,STABLE_DROITE,0
59018,Arnèke,2017,DROITE,0,0,0,1.129525272465243,1,0,0,-0.45338608023638965,-0.07348316953298233,STABLE_DROITE,0
59019,Artres,2017,DROITE,0,0,0,0.7057394045501107,2,1,0,0.6017194350633756,-1.032153966622708,STABLE_DROITE,0
59021,Assevent,2017,DROITE,0,0,0,-0.8578175875751268,2,1,0,-0.47571635569246934,0.26935276893215254,STABLE_DROITE,0
59022,Attiches,2017,DROITE,0,0,0,0.68445335638999,0,1,2,1.0348611016305682,0.4442986964611745,BASCULE_CENTRE,1
59023,Aubencheul-au-Bac,2017,DROITE,0,0,0,-0.5636831039080036,2,0,0,0.23294150363429483,-1.032153966622708,STABLE_DROITE,0
59024,Auberchicourt,2017,DROITE,0,0,0,-0.7436469656253887,1,2,2,-0.9072160902408327,1.0538845892341626,STABLE_DROITE,0
59025,Aubers,2017,DROITE,0,0,0,1.5920130461260498,0,1,0,2.1980057437693072,-1.032153966622708,BASCULE_CENTRE,1
59026,Aubigny-au-Bac,2017,DROITE,0,0,0,-0.47853891126751946,1,2,0,-0.03633534745372492,0.5568979114418643,STABLE_DROITE,0
59027,Aubry-du-Hainaut,2017,DROITE,0,0,0,0.814104740637999,0,1,0,0.8348737817371488,0.5991613338562586,BASCULE_CENTRE,1
59028,Auby,2017,DROITE,0,0,0,0.15423724767425304,1,2,2,-1.410960833617689,1.3474480000845501,STABLE_DROITE,0
59029,Auchy-lez-Orchies,2017,DROITE,0,0,0,0.9592368871842772,1,0,0,1.3333643426537511,0.7443043055643109,BASCULE_CENTRE,1
59031,Audignies,2017,DROITE,0,0,0,-0.20375538047323363,1,0,0,0.7114004939211787,-1.032153966622708,STABLE_DROITE,0
59032,Aulnoy-lez-Valenciennes,2017,DROITE,0,0,0,-0.14376742656743818,1,2,2,-0.9742069166090718,1.398682265331404,STABLE_DROITE,0
59033,Aulnoye-Aymeries,2017,DROITE,0,0,0,-1.2932140272139616,1,2,2,-1.4365749731114277,1.268489182862844,STABLE_DROITE,0
59034,Avelin,2017,DROITE,0,0,0,1.3327102776300332,0,1,0,2.122805257306921,0.9552312214753043,BASCULE_CENTRE,1
59035,Avesnelles,2017,DROITE,0,0,0,0.3941890632974335,0,2,0,-0.7945795537491366,0.8410454570456973,STABLE_DROITE,0
59036,Avesnes-sur-Helpe,2017,DROITE,0,0,0,1.071472413846732,0,2,2,-2.2053275443273472,1.4409874940754261,STABLE_DROITE,0
59037,Avesnes-les-Aubert,2017,DROITE,0,0,0,-0.6797888211450265,1,2,0,-1.0904557035421925,1.1846461400182384,STABLE_DROITE,0
59038,Avesnes-le-Sec,2017,DROITE,0,0,0,-1.0513271163034978,0,2,0,-0.17655634186175473,-1.032153966622708,STABLE_DROITE,0
59039,Awoingt,2017,DROITE,0,0,0,0.29743429893324796,0,1,0,0.5728214315319783,-1.032153966622708,STABLE_DROITE,0
59041,Bachant,2017,DROITE,0,0,0,-1.5660624627209654,1,2,0,-1.1003072956551687,0.8292334033688207,STABLE_DROITE,0
59042,Bachy,2017,CENTRE,1,1,1,1.2185396556802937,0,0,0,1.3120192264089692,0.22378278400263987,CENTRE,2
59043,Bailleul,2017,DROITE,0,0,0,0.3729030151373128,2,1,2,0.02441613724296246,1.224326710178643,STABLE_DROITE,0
59044,Baisieux,2017,CENTRE,1,1,1,1.3830227550994094,0,0,0,1.1793511192875545,1.1174767598438964,CENTRE,2
59045,Baives,2017,DROITE,0,0,0,0.6380110694951806,0,0,1,-0.9236354104291266,-1.032153966622708,STABLE_DROITE,0
59046,Bambecque,2017,DROITE,0,0,0,0.003299815266123417,1,0,0,-0.5256310890648828,-1.032153966622708,STABLE_DROITE,0
59047,Banteux,2017,DROITE,0,0,0,-1.2100049298607622,2,0,2,-0.8513904016006335,-1.032153966622708,STABLE_DROITE,0
59048,Bantigny,2017,DROITE,0,0,0,-0.30825052598655384,0,1,0,0.5189660613143744,-1.032153966622708,STABLE_DROITE,0
59049,Bantouzelle,2017,DROITE,0,0,0,0.8102345500634309,1,2,0,-0.7889969848851167,-1.032153966622708,STABLE_DROITE,0
59050,Bas-Lieu,2017,DROITE,0,0,0,-0.9797285906740011,1,0,0,-0.10463971943702749,-1.032153966622708,STABLE_DROITE,0
59051,La Bassée,2017,DROITE,0,0,0,0.14843196181240167,2,1,0,-0.6898242909478216,1.3528871243100247,STABLE_DROITE,0
59052,Bauvin,2017,DROITE,0,0,0,-0.47853891126751946,1,2,2,-0.18213891072577465,0.9751600431551832,STABLE_DROITE,0
59053,Bavay,2017,DROITE,0,0,0,-0.20569047576051697,1,0,0,-0.8343143086048078,1.2388022053749463,STABLE_DROITE,0
59054,Bavinchove,2017,DROITE,0,0,0,-0.36436828931778126,2,1,0,-0.044545007547871864,0.2853354986459488,STABLE_DROITE,0
59055,Bazuel,2017,DROITE,0,0,0,0.3516169669771921,1,0,0,-1.0802757250254502,0.7644741843434211,STABLE_DROITE,0
59056,Beaucamps-Ligny,2017,DROITE,0,0,0,2.8498249828604627,0,1,0,2.0745324559533374,0.7853596891611426,BASCULE_CENTRE,1
59057,Beaudignies,2017,DROITE,0,0,0,-0.8616877781496949,1,0,0,-0.04355984833657423,-1.032153966622708,STABLE_DROITE,0
59058,Beaufort,2017,DROITE,0,0,0,-0.9835987812485677,1,0,0,-0.008750889537391192,-1.032153966622708,STABLE_DROITE,0
59059,Beaumont-en-Cambrésis,2017,DROITE,0,0,0,0.18713386755807643,2,1,0,-1.0129565122534454,-1.032153966622708,STABLE_DROITE,0
59060,Beaurain,2017,DROITE,0,0,0,-0.28696447782643314,2,1,0,-0.611011554044011,-1.032153966622708,STABLE_DROITE,0
59061,Beaurepaire-sur-Sambre,2017,DROITE,0,0,0,0.7599220725940549,1,0,0,-1.0651699504522198,-1.032153966622708,STABLE_DROITE,0
59062,Beaurieux,2017,DROITE,0,0,0,-0.9313512084919083,1,0,3,0.40632952482267826,-1.032153966622708,STABLE_DROITE,0
59063,Beauvois-en-Cambrésis,2017,DROITE,0,0,0,-0.6256061531010824,2,1,0,-0.9745353030128376,0.6113007415663018,STABLE_DROITE,0
59064,Bellaing,2017,DROITE,0,0,0,-0.9642478283757318,1,2,0,-0.31776249548108215,1.187654099179683,STABLE_DROITE,0
59065,Bellignies,2017,DROITE,0,0,0,-0.8171805865421687,2,1,2,-0.06851721502278094,-1.032153966622708,STABLE_DROITE,0
59066,Bérelles,2017,DROITE,0,0,0,-1.0977694031983072,0,1,0,0.6726508982768051,-1.032153966622708,STABLE_DROITE,0
59067,Bergues,2017,DROITE,0,0,0,0.7947537877651616,1,0,0,-0.5078982232615253,1.1022781591522615,STABLE_DROITE,0
59068,Berlaimont,2017,DROITE,0,0,0,-0.4166158620744407,0,2,0,-0.8149395107826211,0.8136637708645176,STABLE_DROITE,0
59069,Bermerain,2017,DROITE,0,0,0,-0.219236142771503,1,2,0,-0.02352827770685569,-1.032153966622708,STABLE_DROITE,0
59070,Bermeries,2017,DROITE,0,0,0,-0.08764966323621075,1,0,0,0.40698629763021005,0.18968881724744108,STABLE_DROITE,0
59071,Bersée,2017,CENTRE,1,1,1,0.667037498804436,0,0,0,1.3087353623713103,0.24578457024348446,CENTRE,2
59072,Bersillies,2017,DROITE,0,0,0,-1.8350407076534012,0,1,0,0.3820289309440033,-1.032153966622708,BASCULE_CENTRE,1
59073,Berthen,2017,DROITE,0,0,0,0.3458116811153407,1,0,0,0.34787674495235205,-1.032153966622708,BASCULE_CENTRE,1
59074,Bertry,2017,DROITE,0,0,0,-0.5559427227588689,1,2,0,-0.823149170876768,0.5157235686734188,STABLE_DROITE,0
59075,Béthencourt,2017,DROITE,0,0,0,-0.7165556316034166,1,0,0,-0.5164362697594382,0.7806278354694375,STABLE_DROITE,0
59076,Bettignies,2017,DROITE,0,0,0,-2.0885381902875664,1,2,0,-0.592293529029356,-1.032153966622708,STABLE_DROITE,0
59077,Bettrechies,2017,DROITE,0,0,0,0.9476263154605745,1,2,0,-0.11087906110857917,-1.032153966622708,STABLE_DROITE,0
59078,Beugnies,2017,DROITE,0,0,0,-0.9274810179173403,0,2,0,-0.42875709995394884,-1.032153966622708,STABLE_DROITE,0
59079,Beuvrages,2017,DROITE,0,0,0,-1.169367928827804,1,2,2,-1.8161896558647823,1.104501042025633,STABLE_DROITE,0
59080,Beuvry-la-Forêt,2017,DROITE,0,0,0,0.3496818716899074,0,1,0,0.7022056746157341,0.7341518521719355,STABLE_DROITE,0
59081,Bévillers,2017,DROITE,0,0,0,-0.0721689009379414,1,0,0,-0.46553637717572716,-1.032153966622708,STABLE_DROITE,0
59082,Bierne,2017,DROITE,0,0,0,-0.8442719205641408,2,1,0,0.662142533356297,0.23120339551472807,STABLE_DROITE,0
59083,Bissezeele,2017,DROITE,0,0,0,0.6767129752408554,2,0,0,0.4355559147578414,-1.032153966622708,STABLE_DROITE,0
59084,Blaringhem,2017,DROITE,0,0,0,-0.31212071656112045,0,1,0,-0.31874765469237976,0.2026937101470827,STABLE_DROITE,0
59085,Blécourt,2017,DROITE,0,0,0,-0.6778537258577418,1,0,0,0.5905542973353357,-1.032153966622708,STABLE_DROITE,0
59086,Boeschepe,2017,DROITE,0,0,0,0.487073637087051,2,1,2,0.16496551805475815,-0.2104800477116946,STABLE_DROITE,0
59087,Boëseghem,2017,DROITE,0,0,0,-0.38952452805247,2,1,2,-0.5154511105481405,-1.032153966622708,STABLE_DROITE,0
59088,Bois-Grenier,2017,DROITE,0,0,0,1.934524911975267,0,1,0,1.8476174509511156,0.9333174933357382,BASCULE_CENTRE,1
59089,Bollezeele,2017,DROITE,0,0,0,0.37096791985002947,2,0,0,-0.4809705381527234,-1.032153966622708,STABLE_DROITE,0
59090,Bondues,2017,DROITE,0,0,0,2.894332174467986,0,1,0,3.621232417690621,1.1239624116052533,BASCULE_CENTRE,1
59091,Borre,2017,DROITE,0,0,0,-0.21730104748421966,1,0,0,0.43194366431641673,-1.032153966622708,BASCULE_CENTRE,1
59092,Bouchain,2017,DROITE,0,0,0,-0.5946446285045424,1,2,0,-0.578501300071189,1.3288729313518153,STABLE_DROITE,0
59093,Boulogne-sur-Helpe,2017,DROITE,0,0,0,-1.0977694031983072,1,0,0,-0.3256437691714632,-1.032153966622708,BASCULE_CENTRE,1
59094,Bourbourg,2017,DROITE,0,0,0,-0.4417721008091294,1,2,0,-1.0628712456258587,0.93807862538726,STABLE_DROITE,0
59096,Bourghelles,2017,DROITE,0,0,0,1.7332750020977599,0,1,0,1.7579679627230311,0.5622199082312502,BASCULE_CENTRE,1
59097,Boursies,2017,DROITE,0,0,0,-1.9704973777632602,2,0,0,-0.5525587741736847,-1.032153966622708,STABLE_DROITE,0
59098,Bousbecque,2017,DROITE,0,0,0,0.11747043721586298,1,0,0,0.4657674639043021,1.0549776088937293,BASCULE_CENTRE,1
59099,Bousies,2017,DROITE,0,0,0,-0.24826257208075836,1,2,2,-0.8819303371508601,-0.10080824099391622,STABLE_DROITE,0
59100,Bousignies,2017,DROITE,0,0,0,0.49287892294890234,1,0,2,0.629960665787241,-1.032153966622708,BASCULE_CENTRE,1
59101,Bousignies-sur-Roc,2017,DROITE,0,0,0,-0.8365315394150061,2,0,0,0.06349411929110191,-1.032153966622708,STABLE_DROITE,0
59102,Boussières-en-Cambrésis,2017,DROITE,0,0,0,-0.18053423702582824,1,0,0,-0.3256437691714632,-1.032153966622708,STABLE_DROITE,0
59103,Boussières-sur-Sambre,2017,DROITE,0,0,0,-1.5660624627209654,1,2,0,-0.04782887158553064,-1.032153966622708,STABLE_DROITE,0
59104,Boussois,2017,DROITE,0,0,0,-1.1306660230821306,1,2,2,-1.1722239180798961,0.9582997584399592,STABLE_DROITE,0
59105,Bouvignies,2017,DROITE,0,0,0,0.9979387929299506,0,1,2,1.188874324996765,0.2739612615492571,BASCULE_CENTRE,1
59106,Bouvines,2017,CENTRE,1,1,1,2.2905824448354704,0,0,2,2.1267458941521116,-1.032153966622708,CENTRE,2
59107,Bray-Dunes,2017,DROITE,0,0,0,-0.5095004358640596,1,0,0,-0.27901289983670857,1.3396142576967682,STABLE_DROITE,0
59108,Briastre,2017,DROITE,0,0,0,0.07102815032105356,1,2,2,-0.7981918041905612,-1.032153966622708,STABLE_DROITE,0
59109,Brillon,2017,DROITE,0,0,0,1.5126741393474181,0,1,0,0.9081039497769394,-1.032153966622708,BASCULE_CENTRE,1
59110,Brouckerque,2017,DROITE,0,0,0,-1.0281059728560937,1,0,0,1.0985680639611486,-1.032153966622708,STABLE_DROITE,0
59111,Broxeele,2017,DROITE,0,0,0,-1.9279252814430188,1,0,2,0.15544231234554767,-1.032153966622708,STABLE_DROITE,0
59112,Bruay-sur-l'Escaut,2017,DROITE,0,0,0,-0.6004499143663937,1,2,0,-1.7541246255530314,1.4597422470041581,STABLE_DROITE,0
59113,Bruille-lez-Marchiennes,2017,GAUCHE,1,2,2,-1.4905937465169006,1,0,0,-0.7676518686403346,0.7806278354694375,GAUCHE,3
59114,Bruille-Saint-Amand,2017,DROITE,0,0,0,0.310979965944234,1,2,0,0.21192477379327865,0.5341360937330024,STABLE_DROITE,0
59115,Brunémont,2017,DROITE,0,0,0,-0.48434419712937077,2,1,0,-0.1768847282655206,-1.032153966622708,STABLE_DROITE,0
59116,Bry,2017,DROITE,0,0,0,1.7448855738214626,1,0,0,1.2401026039842418,-1.032153966622708,BASCULE_CENTRE,1
59117,Bugnicourt,2017,DROITE,0,0,0,-0.7668681090727927,1,2,0,-0.24880135069024784,0.34066199085273285,STABLE_DROITE,0
59118,Busigny,2017,DROITE,0,0,0,-0.2308467144952057,1,2,0,-1.3676138283205932,0.5285675648282266,STABLE_DROITE,0
59119,Buysscheure,2017,DROITE,0,0,0,-0.45918795839468346,2,0,0,-0.26784776210866873,-1.032153966622708,STABLE_DROITE,0
59120,Caëstre,2017,DROITE,0,0,0,0.29743429893324796,1,0,0,0.36199736031428476,0.3488583162667251,STABLE_DROITE,0
59121,Cagnoncles,2017,DROITE,0,0,0,0.8218451217871336,1,0,0,0.2069989777367905,-1.032153966622708,STABLE_DROITE,0
59122,Cambrai,2017,DROITE,0,0,0,0.4232154926066889,1,0,0,-1.056303517550541,1.4432165807632398,STABLE_DROITE,0
59123,Camphin-en-Carembault,2017,DROITE,0,0,0,0.11940553250314631,0,1,0,1.051280421818862,0.6534752364453769,BASCULE_CENTRE,1
59124,Camphin-en-Pévèle,2017,DROITE,0,0,0,1.934524911975267,0,1,0,1.7362944600744832,0.7507445762555456,BASCULE_CENTRE,1
59125,Cantaing-sur-Escaut,2017,DROITE,0,0,0,-0.8462070158514254,1,0,2,0.3028878076364268,-1.032153966622708,STABLE_DROITE,0
59126,Cantin,2017,DROITE,0,0,0,-0.6333465342502171,2,1,0,-0.13714997340984939,0.31897505705283324,STABLE_DROITE,0
59127,Capelle,2017,DROITE,0,0,0,0.28388863192226194,2,1,0,0.5695375674943195,-1.032153966622708,BASCULE_CENTRE,1
59128,Capinghem,2017,DROITE,0,0,0,2.1802820134602974,0,1,0,1.194128507457019,1.421044017183282,BASCULE_CENTRE,1
59129,Cappelle-en-Pévèle,2017,CENTRE,1,1,1,1.1237199866033916,0,0,0,1.057191377086648,0.75323125318728,CENTRE,2
59130,Cappelle-Brouck,2017,DROITE,0,0,0,-0.21536595219693497,2,0,0,-0.2162910967174259,-1.032153966622708,STABLE_DROITE,0
59131,Cappelle-la-Grande,2017,DROITE,0,0,0,-0.44564229138369743,1,2,0,-0.7302158186110246,0.90172953615887,STABLE_DROITE,0
59132,Carnières,2017,DROITE,0,0,0,-0.021856423468563937,1,2,0,-0.16998861378643718,0.6771536318662451,STABLE_DROITE,0
59133,Carnin,2017,DROITE,0,0,0,0.837325884085403,0,1,2,1.2982269974508023,-1.032153966622708,BASCULE_CENTRE,1
59134,Cartignies,2017,DROITE,0,0,0,-0.5114355311513429,1,0,2,-0.696720405426905,-1.032153966622708,STABLE_DROITE,0
59135,Cassel,2017,DROITE,0,0,0,1.1798377499346202,1,0,0,0.03755159339359757,0.7030466385814694,BASCULE_CENTRE,1
59136,Le Cateau-Cambrésis,2017,DROITE,0,0,0,0.7812081207541756,1,2,0,-1.8040393589254449,1.289074359312165,STABLE_DROITE,0
59137,Catillon-sur-Sambre,2017,DROITE,0,0,0,0.0555473880227842,2,0,0,-1.0241216499814851,0.17997631830547156,STABLE_DROITE,0
59138,Cattenières,2017,DROITE,0,0,0,-1.0184304964196758,1,0,0,-0.2254859160228705,-1.032153966622708,STABLE_DROITE,0
59139,Caudry,2017,DROITE,0,0,0,0.4406313501922429,1,2,2,-1.5561076240822072,1.4806344526781543,STABLE_DROITE,0
59140,Caullery,2017,DROITE,0,0,0,-0.016051137606712586,2,1,0,-0.7919524625190096,-1.032153966622708,STABLE_DROITE,0
59141,Cauroir,2017,DROITE,0,0,0,-0.2772890013900137,0,1,0,-0.24880135069024784,-1.032153966622708,STABLE_DROITE,0
59142,Cerfontaine,2017,DROITE,0,0,0,-1.9298603767303022,0,1,0,-0.09413135451651941,-1.032153966622708,STABLE_DROITE,0
59143,La Chapelle-d'Armentières,2017,DROITE,0,0,0,0.4890087323743357,0,1,0,0.2585556431280333,1.3036027072816643,BASCULE_CENTRE,1
59144,Château-l'Abbaye,2017,DROITE,0,0,0,-0.06442851978880534,2,0,0,0.6716657390655075,-1.032153966622708,STABLE_DROITE,0
59145,Chemy,2017,DROITE,0,0,0,0.2239006780164665,0,1,0,1.723487390327614,-1.032153966622708,BASCULE_CENTRE,1
59146,Chéreng,2017,DROITE,0,0,0,1.611363998998887,0,1,2,2.051545407689726,0.7588780838725375,BASCULE_CENTRE,1
59147,Choisies,2017,DROITE,0,0,0,-1.322240456523217,1,0,2,-0.04914241720059415,-1.032153966622708,STABLE_DROITE,0
59148,Clairfayts,2017,DROITE,0,0,0,-1.4209303161746871,0,2,2,-0.46061058111923897,-1.032153966622708,STABLE_DROITE,0
59149,Clary,2017,DROITE,0,0,0,-0.19795009461138227,2,0,0,-0.3542133862990946,0.28156711604501244,STABLE_DROITE,0
59150,Cobrieux,2017,DROITE,0,0,0,2.1783469181730153,0,1,2,2.6892718038030603,-1.032153966622708,BASCULE_CENTRE,1
59151,Colleret,2017,DROITE,0,0,0,-1.1384064042312654,2,0,0,-0.19264727564628273,0.5821320246830753,STABLE_DROITE,0
59152,Comines,2017,DROITE,0,0,0,0.5780231155893851,0,2,0,-0.21924657435131883,1.1988496691827402,STABLE_DROITE,0
59153,Condé-sur-l'Escaut,2017,DROITE,0,0,0,0.7115446904119621,1,2,2,-1.9721731976535741,1.454933861934529,STABLE_DROITE,0
59155,Coudekerque-Branche,2017,DROITE,0,0,0,-0.18633952288767958,1,2,0,-0.6642101514540831,1.2824395551817613,STABLE_DROITE,0
59156,Courchelettes,2017,DROITE,0,0,0,-0.26761352495359575,1,2,0,-0.5423787956569425,0.5544637084842442,STABLE_DROITE,0
59157,Cousolre,2017,DROITE,0,0,0,-0.42435624322357673,1,0,0,-0.8576297432721851,0.6538912042365679,STABLE_DROITE,0
59158,Coutiches,2017,DROITE,0,0,0,0.9379508390241565,0,1,0,1.2617761066327897,0.6949241101881412,BASCULE_CENTRE,1
59159,Craywick,2017,DROITE,0,0,0,-1.4035144585891333,0,2,0,-0.27901289983670857,0.36625547854128365,STABLE_DROITE,0
59160,Crespin,2017,DROITE,0,0,0,-0.44951248195826404,1,2,0,-1.3800925116636966,1.1796599702168422,STABLE_DROITE,0
59161,Crèvecoeur-sur-l'Escaut,2017,DROITE,0,0,0,0.0981194843430256,1,0,0,0.30485812605902207,-1.032153966622708,STABLE_DROITE,0
59162,Crochte,2017,CENTRE,1,1,1,-0.1476376171420062,0,0,0,1.016799849423445,-1.032153966622708,CENTRE,2
59163,Croix,2017,DROITE,0,0,0,2.2422050626533774,2,1,2,-0.006780571114795925,1.4806344526781543,BASCULE_CENTRE,1
59164,Croix-Caluyau,2017,DROITE,0,0,0,0.2703429649112759,2,0,0,0.015878090745049638,-1.032153966622708,STABLE_DROITE,0
59165,Cuincy,2017,DROITE,0,0,0,-0.35275771759407853,1,2,0,0.049701890332935046,1.1384561260500983,STABLE_DROITE,0
59166,Curgies,2017,DROITE,0,0,0,0.7212201668483801,0,1,0,1.0913435630782993,-1.032153966622708,BASCULE_CENTRE,1
59167,Cuvillers,2017,DROITE,0,0,0,-1.0319761634306606,0,0,2,0.20272995448783407,-1.032153966622708,STABLE_DROITE,0
59168,Cysoing,2017,CENTRE,1,1,1,1.9403301978371184,0,0,2,1.2148168508942694,1.0350036650237513,CENTRE,2
59169,Damousies,2017,DROITE,0,0,0,-1.7963388019077267,1,0,0,-0.1841092291483699,-1.032153966622708,STABLE_DROITE,0
59170,Dechy,2017,DROITE,0,0,0,-0.31212071656112045,1,2,0,-1.427380153805983,1.2478417673975115,STABLE_DROITE,0
59171,Dehéries,2017,DROITE,0,0,0,-0.40694038563802265,0,0,2,-0.04914241720059415,-1.032153966622708,BASCULE_CENTRE,1
59172,Denain,2017,DROITE,0,0,0,0.41547511145755417,1,2,0,-2.4929940340262564,1.4806344526781543,STABLE_DROITE,0
59173,Deûlémont,2017,DROITE,0,0,0,0.4832034465124843,1,0,0,0.9997237564276193,1.1373089586095553,BASCULE_CENTRE,1
59174,Dimechaux,2017,DROITE,0,0,0,-0.2753539061027304,1,0,0,-0.03797727947255431,-1.032153966622708,STABLE_DROITE,0
59175,Dimont,2017,DROITE,0,0,0,-1.016495401132391,0,2,0,-0.016632163227772258,-1.032153966622708,BASCULE_CENTRE,1
59176,Doignies,2017,DROITE,0,0,0,-0.9332863037791916,0,0,1,-0.5430355684644743,-1.032153966622708,STABLE_DROITE,0
59177,Dompierre-sur-Helpe,2017,DROITE,0,0,0,-0.7881541572329134,0,2,0,-0.4372951464518616,0.3427212051054199,STABLE_DROITE,0
59178,Douai,2017,DROITE,0,0,0,0.5780231155893851,1,2,2,-1.2618734063079806,1.4806344526781543,STABLE_DROITE,0
59179,Douchy-les-Mines,2017,DROITE,0,0,0,-1.1771083099769388,1,2,2,-1.6280242465069343,1.1934519375547,STABLE_DROITE,0
59180,Le Doulieu,2017,DROITE,0,0,0,0.29356410835867996,1,0,0,0.5426098823855176,-1.032153966622708,BASCULE_CENTRE,1
59181,Dourlers,2017,DROITE,0,0,0,-0.3392120505830925,1,0,0,0.22341829792508439,-1.032153966622708,STABLE_DROITE,0
59182,Drincham,2017,DROITE,0,0,0,-1.8950286615591954,0,1,2,-0.22384398400404112,-1.032153966622708,STABLE_DROITE,0
59183,Dunkerque,2017,DROITE,0,0,0,0.43482606433039156,1,2,2,-0.8385833318537642,1.4806344526781543,STABLE_DROITE,0
59184,Ebblinghem,2017,DROITE,0,0,0,-0.46112305368196677,0,1,0,-0.06720366940771744,-1.032153966622708,STABLE_DROITE,0
59185,Ecaillon,2017,DROITE,0,0,0,-0.31986109771025517,1,2,2,-1.2979959107222272,0.35291638758428795,STABLE_DROITE,0
59186,Eccles,2017,DROITE,0,0,0,1.286267990735224,1,0,2,-0.04914241720059415,-1.032153966622708,STABLE_DROITE,0
59187,Eclaibes,2017,DROITE,0,0,0,-0.041207376341401314,1,0,0,0.4726635783833856,-1.032153966622708,BASCULE_CENTRE,1
59188,Ecuélin,2017,DROITE,0,0,0,-3.330869364723709,2,1,2,0.6811889447747179,-1.032153966622708,STABLE_DROITE,0
59189,Eecke,2017,DROITE,0,0,0,0.5915687826003712,1,0,0,0.8122151198773032,-1.032153966622708,STABLE_DROITE,0
59190,Elesmes,2017,DROITE,0,0,0,-0.6101253908028117,0,1,0,1.1419150692582445,-1.032153966622708,STABLE_DROITE,0
59191,Elincourt,2017,DROITE,0,0,0,-0.014116042319429261,0,2,0,-1.1173833886509945,-1.032153966622708,STABLE_DROITE,0
59192,Emerchicourt,2017,DROITE,0,0,0,-0.8191156818294535,1,2,0,-0.19855823091406852,0.15176073669407364,STABLE_DROITE,0
59193,Emmerin,2017,CENTRE,1,1,1,0.6999341186882594,0,0,2,1.1051357920364662,1.0169270879149543,CENTRE,2
59194,Englefontaine,2017,DROITE,0,0,0,0.24325163088930388,1,2,0,-0.8825871099583918,0.12025043666055556,STABLE_DROITE,0
59195,Englos,2017,DROITE,0,0,0,1.3210997059063305,0,1,2,2.2239482696668116,1.4806344526781543,BASCULE_CENTRE,1
59196,Ennetières-en-Weppes,2017,DROITE,0,0,0,2.0603061056487064,0,1,0,2.0489183164595985,1.2497618667678052,BASCULE_CENTRE,1
59197,Ennevelin,2017,DROITE,0,0,0,1.220474750967577,0,1,2,1.8203613794385478,0.25215712448283206,BASCULE_CENTRE,1
59198,Eppe-Sauvage,2017,GAUCHE,1,2,2,-0.1998851898986656,0,0,2,-0.0005412294432442482,1.1594910204953963,GAUCHE,3
59199,Erchin,2017,DROITE,0,0,0,-0.7281662033271192,1,0,0,0.783317116345906,-1.032153966622708,BASCULE_CENTRE,1
59200,Eringhem,2017,DROITE,0,0,0,-0.602385009653677,1,0,0,-0.3377940661108007,-1.032153966622708,STABLE_DROITE,0
59201,Erquinghem-le-Sec,2017,DROITE,0,0,0,2.0293445810521678,0,1,0,1.7333389824405903,-1.032153966622708,BASCULE_CENTRE,1
59202,Erquinghem-Lys,2017,DROITE,0,0,0,0.17745839112165843,2,1,0,-0.0025115478658395145,1.1170815112620056,BASCULE_CENTRE,1
59203,Erre,2017,DROITE,0,0,0,-0.1457025218547215,1,2,2,-0.2566826243806289,0.38829627866349725,STABLE_DROITE,0
59204,Escarmain,2017,DROITE,0,0,0,-0.6720484399958905,2,0,0,0.005698112228307429,-1.032153966622708,STABLE_DROITE,0
59205,Escaudain,2017,DROITE,0,0,0,-0.5230461028750456,1,2,0,-1.8240709295551634,1.3232190532431536,STABLE_DROITE,0
59206,Escaudoeuvres,2017,DROITE,0,0,0,-0.12054628312003415,1,2,0,-0.7981918041905612,1.146616244266751,STABLE_DROITE,0
59207,Escautpont,2017,DROITE,0,0,0,-0.762997918498226,1,2,0,-1.9738151296724036,1.4737256467035786,STABLE_DROITE,0
59208,Escobecques,2017,DROITE,0,0,0,4.045713870401794,0,1,0,4.515756981548872,-1.032153966622708,BASCULE_CENTRE,1
59209,Esnes,2017,DROITE,0,0,0,-1.0803535456127533,0,1,0,-0.30626897134927644,-1.032153966622708,STABLE_DROITE,0
59210,Esquelbecq,2017,DROITE,0,0,0,-0.3334067647212412,1,0,0,0.08680955395847924,0.26780899678099906,BASCULE_CENTRE,1
59211,Esquerchin,2017,DROITE,0,0,0,-0.3972649092016047,1,0,0,0.549505996864601,-1.032153966622708,STABLE_DROITE,0
59212,Estaires,2017,DROITE,0,0,0,0.06909305503377022,2,1,0,-0.4126661661694208,1.1775107613769162,STABLE_DROITE,0
59213,Estourmel,2017,DROITE,0,0,0,0.08263872204475625,0,1,0,0.8109015742622396,-1.032153966622708,STABLE_DROITE,0
59214,Estrées,2017,DROITE,0,0,0,0.5393212098437118,2,1,2,0.7645990913312509,-1.032153966622708,STABLE_DROITE,0
59215,Estreux,2017,DROITE,0,0,0,1.057926746835746,0,1,2,1.2230265109884162,0.4325452959934614,BASCULE_CENTRE,1
59216,Eswars,2017,DROITE,0,0,0,-0.12635156898188413,0,1,0,0.9005510624903242,-1.032153966622708,STABLE_DROITE,0
59217,Eth,2017,DROITE,0,0,0,0.8837681709802124,1,0,0,2.9014094206358174,-1.032153966622708,STABLE_DROITE,0
59218,Etroeungt,2017,DROITE,0,0,0,-0.34308224115766056,1,0,0,-1.0947247267911488,0.24818192436678324,STABLE_DROITE,0
59219,Estrun,2017,DROITE,0,0,0,0.823780217074417,0,1,0,0.7117288803249445,-1.032153966622708,STABLE_DROITE,0
59220,Faches-Thumesnil,2017,GAUCHE,1,2,2,1.4623616618780408,0,1,2,-0.15061381596425039,1.4806344526781543,GAUCHE,3
59221,Famars,2017,CENTRE,1,1,1,0.6244654024841946,0,0,0,0.3718489524272611,0.9306566104166223,CENTRE,2
59222,Faumont,2017,DROITE,0,0,0,0.4986842088107537,0,1,0,1.2657167434779804,0.5004849845505591,BASCULE_CENTRE,1
59223,Le Favril,2017,DROITE,0,0,0,-0.19601499932409897,0,2,0,-0.34304824857105476,-1.032153966622708,STABLE_DROITE,0
59224,Féchain,2017,DROITE,0,0,0,0.5818933061639532,1,2,0,-0.17163054580526654,0.3760756253397677,STABLE_DROITE,0
59225,Feignies,2017,DROITE,0,0,0,-0.762997918498226,1,2,0,-1.1459530057786258,1.1174767598438964,STABLE_DROITE,0
59226,Felleries,2017,DROITE,0,0,0,0.7521816914449202,0,1,2,-0.5312136579289026,0.37347201969284827,STABLE_DROITE,0
59227,Fenain,2017,DROITE,0,0,0,-0.8907142074589502,1,2,2,-1.0628712456258587,0.9879381680315327,STABLE_DROITE,0
59228,Férin,2017,DROITE,0,0,0,-0.44757738667098074,0,1,0,0.5997491166407802,0.18968881724744108,STABLE_DROITE,0
59229,Féron,2017,DROITE,0,0,0,0.5064245899598884,1,0,0,-0.5880245057803996,-1.032153966622708,BASCULE_CENTRE,1
59230,Ferrière-la-Grande,2017,DROITE,0,0,0,-0.8907142074589502,1,2,2,-1.1581033027179632,1.109523740937911,STABLE_DROITE,0
59231,Ferrière-la-Petite,2017,DROITE,0,0,0,-1.159692452391386,0,2,0,-0.8724071314416496,-1.032153966622708,STABLE_DROITE,0
59232,La Flamengrie,2017,DROITE,0,0,0,-0.8113753006803187,0,1,2,0.6256916425382846,-1.032153966622708,STABLE_DROITE,0
59233,Flaumont-Waudrechies,2017,DROITE,0,0,0,-0.7746084902219273,1,2,0,-0.4422209425083498,-1.032153966622708,STABLE_DROITE,0
59234,Flers-en-Escrebieux,2017,DROITE,0,0,0,-0.768803204360076,1,2,0,-1.1406988233183717,1.4806344526781543,STABLE_DROITE,0
59236,Flesquières,2017,DROITE,0,0,0,0.7773379301796075,0,1,2,-0.2711316261463275,-1.032153966622708,STABLE_DROITE,0
59237,Flêtre,2017,DROITE,0,0,0,-0.1244164736946008,0,1,0,0.4841571025151913,-1.032153966622708,STABLE_DROITE,0
59238,Flines-lès-Mortagne,2017,DROITE,0,0,0,-0.8210507771167368,1,2,0,0.600734275852078,-0.1655081300355679,STABLE_DROITE,0
59239,Flines-lez-Raches,2017,DROITE,0,0,0,-0.3488875270195119,1,2,0,0.3869547270004915,0.8595506486140886,STABLE_DROITE,0
59240,Floursies,2017,DROITE,0,0,0,0.7173499762738135,0,1,0,0.82600734883547,-1.032153966622708,STABLE_DROITE,0
59241,Floyon,2017,DROITE,0,0,0,-1.2429015497445854,1,0,0,-0.7558299581047631,-1.032153966622708,STABLE_DROITE,0
59242,Fontaine-au-Bois,2017,DROITE,0,0,0,-1.4809182700804813,1,0,0,-0.04815725798929652,-1.032153966622708,STABLE_DROITE,0
59243,Fontaine-au-Pire,2017,DROITE,0,0,0,-0.10506552082176342,0,2,0,-0.5019872679937396,0.15916542114259424,STABLE_DROITE,0
59244,Fontaine-Notre-Dame,2017,DROITE,0,0,0,-0.2540678579426097,0,1,0,0.08976503159237213,0.554951310657213,STABLE_DROITE,0
59246,Forest-en-Cambrésis,2017,DROITE,0,0,0,-0.952637256652029,1,0,0,-0.6628966058390197,-1.032153966622708,STABLE_DROITE,0
59247,Forest-sur-Marque,2017,CENTRE,1,1,1,2.3679862563268173,0,0,2,1.4295815589571532,1.261002922571533,CENTRE,2
59249,Fourmies,2017,DROITE,0,0,0,0.07102815032105356,1,2,0,-1.9124068721681844,1.4806344526781543,STABLE_DROITE,0
59250,Fournes-en-Weppes,2017,DROITE,0,0,0,1.8435754334729328,0,1,0,1.9983468102796536,0.6157374536570839,BASCULE_CENTRE,1
59251,Frasnoy,2017,DROITE,0,0,0,1.4604265665907574,2,0,0,0.82600734883547,-1.032153966622708,STABLE_DROITE,0
59252,Frelinghien,2017,DROITE,0,0,0,0.8063643594888643,1,0,0,0.6913689232914602,1.0068629182143192,BASCULE_CENTRE,1
59253,Fresnes-sur-Escaut,2017,DROITE,0,0,0,0.09231419848117425,1,2,0,-1.6966570048940028,1.2502409682482836,STABLE_DROITE,0
59254,Fressain,2017,DROITE,0,0,0,-0.565618199195287,1,2,2,0.5964652526031214,-1.032153966622708,STABLE_DROITE,0
59255,Fressies,2017,DROITE,0,0,0,-1.2951491225012464,0,1,0,-0.40150102844138097,-1.032153966622708,STABLE_DROITE,0
59256,Fretin,2017,CENTRE,1,1,1,1.220474750967577,2,0,2,0.8519498747329743,1.298157253929715,CENTRE,2
59257,Fromelles,2017,DROITE,0,0,0,0.5973740684622225,1,0,0,1.3681733014529343,-1.032153966622708,BASCULE_CENTRE,1
59258,Genech,2017,CENTRE,1,1,1,1.533960187507539,0,0,0,1.5225149112228966,0.8101144065937337,CENTRE,2
59259,Ghissignies,2017,CENTRE,1,1,1,0.6979990234009761,0,0,0,1.1271376810887799,-1.032153966622708,CENTRE,2
59260,Ghyvelde,2017,DROITE,0,0,0,-0.49014948299122213,0,2,0,0.30452973965525615,0.9927838692017328,STABLE_DROITE,0
59261,Glageon,2017,DROITE,0,0,0,-0.0005703753084432338,2,1,0,-1.4165434024817092,0.38574335810587085,STABLE_DROITE,0
59262,Godewaersvelde,2017,DROITE,0,0,0,0.6979990234009761,2,0,0,0.014236158726220251,0.0703092702535819,STABLE_DROITE,0
59263,Goeulzin,2017,DROITE,0,0,0,0.6244654024841946,1,0,0,0.9521077278815671,-1.032153966622708,STABLE_DROITE,0
59264,Gognies-Chaussée,2017,DROITE,0,0,0,-1.4499567454839426,1,0,2,0.2693923944523073,0.22626615637155273,STABLE_DROITE,0
59265,Gommegnies,2017,DROITE,0,0,0,0.4193453020321222,2,1,0,0.4388397787955002,0.29576727882867465,STABLE_DROITE,0
59266,Gondecourt,2017,CENTRE,1,1,1,1.0540565562611781,0,0,0,0.9741096169338809,1.031611507008495,CENTRE,2
59267,Gonnelieu,2017,DROITE,0,0,0,-1.5254254616880074,1,2,0,-0.4875382662280409,-1.032153966622708,STABLE_DROITE,0
59268,La Gorgue,2017,DROITE,0,0,0,-0.42822643379814335,1,2,0,-0.506256291242696,1.1373089586095553,STABLE_DROITE,0
59269,Gouzeaucourt,2017,DROITE,0,0,0,-0.7978296336693327,0,2,0,-1.0211661723475922,0.6650186037289688,STABLE_DROITE,0
59270,Grand-Fayt,2017,DROITE,0,0,0,-0.06636361507609004,0,2,0,-0.645820512843194,-1.032153966622708,STABLE_DROITE,0
59271,Grande-Synthe,2017,GAUCHE,1,2,2,0.823780217074417,1,0,0,-1.908137848919228,1.4806344526781543,GAUCHE,3
59272,Grand-Fort-Philippe,2017,DROITE,0,0,0,-0.9061949697572196,1,2,0,-0.8632123121362051,0.7007367036322028,STABLE_DROITE,0
59273,Gravelines,2017,DROITE,0,0,0,0.18519877227079312,1,2,2,-0.3893507315020435,1.1892406871882544,STABLE_DROITE,0
59274,La Groise,2017,DROITE,0,0,0,-0.7049450598797139,2,0,0,-0.9354573209646981,-1.032153966622708,STABLE_DROITE,0
59275,Gruson,2017,DROITE,0,0,0,2.842084601711327,0,1,0,4.3778346919672035,0.16283501493131075,BASCULE_CENTRE,1
59276,Guesnain,2017,DROITE,0,0,0,-0.8849089215970989,1,2,2,-1.2106451273205037,1.1585669560266305,STABLE_DROITE,0
59277,Gussignies,2017,DROITE,0,0,0,-0.782348871371062,0,1,0,0.18663902070330607,-1.032153966622708,BASCULE_CENTRE,1
59278,Hallennes-lez-Haubourdin,2017,DROITE,0,0,0,0.4386962549049582,2,1,0,0.4477062116971789,1.018318551808884,STABLE_DROITE,0
59279,Halluin,2017,DROITE,0,0,0,0.2567972979002899,1,2,0,-0.43368289601043697,1.4427479617874719,STABLE_DROITE,0
59280,Hamel,2017,DROITE,0,0,0,-1.2506419308937202,0,2,0,0.310440694923042,0.4021533297327906,STABLE_DROITE,0
59281,Hantay,2017,DROITE,0,0,0,0.4890087323743357,1,2,2,0.18696740710707194,0.25610711707293343,BASCULE_CENTRE,1
59282,Hardifort,2017,DROITE,0,0,0,-0.21730104748421966,0,2,0,0.19649061281628238,-1.032153966622708,STABLE_DROITE,0
59283,Hargnies,2017,DROITE,0,0,0,-0.1902097134622476,0,1,0,0.6949811737328848,-1.032153966622708,STABLE_DROITE,0
59284,Hasnon,2017,DROITE,0,0,0,0.45224192191594426,1,2,2,0.08746632676601099,0.7700204579941016,STABLE_DROITE,0
59285,Haspres,2017,DROITE,0,0,0,-0.4920845782785055,1,2,2,-0.5978760978933758,0.4495162287776887,STABLE_DROITE,0
59286,Haubourdin,2017,DROITE,0,0,0,0.3864486821482988,1,2,2,-0.5886812785879313,1.3896865361595632,STABLE_DROITE,0
59287,Haucourt-en-Cambrésis,2017,DROITE,0,0,0,0.19680934399449443,1,0,0,-0.24683103226765254,-1.032153966622708,STABLE_DROITE,0
59288,Haulchin,2017,DROITE,0,0,0,-0.2772890013900137,1,2,0,-0.8504052423893359,1.0885647461543215,STABLE_DROITE,0
59289,Haussy,2017,DROITE,0,0,0,-0.25019766736804167,1,2,0,-0.594920620259483,-1.032153966622708,STABLE_DROITE,0
59290,Haut-Lieu,2017,DROITE,0,0,0,-0.9971444482595537,0,1,0,-0.2047975725856202,-1.032153966622708,STABLE_DROITE,0
59291,Hautmont,2017,DROITE,0,0,0,-0.5694883897698549,1,2,2,-1.9767706073062965,1.2489625445175359,STABLE_DROITE,0
59292,Haveluy,2017,DROITE,0,0,0,-0.9507021613647457,1,2,0,-1.7597071944170513,0.922334890414347,STABLE_DROITE,0
59293,Haverskerque,2017,DROITE,0,0,0,-0.7204258221779832,0,1,0,0.09895985089781671,-1.032153966622708,STABLE_DROITE,0
59294,Haynecourt,2017,DROITE,0,0,0,-1.1480818806676834,1,0,0,-0.3138218586358916,-1.032153966622708,STABLE_DROITE,0
59295,Hazebrouck,2017,DROITE,0,0,0,0.3690328245627448,2,1,2,-0.605428985179991,1.2919176851232026,STABLE_DROITE,0
59296,Hecq,2017,DROITE,0,0,0,0.7425062150085008,1,0,0,0.009638749073497961,-1.032153966622708,STABLE_DROITE,0
59297,Hélesmes,2017,DROITE,0,0,0,-0.11667609254546613,1,2,0,-0.19363243485758036,0.43962391471455126,STABLE_DROITE,0
59299,Hem,2017,DROITE,0,0,0,1.6636115717555464,1,2,2,-0.12007388041402374,1.3562626161732831,BASCULE_CENTRE,1
59300,Hem-Lenglet,2017,DROITE,0,0,0,0.16391272411067243,2,0,0,-0.43138419118407584,-1.032153966622708,STABLE_DROITE,0
59301,Hergnies,2017,DROITE,0,0,0,-0.43983700552184607,1,2,0,-0.1801685923031794,0.6077284780460757,STABLE_DROITE,0
59302,Hérin,2017,DROITE,0,0,0,-0.9042598744699363,1,2,0,-0.9150973639312138,1.078761479372457,STABLE_DROITE,0
59303,Herlies,2017,CENTRE,1,1,1,0.5354510192691437,0,0,0,1.164902117521856,0.6245171866579341,CENTRE,2
59304,Herrin,2017,CENTRE,1,1,1,0.9998738882172353,0,0,0,1.355037845302299,-1.032153966622708,CENTRE,2
59305,Herzeele,2017,DROITE,0,0,0,-0.46305814896925007,1,0,0,0.11308046625974945,1.0571579112392475,STABLE_DROITE,0
59306,Hestrud,2017,DROITE,0,0,0,-1.1519520712422513,1,0,2,-0.8238059436842997,-1.032153966622708,STABLE_DROITE,0
59307,Holque,2017,DROITE,0,0,0,-1.4267356020365385,1,2,0,-0.6655236970691467,-1.032153966622708,STABLE_DROITE,0
59308,Hondeghem,2017,DROITE,0,0,0,-0.2966399542628511,1,0,0,0.7363578606073854,-1.032153966622708,BASCULE_CENTRE,1
59309,Hondschoote,2017,DROITE,0,0,0,1.0076142693663699,0,2,0,-0.6231618509833484,0.7960422531177211,STABLE_DROITE,0
59310,Hon-Hergies,2017,DROITE,0,0,0,0.667037498804436,2,0,0,0.9337180892706779,-1.032153966622708,STABLE_DROITE,0
59311,Honnechy,2017,DROITE,0,0,0,0.11747043721586298,0,2,1,-1.421797584941963,-1.032153966622708,STABLE_DROITE,0
59312,Honnecourt-sur-Escaut,2017,DROITE,0,0,0,0.9069893144276164,0,2,0,-0.6783307668160159,-1.032153966622708,STABLE_DROITE,0
59313,Hordain,2017,DROITE,0,0,0,-0.8849089215970989,1,2,2,-0.2727735581651569,0.21374908930561495,STABLE_DROITE,0
59314,Hornaing,2017,DROITE,0,0,0,-0.5191759123004775,2,2,0,-0.9236354104291266,1.0052090647075618,STABLE_DROITE,0
59315,Houdain-lez-Bavay,2017,DROITE,0,0,0,0.6476865459316,1,0,2,-0.0455301667591695,-1.032153966622708,STABLE_DROITE,0
59316,Houplin-Ancoisne,2017,DROITE,0,0,0,1.1024339384432709,2,1,2,0.6821741039860156,1.2874222717407848,BASCULE_CENTRE,1
59317,Houplines,2017,DROITE,0,0,0,-0.05475304335238734,1,2,2,-0.29805931125512947,1.2971216564440375,STABLE_DROITE,0
59318,Houtkerque,2017,DROITE,0,0,0,-0.8578175875751268,1,0,0,0.12490237679532105,-1.032153966622708,STABLE_DROITE,0
59319,Hoymille,2017,DROITE,0,0,0,-0.5578778180461523,0,1,0,0.5600143617851091,0.4211703300888738,STABLE_DROITE,0
59320,Illies,2017,DROITE,0,0,0,0.39612415858471683,1,0,0,0.2670936896259461,0.3642727339150088,STABLE_DROITE,0
59321,Inchy,2017,DROITE,0,0,0,0.6457514506443153,1,0,0,-1.239543130851901,-1.032153966622708,STABLE_DROITE,0
59322,Iwuy,2017,DROITE,0,0,0,-0.0721689009379414,1,2,0,-1.0746931561614304,0.8927261383122538,STABLE_DROITE,0
59323,Jenlain,2017,DROITE,0,0,0,0.827650407648985,0,1,0,1.1665440495406854,0.19492340052351326,BASCULE_CENTRE,1
59324,Jeumont,2017,DROITE,0,0,0,-0.588839342642691,1,2,2,-1.7541246255530314,1.332100824147872,STABLE_DROITE,0
59325,Jolimetz,2017,DROITE,0,0,0,0.007170005840691442,1,0,2,0.8762504686116493,-1.032153966622708,BASCULE_CENTRE,1
59326,Killem,2017,DROITE,0,0,0,-1.5215552711134395,2,0,0,-0.6379392391528129,-1.032153966622708,STABLE_DROITE,0
59327,Lallaing,2017,DROITE,0,0,0,0.009105101127974767,1,2,0,-1.3268939142536245,1.1137117338631468,STABLE_DROITE,0
59328,Lambersart,2017,CENTRE,1,1,1,2.7511351232089925,2,0,2,1.3662029830303388,1.2415602512013943,CENTRE,2
59329,Lambres-lez-Douai,2017,DROITE,0,0,0,0.028456054000812143,2,1,0,-0.0911758768826265,1.160782412105305,STABLE_DROITE,0
59330,Landas,2017,DROITE,0,0,0,1.021159936377356,1,0,0,1.0184417814422744,0.5063091061845475,BASCULE_CENTRE,1
59331,Landrecies,2017,DROITE,0,0,0,0.21229010629276518,0,2,0,-1.4227827441532608,0.7843487420999263,STABLE_DROITE,0
59332,Lannoy,2017,DROITE,0,0,0,1.1353305583270943,2,1,2,-1.051706107897819,1.289074359312165,BASCULE_CENTRE,1
59333,Larouillies,2017,DROITE,0,0,0,-0.8345964441277228,1,0,0,-0.4077403701129326,-1.032153966622708,STABLE_DROITE,0
59334,Lauwin-Planque,2017,DROITE,0,0,0,-0.5869042473554077,1,2,0,0.3186503550171889,1.1580118586387946,STABLE_DROITE,0
59335,Lecelles,2017,DROITE,0,0,0,0.9205349814386025,0,1,0,0.8762504686116493,0.2762527849581534,BASCULE_CENTRE,1
59336,Lécluse,2017,DROITE,0,0,0,-1.1345362136566974,1,2,0,-0.7860415072512238,0.8559534581891746,STABLE_DROITE,0
59337,Lederzeele,2017,DROITE,0,0,0,-0.3488875270195119,1,0,0,-0.2195749607550847,-1.032153966622708,STABLE_DROITE,0
59338,Ledringhem,2017,DROITE,0,0,0,-0.5501374368970176,0,1,0,0.6332445298248998,-1.032153966622708,STABLE_DROITE,0
59339,Leers,2017,DROITE,0,0,0,0.11553534192857966,0,1,0,0.4562442581950917,1.4806344526781543,BASCULE_CENTRE,1
59340,Leffrinckoucke,2017,DROITE,0,0,0,0.3690328245627448,1,2,2,0.058896709638379625,1.0356798855470024,BASCULE_CENTRE,1
59341,Lesdain,2017,DROITE,0,0,0,0.18906896284535976,0,1,0,-0.2018420949517273,-1.032153966622708,STABLE_DROITE,0
59342,Lez-Fontaine,2017,DROITE,0,0,0,-0.48240910184208746,1,0,0,0.3895818182306185,-1.032153966622708,BASCULE_CENTRE,1
59343,Lesquin,2017,CENTRE,1,1,1,0.874092694543793,0,0,0,0.6976082649630119,1.4806344526781543,CENTRE,2
59344,Leval,2017,DROITE,0,0,0,-1.825365231216982,1,2,2,-1.1039195460965934,0.6108553273577197,STABLE_DROITE,0
59345,Lewarde,2017,DROITE,0,0,0,-0.6565676776976211,1,2,0,-0.7623976861800806,0.7363413508907081,STABLE_DROITE,0
59346,Lezennes,2017,GAUCHE,1,2,2,1.4875179006127295,0,1,2,0.9012078352978561,1.4806344526781543,GAUCHE,3
59347,Liessies,2017,DROITE,0,0,0,-0.1457025218547215,2,1,2,-0.17425763703539357,-1.032153966622708,STABLE_DROITE,0
59348,Lieu-Saint-Amand,2017,DROITE,0,0,0,-0.7417118703381039,1,2,0,-0.035678574646193166,0.30457183168799573,STABLE_DROITE,0
59349,Ligny-en-Cambrésis,2017,DROITE,0,0,0,-0.8036349195311827,2,1,0,-0.7807873247909698,0.43135766599755443,STABLE_DROITE,0
59350,Lille,2017,GAUCHE,1,2,2,3.145894561814871,0,1,2,-0.8195369204353433,1.4806344526781543,GAUCHE,3
59351,Limont-Fontaine,2017,DROITE,0,0,0,-1.353201981119757,1,0,0,-0.46553637717572716,-1.032153966622708,STABLE_DROITE,0
59352,Linselles,2017,DROITE,0,0,0,0.9379508390241565,1,0,0,0.6181387552516694,1.0201690150907352,BASCULE_CENTRE,1
59353,Locquignol,2017,DROITE,0,0,0,-1.5215552711134395,1,0,0,-0.08362298959601132,-1.032153966622708,STABLE_DROITE,0
59354,Loffre,2017,DROITE,0,0,0,-0.44564229138369743,2,1,0,1.4111919203462642,-1.032153966622708,STABLE_DROITE,0
59356,Lompret,2017,DROITE,0,0,0,2.83821441113676,2,1,0,3.324042722282502,0.7960422531177211,BASCULE_CENTRE,1
59357,La Longueville,2017,DROITE,0,0,0,-0.32373128828482317,1,0,0,-0.05078434921942354,0.7174806052849185,STABLE_DROITE,0
59358,Looberghe,2017,DROITE,0,0,0,-1.0532622115907826,1,2,0,-0.18181052432200875,-1.032153966622708,STABLE_DROITE,0
59359,Loon-Plage,2017,DROITE,0,0,0,-0.5249811981623289,1,2,0,-0.5988612571046735,1.1880070236900648,STABLE_DROITE,0
59360,Loos,2017,DROITE,0,0,0,0.6689725940917207,1,2,2,-1.0037616929480007,1.4226196290115938,AUTRE,4
59361,Lourches,2017,DROITE,0,0,0,-0.42822643379814335,1,2,0,-2.3682072005952226,1.4806344526781543,STABLE_DROITE,0
59363,Louvignies-Quesnoy,2017,DROITE,0,0,0,0.18906896284535976,1,2,0,0.09370566843756266,-1.032153966622708,STABLE_DROITE,0
59364,Louvil,2017,CENTRE,1,1,1,2.4628059254037207,2,0,2,2.838359231112769,-1.032153966622708,CENTRE,2
59365,Louvroil,2017,GAUCHE,1,2,2,-0.575293675631705,1,0,2,-2.3872536120136436,1.4806344526781543,GAUCHE,3
59366,Lynde,2017,DROITE,0,0,0,-0.5133706264386262,2,1,0,0.4220920722034404,-1.032153966622708,STABLE_DROITE,0
59367,Lys-lez-Lannoy,2017,DROITE,0,0,0,0.13875648537598367,1,2,0,-0.2862374007195579,1.370506544127181,BASCULE_CENTRE,1
59368,La Madeleine,2017,CENTRE,1,1,1,3.327793518819539,2,0,2,0.512069946835291,1.4561967928225463,CENTRE,2
59369,Maing,2017,DROITE,0,0,0,0.1600425335361044,1,2,0,-0.09544490013158291,0.7662127055505263,STABLE_DROITE,0
59370,Mairieux,2017,DROITE,0,0,0,0.2490569167511552,1,0,0,0.8680408085175024,-1.032153966622708,STABLE_DROITE,0
59371,Le Maisnil,2017,DROITE,0,0,0,2.3544405893158324,0,1,0,2.7690696999181688,-1.032153966622708,BASCULE_CENTRE,1
59372,Malincourt,2017,DROITE,0,0,0,-0.8674930640115462,1,0,2,-0.4366383736443299,-1.032153966622708,STABLE_DROITE,0
59374,Marbaix,2017,DROITE,0,0,0,0.13682139008870037,2,0,0,-0.12171581243285313,-1.032153966622708,STABLE_DROITE,0
59375,Marchiennes,2017,DROITE,0,0,0,0.4425664454795262,1,2,0,0.07859989386433229,1.1541122642583408,STABLE_DROITE,0
59377,Marcoing,2017,DROITE,0,0,0,-1.227420787446316,1,2,0,-0.23829298576973973,0.25610711707293343,STABLE_DROITE,0
59378,Marcq-en-Baroeul,2017,DROITE,0,0,0,3.190401753422394,2,1,2,1.704440978909193,1.4806344526781543,BASCULE_CENTRE,1
59379,Marcq-en-Ostrevent,2017,DROITE,0,0,0,-0.782348871371062,0,2,0,-0.05997916852486812,-1.032153966622708,STABLE_DROITE,0
59381,Maresches,2017,DROITE,0,0,0,0.19874443928177915,2,0,0,0.4326004371239485,0.28232261855625607,BASCULE_CENTRE,1
59382,Maretz,2017,DROITE,0,0,0,-0.23471690506977233,0,2,0,-1.4976548442118809,0.061761462105485734,STABLE_DROITE,0
59383,Marly,2017,DROITE,0,0,0,0.0671579597464869,1,2,2,-1.0077023297931913,1.376661719191022,STABLE_DROITE,0
59384,Maroilles,2017,DROITE,0,0,0,0.20067953456906246,2,0,0,-0.7174087488641554,0.08706084765242207,STABLE_DROITE,0
59385,Marpent,2017,DROITE,0,0,0,-1.1209905466457113,1,2,0,-1.137086572876947,0.9242237297256548,STABLE_DROITE,0
59386,Marquette-lez-Lille,2017,CENTRE,1,1,1,1.2746574190115212,2,0,2,0.38728311340425736,1.3179431296274273,CENTRE,2
59387,Marquette-en-Ostrevant,2017,DROITE,0,0,0,-0.30825052598655384,1,2,2,-0.7101842479813061,0.21878613894238477,STABLE_DROITE,0
59388,Marquillies,2017,DROITE,0,0,0,1.0966286525814208,1,0,0,1.003336006869044,0.13763514854397693,BASCULE_CENTRE,1
59389,Masnières,2017,DROITE,0,0,0,-0.962312733088447,1,2,0,-0.8244627164918316,0.5750933990116068,STABLE_DROITE,0
59390,Masny,2017,DROITE,0,0,0,-0.6449571059739184,1,2,2,-1.4966696850005832,0.9534342360093622,STABLE_DROITE,0
59391,Mastaing,2017,DROITE,0,0,0,-1.1113150702092933,1,2,0,0.0976463052827532,-1.032153966622708,STABLE_DROITE,0
59392,Maubeuge,2017,DROITE,0,0,0,0.4193453020321222,1,2,2,-1.970202879230979,1.4806344526781543,AUTRE,4
59393,Maulde,2017,DROITE,0,0,0,0.23938144031473585,1,0,0,0.04904511752540329,-1.032153966622708,STABLE_DROITE,0
59394,Maurois,2017,DROITE,0,0,0,-0.3972649092016047,2,1,0,-1.0549899719354776,-1.032153966622708,STABLE_DROITE,0
59395,Mazinghien,2017,DROITE,0,0,0,0.5644774485784005,1,0,0,-0.4957479263221879,-1.032153966622708,STABLE_DROITE,0
59396,Mecquignies,2017,DROITE,0,0,0,-0.08377947266164272,1,2,0,0.26906400804854136,-1.032153966622708,STABLE_DROITE,0
59397,Merckeghem,2017,DROITE,0,0,0,-1.4093197444509844,1,0,0,0.5104280148164615,-1.032153966622708,STABLE_DROITE,0
59398,Mérignies,2017,DROITE,0,0,0,2.4531304489673,0,1,0,3.643562693146701,1.080021584476811,BASCULE_CENTRE,1
59399,Merris,2017,DROITE,0,0,0,0.39225396801015017,2,0,0,0.8095880286471762,-1.032153966622708,BASCULE_CENTRE,1
59400,Merville,2017,DROITE,0,0,0,-0.6062552002282451,1,2,0,-0.8152678971863869,1.2451114550075462,STABLE_DROITE,0
59401,Méteren,2017,DROITE,0,0,0,0.3264607282425034,1,0,0,0.4887545121679136,0.6378858299612717,BASCULE_CENTRE,1
59402,Millam,2017,DROITE,0,0,0,-0.49982495942764016,1,0,0,-0.0028399342696053924,-1.032153966622708,STABLE_DROITE,0
59403,Millonfosse,2017,DROITE,0,0,0,-0.8384666347022894,1,2,0,0.6384987122851539,-1.032153966622708,BASCULE_CENTRE,1
59405,Moeuvres,2017,DROITE,0,0,0,-0.38178414690333395,0,1,0,-0.5246459298535852,-1.032153966622708,STABLE_DROITE,0
59406,Monceau-Saint-Waast,2017,DROITE,0,0,0,-0.583034056780841,2,0,0,0.07859989386433229,-1.032153966622708,STABLE_DROITE,0
59407,Monchaux-sur-Ecaillon,2017,DROITE,0,0,0,0.5896336873130879,1,0,0,1.0745958564862395,-1.032153966622708,STABLE_DROITE,0
59408,Moncheaux,2017,CENTRE,1,1,1,0.5586721627165492,0,0,0,1.2545516057499404,0.7755177843003486,CENTRE,2
59409,Monchecourt,2017,DROITE,0,0,0,-0.46112305368196677,1,2,0,-0.7735628239081205,0.7041984017647572,STABLE_DROITE,0
59410,Mons-en-Baroeul,2017,GAUCHE,1,2,2,1.7003783822139364,0,1,2,-1.1433259145484989,1.3722151331663481,GAUCHE,3
59411,Mons-en-Pévèle,2017,DROITE,0,0,0,1.3152944200444792,0,1,2,1.4046241922709466,0.3984046018039883,BASCULE_CENTRE,1
59412,Montay,2017,DROITE,0,0,0,-0.2772890013900137,0,2,0,-1.070095746508708,-1.032153966622708,STABLE_DROITE,0
59413,Montigny-en-Cambrésis,2017,DROITE,0,0,0,0.37870830099916414,0,1,0,-0.37063270648738844,-1.032153966622708,STABLE_DROITE,0
59414,Montigny-en-Ostrevent,2017,DROITE,0,0,0,-0.1902097134622476,1,2,2,-1.0776486337953233,0.8901703081037082,STABLE_DROITE,0
59415,Montrécourt,2017,DROITE,0,0,0,-0.5694883897698549,2,0,0,0.4115837072829323,-1.032153966622708,STABLE_DROITE,0
59416,Morbecque,2017,DROITE,0,0,0,0.1077949607794436,1,0,0,0.24049439092091002,0.7197293865870484,STABLE_DROITE,0
59418,Mortagne-du-Nord,2017,DROITE,0,0,0,1.3888280409612606,1,2,0,-1.1952109663435075,1.1842913056342994,STABLE_DROITE,0
59419,Mouchin,2017,DROITE,0,0,0,0.25873239318757324,1,0,0,1.4079080563086055,0.08499137151585773,BASCULE_CENTRE,1
59420,Moustier-en-Fagne,2017,CENTRE,1,1,1,2.1260993454163533,0,2,0,-0.04914241720059415,-1.032153966622708,AUTRE,4
59421,Mouvaux,2017,DROITE,0,0,0,2.617613548386417,0,1,0,1.637450152540954,1.2288039335243388,BASCULE_CENTRE,1
59422,Naves,2017,DROITE,0,0,0,-0.1476376171420062,1,2,0,-0.19527436687640976,-1.032153966622708,STABLE_DROITE,0
59423,Neuf-Berquin,2017,DROITE,0,0,0,-0.49982495942764016,2,1,0,0.10716951099196365,-1.032153966622708,STABLE_DROITE,0
59424,Neuf-Mesnil,2017,DROITE,0,0,0,-1.4480216501966592,1,2,2,-1.255634064636429,-1.032153966622708,STABLE_DROITE,0
59425,Neuville-en-Avesnois,2017,DROITE,0,0,0,-0.29276976368828445,0,1,0,0.7787197066931837,-1.032153966622708,STABLE_DROITE,0
59426,Neuville-en-Ferrain,2017,DROITE,0,0,0,0.12134062779042963,0,1,0,0.5987639574294826,1.2373371045564683,BASCULE_CENTRE,1
59427,La Neuville,2017,DROITE,0,0,0,0.9089244097148997,0,1,0,1.8403929500682663,-1.032153966622708,BASCULE_CENTRE,1
59428,Neuville-Saint-Rémy,2017,DROITE,0,0,0,0.2877588224968286,1,2,0,-0.8953941797052611,0.5172789046728812,STABLE_DROITE,0
59429,Neuville-sur-Escaut,2017,DROITE,0,0,0,-0.759127727923658,1,2,2,-0.9568024372094802,0.7693298684065598,STABLE_DROITE,0
59430,Neuvilly,2017,DROITE,0,0,0,-0.6217359625265144,2,0,0,-1.193897420728444,0.022920902405467992,STABLE_DROITE,0
59431,Nieppe,2017,DROITE,0,0,0,0.1813285816962251,0,1,0,0.11800626231623762,1.350581297038901,STABLE_DROITE,0
59432,Niergnies,2017,DROITE,0,0,0,-0.3798490516160506,1,0,2,0.7954674132852434,-1.032153966622708,BASCULE_CENTRE,1
59433,Nieurlet,2017,DROITE,0,0,0,-0.5869042473554077,2,1,0,-1.1328175496279906,-1.032153966622708,STABLE_DROITE,0
59434,Nivelle,2017,DROITE,0,0,0,0.9011840285657651,1,0,0,0.8969388120488996,-1.032153966622708,STABLE_DROITE,0
59435,Nomain,2017,DROITE,0,0,0,0.6225303071969113,0,1,0,1.285419927703933,0.6214583364501534,BASCULE_CENTRE,1
59436,Noordpeene,2017,DROITE,0,0,0,-0.7281662033271192,1,0,0,-0.833985922201042,-1.032153966622708,STABLE_DROITE,0
59437,Noyelles-lès-Seclin,2017,CENTRE,1,1,1,1.3617367069392887,0,0,2,1.4811382243483961,0.24977504990054727,CENTRE,2
59438,Noyelles-sur-Escaut,2017,DROITE,0,0,0,-1.3009544083630964,2,1,0,-0.05636691808344346,-1.032153966622708,STABLE_DROITE,0
59439,Noyelles-sur-Sambre,2017,DROITE,0,0,0,-0.6913993928687279,0,1,0,-0.10825196987845215,-1.032153966622708,STABLE_DROITE,0
59440,Noyelles-sur-Selle,2017,DROITE,0,0,0,-1.802144087769578,0,2,0,-0.29707415204383186,-1.032153966622708,STABLE_DROITE,0
59441,Obies,2017,DROITE,0,0,0,-0.12248137840731747,1,0,0,0.460841667847814,-1.032153966622708,BASCULE_CENTRE,1
59442,Obrechies,2017,DROITE,0,0,0,-0.8500772064259922,0,1,2,0.7600016816785286,-1.032153966622708,STABLE_DROITE,0
59443,Ochtezeele,2017,DROITE,0,0,0,0.643816355357032,0,1,0,0.6017194350633756,-1.032153966622708,STABLE_DROITE,0
59444,Odomez,2017,DROITE,0,0,0,0.41160492088298617,1,2,0,-0.5121672465104817,-1.032153966622708,STABLE_DROITE,0
59445,Ohain,2017,DROITE,0,0,0,-0.1476376171420062,1,2,0,-0.80147566822822,0.5052542172886455,STABLE_DROITE,0
59446,Oisy,2017,DROITE,0,0,0,0.19487424870721112,1,0,0,1.2712993123420002,-1.032153966622708,STABLE_DROITE,0
59447,Onnaing,2017,DROITE,0,0,0,-0.952637256652029,1,2,0,-1.3167139357368822,1.4306774857225786,STABLE_DROITE,0
59448,Oost-Cappel,2017,DROITE,0,0,0,-1.6047643684666388,1,0,0,-0.6330134430963248,-1.032153966622708,STABLE_DROITE,0
59449,Orchies,2017,DROITE,0,0,0,0.5973740684622225,2,1,2,-0.13452288217972236,1.458486491207156,STABLE_DROITE,0
59450,Ors,2017,DROITE,0,0,0,-1.3686827434180264,0,2,0,-0.42218937187863126,-1.032153966622708,STABLE_DROITE,0
59451,Orsinval,2017,DROITE,0,0,0,0.08263872204475625,1,0,0,1.253566446538643,-1.032153966622708,BASCULE_CENTRE,1
59452,Ostricourt,2017,DROITE,0,0,0,-0.08764966323621075,1,2,2,-1.2457824725234528,1.4806344526781543,STABLE_DROITE,0
59453,Oudezeele,2017,DROITE,0,0,0,0.17552329583437373,0,1,0,-0.0852649216148407,-1.032153966622708,STABLE_DROITE,0
59454,Oxelaëre,2017,DROITE,0,0,0,0.21229010629276518,1,0,0,-0.03994759789514958,-1.032153966622708,BASCULE_CENTRE,1
59455,Paillencourt,2017,DROITE,0,0,0,-0.8094402053930341,1,2,0,-0.050127576411891785,-1.032153966622708,STABLE_DROITE,0
59456,Pecquencourt,2017,DROITE,0,0,0,-0.6836590117195932,1,2,0,-1.3745099427996768,1.3230770466896695,STABLE_DROITE,0
59457,Pérenchies,2017,DROITE,0,0,0,1.0250301269519226,2,1,0,0.10388564695430487,1.1962437035461333,BASCULE_CENTRE,1
59458,Péronne-en-Mélantois,2017,DROITE,0,0,0,1.731339906810478,0,1,2,2.34676478467525,0.459821989025047,BASCULE_CENTRE,1
59459,Petite-Forêt,2017,DROITE,0,0,0,-0.5694883897698549,1,2,0,-0.5913083698180583,1.4806344526781543,STABLE_DROITE,0
59461,Petit-Fayt,2017,DROITE,0,0,0,-0.7939594430947647,1,0,0,-0.11219260672364269,-1.032153966622708,STABLE_DROITE,0
59462,Phalempin,2017,CENTRE,1,1,1,1.251436275564117,0,0,0,1.1228686578398235,1.3554541647370744,CENTRE,2
59463,Pitgam,2017,DROITE,0,0,0,-0.5017600547149248,1,0,0,0.07827150746056641,-1.032153966622708,STABLE_DROITE,0
59464,Poix-du-Nord,2017,DROITE,0,0,0,0.11360024664129495,1,2,2,-1.4799219784085236,0.2845836437035414,STABLE_DROITE,0
59465,Pommereuil,2017,DROITE,0,0,0,-0.40694038563802265,2,0,0,-0.8756909954793084,-1.032153966622708,STABLE_DROITE,0
59466,Pont-à-Marcq,2017,CENTRE,1,1,1,1.4584914713034742,0,0,2,0.9232097243501698,0.9330519159519834,CENTRE,2
59467,Pont-sur-Sambre,2017,DROITE,0,0,0,-0.9835987812485677,1,2,0,-0.8793032459207331,0.7080223041608658,STABLE_DROITE,0
59468,Potelle,2017,DROITE,0,0,0,-0.03733718576683466,1,0,2,1.1826349833252132,-1.032153966622708,BASCULE_CENTRE,1
59469,Pradelles,2017,DROITE,0,0,0,0.41354001617027086,0,1,0,0.8480092378877838,-1.032153966622708,STABLE_DROITE,0
59470,Prémesques,2017,DROITE,0,0,0,1.547505854518525,0,1,0,1.3931306681391409,1.0143679697736687,BASCULE_CENTRE,1
59471,Préseau,2017,DROITE,0,0,0,0.25099201203843857,2,1,0,0.6637844653751265,0.4848642433230529,STABLE_DROITE,0
59472,Preux-au-Bois,2017,DROITE,0,0,0,0.2451867261765872,1,2,0,-0.8655110169625663,-1.032153966622708,STABLE_DROITE,0
59473,Preux-au-Sart,2017,DROITE,0,0,0,0.874092694543793,2,0,0,0.39647793270970194,-1.032153966622708,STABLE_DROITE,0
59474,Prisches,2017,DROITE,0,0,0,0.5528668768546978,2,0,0,-1.1525207338539434,-1.032153966622708,STABLE_DROITE,0
59475,Prouvy,2017,DROITE,0,0,0,-0.5849691520681244,1,2,0,-0.46225251313806837,1.3344759531106176,STABLE_DROITE,0
59476,Proville,2017,DROITE,0,0,0,-0.3488875270195119,1,0,0,0.12588753600661867,0.9572785914175582,STABLE_DROITE,0
59477,Provin,2017,DROITE,0,0,0,-0.041207376341401314,2,1,0,-0.14174738306257167,0.7592293168923651,STABLE_DROITE,0
59478,Quaëdypre,2017,DROITE,0,0,0,-0.762997918498226,1,0,0,0.5275041078122872,0.4727470987608222,STABLE_DROITE,0
59479,Quarouble,2017,DROITE,0,0,0,-1.196459262849776,1,2,0,-0.38015591219659894,0.899771132475609,STABLE_DROITE,0
59480,Quérénaing,2017,DROITE,0,0,0,0.12714591365228098,0,1,0,0.9324045436556144,-1.032153966622708,STABLE_DROITE,0
59481,Le Quesnoy,2017,DROITE,0,0,0,1.3752823739502746,1,2,2,-1.1229659575150144,1.4806344526781543,STABLE_DROITE,0
59482,Quesnoy-sur-Deûle,2017,DROITE,0,0,0,1.1798377499346202,0,1,0,0.7892280716136917,1.0846202826693119,BASCULE_CENTRE,1
59483,Quiévelon,2017,DROITE,0,0,0,-0.915870446193639,1,0,2,0.13442558250453152,-1.032153966622708,STABLE_DROITE,0
59484,Quiévrechain,2017,DROITE,0,0,0,-0.6410869153993518,1,2,2,-1.9619932191368321,1.4806344526781543,STABLE_DROITE,0
59485,Quiévy,2017,DROITE,0,0,0,-0.18633952288767958,1,2,0,-0.7568151173160607,0.033142108394216344,STABLE_DROITE,0
59486,Râches,2017,DROITE,0,0,0,-0.2618082390917444,1,2,2,-0.3699759336798567,0.8104379130897926,STABLE_DROITE,0
59487,Radinghem-en-Weppes,2017,DROITE,0,0,0,1.6403904283081439,0,1,0,2.59929392917121,0.515204259144249,BASCULE_CENTRE,1
59488,Raillencourt-Sainte-Olle,2017,DROITE,0,0,0,-0.03153189990498331,0,1,0,-0.13156740454582946,0.7114438603360212,STABLE_DROITE,0
59489,Raimbeaucourt,2017,DROITE,0,0,0,-0.1031304255344801,2,1,2,0.18860933912590133,0.9128038143961071,STABLE_DROITE,0
59490,Rainsars,2017,DROITE,0,0,0,-2.111759333734972,1,0,2,-0.014661844805176991,-1.032153966622708,STABLE_DROITE,0
59491,Raismes,2017,DROITE,0,0,0,-0.29276976368828445,1,2,0,-1.6431300210801647,1.4741715391665413,STABLE_DROITE,0
59492,Ramillies,2017,DROITE,0,0,0,-1.5796081297319515,0,1,2,-0.43565321443303223,-1.032153966622708,STABLE_DROITE,0
59493,Ramousies,2017,DROITE,0,0,0,-2.2723722425795194,0,1,0,-0.9370992529835276,-1.032153966622708,STABLE_DROITE,0
59494,Raucourt-au-Bois,2017,DROITE,0,0,0,-0.948767066077461,1,2,0,0.0001155433642875073,-1.032153966622708,STABLE_DROITE,0
59495,Recquignies,2017,DROITE,0,0,0,-0.6236710578137977,1,2,0,-1.3633448050716368,0.41204102534140813,STABLE_DROITE,0
59496,Rejet-de-Beaulieu,2017,DROITE,0,0,0,0.2858237272095453,2,0,2,-0.9364424801759959,-1.032153966622708,STABLE_DROITE,0
59497,Renescure,2017,DROITE,0,0,0,0.4464366360540929,0,1,0,0.013250999514922618,0.007854395511838901,STABLE_DROITE,0
59498,Reumont,2017,DROITE,0,0,0,-0.6681782494213239,1,0,0,-0.9315166841195076,-1.032153966622708,STABLE_DROITE,0
59499,Rexpoëde,2017,DROITE,0,0,0,-0.4417721008091294,1,0,0,-0.208081436623279,-0.10220647220762674,STABLE_DROITE,0
59500,Ribécourt-la-Tour,2017,DROITE,0,0,0,0.2258357733037512,2,0,0,-0.35716886393298747,-1.032153966622708,STABLE_DROITE,0
59501,Rieulay,2017,DROITE,0,0,0,0.5412563051309951,1,2,0,-0.27605742220281565,0.7903899593841573,STABLE_DROITE,0
59502,Rieux-en-Cambrésis,2017,DROITE,0,0,0,-0.8965194933208016,1,2,0,-0.9177244551613408,0.061761462105485734,STABLE_DROITE,0
59503,Robersart,2017,DROITE,0,0,0,0.2645376790494246,0,1,0,0.05495607279318909,-1.032153966622708,STABLE_DROITE,0
59504,Roeulx,2017,DROITE,0,0,0,-1.0281059728560937,1,2,2,-1.263186951923044,1.0527896482875123,STABLE_DROITE,0
59505,Rombies-et-Marchipont,2017,DROITE,0,0,0,0.7212201668483801,1,0,0,1.0699984468335173,-1.032153966622708,STABLE_DROITE,0
59506,Romeries,2017,DROITE,0,0,0,0.8837681709802124,1,0,0,0.030983865318280016,-1.032153966622708,STABLE_DROITE,0
59507,Ronchin,2017,GAUCHE,1,2,2,1.557181330954943,0,1,2,-0.24354716822999378,1.4392220368402846,GAUCHE,3
59508,Roncq,2017,DROITE,0,0,0,0.8218451217871336,1,0,0,0.65951544212617,1.4776164260249267,BASCULE_CENTRE,1
59509,Roost-Warendin,2017,DROITE,0,0,0,-0.38952452805247,1,2,0,-0.6428650352093012,0.9623677679619171,STABLE_DROITE,0
59511,Rosult,2017,DROITE,0,0,0,0.6979990234009761,0,1,0,1.2085775092227176,0.2890812209619793,BASCULE_CENTRE,1
59512,Roubaix,2017,GAUCHE,1,2,2,1.7990682418654067,0,1,2,-2.5028456261392327,1.4806344526781543,GAUCHE,3
59513,Roucourt,2017,DROITE,0,0,0,-0.9236108273427737,2,0,2,0.9291206796179556,-1.032153966622708,STABLE_DROITE,0
59514,Rousies,2017,DROITE,0,0,0,-0.45725286310739877,0,2,2,-0.5604400478640658,1.0523511324340196,STABLE_DROITE,0
59515,Rouvignies,2017,DROITE,0,0,0,-1.455762031345794,1,2,0,-0.5384381588117519,1.0494932298828528,STABLE_DROITE,0
59516,Rubrouck,2017,DROITE,0,0,0,-0.6894642975814446,2,0,0,0.010295521881029718,-1.032153966622708,BASCULE_CENTRE,1
59517,Les Rues-des-Vignes,2017,DROITE,0,0,0,-0.7784786807964954,1,0,0,0.13573912811959502,-1.032153966622708,STABLE_DROITE,0
59518,Ruesnes,2017,DROITE,0,0,0,-0.34501733644494387,1,0,0,0.4060011384189124,-1.032153966622708,STABLE_DROITE,0
59519,Rumegies,2017,DROITE,0,0,0,-0.219236142771503,1,0,0,0.6128845727914154,0.24818192436678324,STABLE_DROITE,0
59520,Rumilly-en-Cambrésis,2017,DROITE,0,0,0,-1.068742973889052,2,1,0,-0.3049554257342129,-0.017280900361892955,STABLE_DROITE,0
59521,Sailly-lez-Cambrai,2017,DROITE,0,0,0,0.26260258376214124,2,0,0,-0.12401451725921428,-1.032153966622708,STABLE_DROITE,0
59522,Sailly-lez-Lannoy,2017,DROITE,0,0,0,2.2731665872499165,0,1,0,2.28141589032584,0.8565544343517201,BASCULE_CENTRE,1
59523,Sainghin-en-Mélantois,2017,DROITE,0,0,0,2.965930700097484,0,1,0,2.344137693445123,1.2783329313244742,BASCULE_CENTRE,1
59524,Sainghin-en-Weppes,2017,DROITE,0,0,0,0.6999341186882594,2,1,0,0.5127267196428227,1.0222442365908735,BASCULE_CENTRE,1
59525,Sains-du-Nord,2017,DROITE,0,0,0,0.0865089126193229,1,2,2,-1.2024354672263569,0.8766501043042026,STABLE_DROITE,0
59526,Saint-Amand-les-Eaux,2017,DROITE,0,0,0,0.45030682662866095,1,2,0,-0.7561583445085289,1.4759519240703314,STABLE_DROITE,0
59527,Saint-André-lez-Lille,2017,CENTRE,1,1,1,1.8377701476110815,0,2,2,0.33966708485820507,1.2600607821184326,CENTRE,2
59528,Saint-Aubert,2017,DROITE,0,0,0,-0.7881541572329134,0,2,0,-0.6399095575754082,0.35627803494514987,STABLE_DROITE,0
59529,Saint-Aubin,2017,DROITE,0,0,0,-0.45725286310739877,2,0,0,0.37250572523479286,-1.032153966622708,STABLE_DROITE,0
59530,Saint-Aybert,2017,DROITE,0,0,0,-1.2874087413521103,2,0,0,-0.011706367171284092,0.8267178552992798,STABLE_DROITE,0
59531,Saint-Benin,2017,DROITE,0,0,0,-1.649271560074165,1,2,3,-0.925277342447956,-1.032153966622708,STABLE_DROITE,0
59532,Saint-Georges-sur-l'Aa,2017,DROITE,0,0,0,-0.8133103959676021,1,0,0,-0.03108116499347088,-1.032153966622708,STABLE_DROITE,0
59533,Saint-Hilaire-lez-Cambrai,2017,DROITE,0,0,0,-0.16118328415299085,1,2,0,-0.627102487828539,0.5783879909071841,STABLE_DROITE,0
59534,Saint-Hilaire-sur-Helpe,2017,DROITE,0,0,0,-0.7862190619456301,1,2,0,-0.40905391572799615,-1.032153966622708,STABLE_DROITE,0
59535,Saint-Jans-Cappel,2017,DROITE,0,0,0,0.7096095951246788,0,1,0,0.9002226760865584,0.16008484823816832,BASCULE_CENTRE,1
59536,Sainte-Marie-Cappel,2017,CENTRE,1,1,1,0.2896939177841133,0,0,0,0.7573745904484016,-1.032153966622708,CENTRE,2
59537,Saint-Martin-sur-Ecaillon,2017,DROITE,0,0,0,-0.021856423468563937,1,2,0,0.30518651246278794,-1.032153966622708,BASCULE_CENTRE,1
59538,Saint-Momelin,2017,DROITE,0,0,0,-0.2521327626553264,0,2,0,-1.2053909448602498,-1.032153966622708,STABLE_DROITE,0
59539,Saint-Pierre-Brouck,2017,DROITE,0,0,0,-1.7402210385764991,1,2,0,-0.05373982685331644,-1.032153966622708,STABLE_DROITE,0
59541,Saint-Python,2017,DROITE,0,0,0,-1.0726131644636185,1,2,2,-0.8763477682868401,0.5089385391482731,STABLE_DROITE,0
59542,Saint-Remy-Chaussée,2017,DROITE,0,0,0,-1.778922944322174,2,1,0,-0.11219260672364269,-1.032153966622708,STABLE_DROITE,0
59543,Saint-Remy-du-Nord,2017,DROITE,0,0,0,-2.4697519618824586,1,0,0,-0.5535439333849824,0.3385959466895252,STABLE_DROITE,0
59544,Saint-Saulve,2017,DROITE,0,0,0,0.22970596387831785,1,0,0,-0.21727625592872357,1.3162223778586915,STABLE_DROITE,0
59545,Saint-Souplet,2017,DROITE,0,0,0,-0.8345964441277228,0,2,0,-1.2405282900631986,0.4460427342150038,STABLE_DROITE,0
59546,Saint-Sylvestre-Cappel,2017,DROITE,0,0,0,-0.44951248195826404,1,0,2,0.14887458427023012,-1.032153966622708,STABLE_DROITE,0
59547,Saint-Vaast-en-Cambrésis,2017,DROITE,0,0,0,0.49481401823618565,1,2,0,-0.7147816576340283,-1.032153966622708,STABLE_DROITE,0
59548,Saint-Waast,2017,DROITE,0,0,0,-0.2985750495501344,1,2,0,0.15905456278697233,-1.032153966622708,STABLE_DROITE,0
59549,Salesches,2017,DROITE,0,0,0,-0.602385009653677,2,0,2,-0.41496487099578194,-1.032153966622708,STABLE_DROITE,0
59550,Salomé,2017,DROITE,0,0,0,-0.5153057217259108,1,2,0,-0.22909816646429515,0.6609204853675041,STABLE_DROITE,0
59551,Saméon,2017,DROITE,0,0,0,2.0893325349579634,1,0,2,1.7172480486560622,0.6297262350831043,BASCULE_CENTRE,1
59552,Sancourt,2017,DROITE,0,0,0,0.35742225283904344,1,0,0,0.05495607279318909,-1.032153966622708,STABLE_DROITE,0
59553,Santes,2017,CENTRE,1,1,1,1.0521214609738947,0,0,0,1.0870745398293429,0.791391157152593,CENTRE,2
59554,Sars-et-Rosières,2017,DROITE,0,0,0,1.888082625080459,0,1,0,1.6197172867375966,-1.032153966622708,BASCULE_CENTRE,1
59555,Sars-Poteries,2017,DROITE,0,0,0,-1.0880939267618892,1,2,0,-1.489116797713968,0.6113007415663018,STABLE_DROITE,0
59556,Sassegnies,2017,DROITE,0,0,0,-0.412745671499874,0,2,0,-0.07771203432822552,-1.032153966622708,STABLE_DROITE,0
59557,Saultain,2017,DROITE,0,0,0,0.012975291702542793,1,2,0,0.3353980616092487,0.9498246379874495,STABLE_DROITE,0
59558,Saulzoir,2017,DROITE,0,0,0,-0.2811591919645818,0,2,0,-0.4097106885355279,0.1433238798088945,STABLE_DROITE,0
59559,Sebourg,2017,DROITE,0,0,0,2.1396450124273407,0,1,0,2.2991487561291977,-0.16087679461811014,BASCULE_CENTRE,1
59560,Seclin,2017,DROITE,0,0,0,1.2127343698184423,1,2,2,-0.14470286069646457,1.4806344526781543,STABLE_DROITE,0
59562,Sémeries,2017,DROITE,0,0,0,-1.6957138469689743,1,2,0,-0.2977309248513636,-1.032153966622708,STABLE_DROITE,0
59563,Semousies,2017,DROITE,0,0,0,-0.9894040671104191,2,0,0,0.5357137679064341,-1.032153966622708,STABLE_DROITE,0
59564,La Sentinelle,2017,DROITE,0,0,0,0.17939348640894176,1,2,0,-1.2993094563372907,1.4806344526781543,STABLE_DROITE,0
59565,Sepmeries,2017,DROITE,0,0,0,0.28388863192226194,0,1,0,0.5685524082830219,-1.032153966622708,STABLE_DROITE,0
59566,Sequedin,2017,DROITE,0,0,0,0.2451867261765872,0,1,0,0.750806862373084,1.327746253686915,BASCULE_CENTRE,1
59567,Séranvillers-Forenville,2017,DROITE,0,0,0,0.49674911352347034,1,0,0,0.310440694923042,-1.032153966622708,STABLE_DROITE,0
59568,Sercus,2017,DROITE,0,0,0,0.25486220261300657,1,0,0,0.14756103865516662,-1.032153966622708,BASCULE_CENTRE,1
59569,Sin-le-Noble,2017,DROITE,0,0,0,-0.2753539061027304,1,2,2,-1.3863318533352482,1.4806344526781543,STABLE_DROITE,0
59570,Socx,2017,DROITE,0,0,0,0.29549920364596466,0,1,0,1.8072259232879127,-1.032153966622708,BASCULE_CENTRE,1
59571,Solesmes,2017,DROITE,0,0,0,-0.8810387310225323,0,2,0,-1.2654856567494053,1.2211566690155888,STABLE_DROITE,0
59572,Solre-le-Château,2017,DROITE,0,0,0,0.27227806019855927,0,1,0,-0.7226629313244094,0.9734197178526814,STABLE_DROITE,0
59573,Solrinnes,2017,DROITE,0,0,0,-1.7692474678857546,1,0,2,-0.2491297370940137,-1.032153966622708,STABLE_DROITE,0
59574,Somain,2017,DROITE,0,0,0,-0.6372167248247838,1,2,2,-1.2871591593979532,1.4396933148988234,STABLE_DROITE,0
59575,Sommaing,2017,DROITE,0,0,0,0.994068602355384,0,1,0,0.9150000642560229,-1.032153966622708,STABLE_DROITE,0
59576,Spycker,2017,DROITE,0,0,0,-0.6836590117195932,1,2,0,0.5380124727327953,-1.032153966622708,STABLE_DROITE,0
59577,Staple,2017,DROITE,0,0,0,-0.13022175955645215,1,0,0,-0.350272749453904,-1.032153966622708,BASCULE_CENTRE,1
59578,Steenbecque,2017,DROITE,0,0,0,-0.05475304335238734,0,1,0,-0.09347458170898765,-1.032153966622708,STABLE_DROITE,0
59579,Steene,2017,DROITE,0,0,0,-0.8075051101057508,0,1,0,0.29303621552345044,-1.032153966622708,STABLE_DROITE,0
59580,Steenvoorde,2017,DROITE,0,0,0,0.680583165815422,1,0,0,-0.0011980022507760036,0.7450231882109324,BASCULE_CENTRE,1
59581,Steenwerck,2017,DROITE,0,0,0,0.0013647199788400914,1,0,0,0.3541160866239037,0.8088186978703652,BASCULE_CENTRE,1
59582,Strazeele,2017,DROITE,0,0,0,-0.34695243173222723,2,1,0,0.49827771787712405,0.3642727339150088,STABLE_DROITE,0
59583,Taisnières-en-Thiérache,2017,DROITE,0,0,0,-0.6217359625265144,2,1,0,-0.4060984380941033,-1.032153966622708,STABLE_DROITE,0
59584,Taisnières-sur-Hon,2017,DROITE,0,0,0,0.10585986549216028,1,0,0,0.9222245651388722,0.19143857048830462,STABLE_DROITE,0
59585,Templemars,2017,CENTRE,1,1,1,1.4333352325687854,0,0,2,1.2351768079277536,1.3802999291239944,CENTRE,2
59586,Templeuve-en-Pévèle,2017,CENTRE,1,1,1,1.1043690337305554,0,0,0,1.0499668762037986,1.0831607398395082,CENTRE,2
59587,Terdeghem,2017,DROITE,0,0,0,0.6979990234009761,1,0,0,0.4542739397724964,-1.032153966622708,BASCULE_CENTRE,1
59588,Téteghem-Coudekerque-Village,2017,DROITE,0,0,0,0.23938144031473585,1,0,0,1.0483249441849694,0.9456736072546864,BASCULE_CENTRE,1
59589,Thiant,2017,DROITE,0,0,0,-1.159692452391386,1,2,0,-0.5387665452155179,0.6135230476842256,STABLE_DROITE,0
59590,Thiennes,2017,DROITE,0,0,0,-1.339656314108771,0,2,0,-0.6550153321486386,-1.032153966622708,STABLE_DROITE,0
59591,Thivencelle,2017,DROITE,0,0,0,-1.7905335160458753,1,2,0,-1.39815376387082,1.093511787993048,STABLE_DROITE,0
59592,Thumeries,2017,DROITE,0,0,0,0.7541167867322035,0,1,2,0.5215931525445013,0.9130781644310026,STABLE_DROITE,0
59593,Thun-l'Evêque,2017,DROITE,0,0,0,-0.8829738263098156,0,1,0,0.28384139621800586,-1.032153966622708,STABLE_DROITE,0
59594,Thun-Saint-Amand,2017,DROITE,0,0,0,0.12714591365228098,0,2,0,-0.25438391955426776,0.5406535396466912,STABLE_DROITE,0
59595,Thun-Saint-Martin,2017,DROITE,0,0,0,0.5528668768546978,0,1,0,0.619452300866733,-1.032153966622708,STABLE_DROITE,0
59596,Tilloy-lez-Marchiennes,2017,CENTRE,1,1,1,1.4159193749832326,0,0,0,1.6683184744949464,-1.032153966622708,CENTRE,2
59597,Tilloy-lez-Cambrai,2017,DROITE,0,0,0,0.45224192191594426,1,0,0,1.142900228469542,-1.032153966622708,BASCULE_CENTRE,1
59598,Toufflers,2017,DROITE,0,0,0,0.3322660141043547,0,1,0,0.6562315780885113,1.3645557444941694,BASCULE_CENTRE,1
59599,Tourcoing,2017,GAUCHE,1,2,2,0.5393212098437118,1,0,2,-1.43558981390013,1.4806344526781543,GAUCHE,3
59600,Tourmignies,2017,CENTRE,1,1,1,1.2378906085531312,0,0,2,2.08307050245125,-1.032153966622708,CENTRE,2
59601,Trélon,2017,DROITE,0,0,0,0.18326367698350843,1,2,0,-1.3446267800569818,0.6429847267329861,STABLE_DROITE,0
59602,Tressin,2017,DROITE,0,0,0,1.2746574190115212,2,1,2,1.836452313223076,0.882151103633572,BASCULE_CENTRE,1
59603,Trith-Saint-Léger,2017,DROITE,0,0,0,-1.150016975954968,1,2,0,-1.1147562974208673,1.1713807555241789,STABLE_DROITE,0
59604,Troisvilles,2017,DROITE,0,0,0,-0.7242960127525513,1,2,0,-0.8234775572805338,-1.032153966622708,STABLE_DROITE,0
59605,Uxem,2017,DROITE,0,0,0,-0.04507756691596934,0,1,0,0.9461967726137813,-1.032153966622708,BASCULE_CENTRE,1
59606,Valenciennes,2017,DROITE,0,0,0,1.1527464159126481,0,1,2,-0.9659972565149249,1.4806344526781543,BASCULE_CENTRE,1
59607,Vendegies-au-Bois,2017,DROITE,0,0,0,0.11940553250314631,2,0,0,0.10224371493547549,-1.032153966622708,STABLE_DROITE,0
59608,Vendegies-sur-Ecaillon,2017,DROITE,0,0,0,0.7270254527102314,0,1,0,1.1501247293523913,-1.032153966622708,STABLE_DROITE,0
59609,Vendeville,2017,CENTRE,1,1,1,1.3578665163647206,0,0,2,1.7287415727878679,1.4510139897910153,CENTRE,2
59610,Verchain-Maugré,2017,DROITE,0,0,0,-0.03153189990498331,0,1,0,0.3275167879188676,-1.032153966622708,STABLE_DROITE,0
59611,Verlinghem,2017,DROITE,0,0,0,2.3002579212718883,0,1,0,2.3428241478300595,1.128248965390316,BASCULE_CENTRE,1
59612,Vertain,2017,DROITE,0,0,0,0.23164105916560118,2,0,0,0.31996390063225244,-1.032153966622708,STABLE_DROITE,0
59613,Vicq,2017,DROITE,0,0,0,-0.6836590117195932,1,2,0,-0.47079055963598115,0.9536912658228547,STABLE_DROITE,0
59614,Viesly,2017,DROITE,0,0,0,0.2993693942205313,0,2,0,-0.9374276393872935,0.03088517931595075,STABLE_DROITE,0
59615,Vieux-Berquin,2017,DROITE,0,0,0,-0.6875292022941611,1,0,0,0.603032980678439,-0.14119629334979594,STABLE_DROITE,0
59616,Vieux-Condé,2017,DROITE,0,0,0,-0.17666404645126157,1,2,0,-1.4490536564545309,1.2054030646991525,STABLE_DROITE,0
59617,Vieux-Mesnil,2017,DROITE,0,0,0,-0.5423970557478829,0,1,0,0.07531602982667351,-1.032153966622708,STABLE_DROITE,0
59618,Vieux-Reng,2017,DROITE,0,0,0,-0.970053114237583,1,0,0,0.02868516049191887,-1.032153966622708,STABLE_DROITE,0
59619,Villereau,2017,DROITE,0,0,0,1.1585517017744982,0,1,0,0.8539201931555697,-1.032153966622708,STABLE_DROITE,0
59620,Villers-au-Tertre,2017,DROITE,0,0,0,-1.2874087413521103,1,2,2,0.38629795419295976,-1.032153966622708,STABLE_DROITE,0
59622,Villers-en-Cauchies,2017,DROITE,0,0,0,-0.6507623918357698,1,2,0,-0.29149158317981194,0.2662613891671443,STABLE_DROITE,0
59623,Villers-Guislain,2017,DROITE,0,0,0,-1.2100049298607622,1,0,0,-0.7600989813537194,-1.032153966622708,STABLE_DROITE,0
59624,Villers-Outréaux,2017,DROITE,0,0,0,0.8450662652345377,1,0,0,-1.317370708544414,0.8229253824329059,STABLE_DROITE,0
59625,Villers-Plouich,2017,DROITE,0,0,0,-0.408875480925306,2,0,2,-0.0455301667591695,-1.032153966622708,STABLE_DROITE,0
59626,Villers-Pol,2017,DROITE,0,0,0,0.5838284014512365,1,0,0,0.8420982826199981,-0.03336491739872378,BASCULE_CENTRE,1
59627,Villers-Sire-Nicole,2017,DROITE,0,0,0,-1.316435170661367,2,0,0,0.06874830175135596,-1.032153966622708,STABLE_DROITE,0
59628,Volckerinckhove,2017,DROITE,0,0,0,0.1077949607794436,1,0,2,0.23983761811337825,-1.032153966622708,STABLE_DROITE,0
59629,Vred,2017,DROITE,0,0,0,-0.5849691520681244,2,1,0,0.3081419900966808,-1.032153966622708,STABLE_DROITE,0
59630,Wahagnies,2017,DROITE,0,0,0,0.20454972514362912,2,1,0,0.07564441623043938,1.2436611359724878,STABLE_DROITE,0
59631,Walincourt-Selvigny,2017,DROITE,0,0,0,0.49287892294890234,1,0,0,-0.9357857073684641,0.6166210165629006,STABLE_DROITE,0
59632,Wallers,2017,DROITE,0,0,0,-0.49014948299122213,1,2,0,-0.8533607200232287,1.1184637854729442,STABLE_DROITE,0
59633,Wallers-en-Fagne,2017,DROITE,0,0,0,-1.006819924695973,1,0,0,-0.9912830096048973,-1.032153966622708,STABLE_DROITE,0
59634,Wallon-Cappel,2017,DROITE,0,0,0,-0.5578778180461523,0,1,0,0.554760179324855,-1.032153966622708,BASCULE_CENTRE,1
59635,Wambaix,2017,DROITE,0,0,0,-1.2661226931919896,0,1,0,0.5875988197014428,-1.032153966622708,STABLE_DROITE,0
59636,Wambrechies,2017,DROITE,0,0,0,1.4739722336017436,0,1,0,0.903834926527983,1.3473114116081426,BASCULE_CENTRE,1
59637,Wandignies-Hamage,2017,DROITE,0,0,0,0.320655442380652,2,1,0,0.6069736175236295,-1.032153966622708,STABLE_DROITE,0
59638,Wannehain,2017,DROITE,0,0,0,0.5664125438656838,2,1,2,0.8516214883292085,-1.032153966622708,BASCULE_CENTRE,1
59639,Wargnies-le-Grand,2017,DROITE,0,0,0,0.2703429649112759,0,1,0,0.8821614238794351,0.13381359211497923,STABLE_DROITE,0
59640,Wargnies-le-Petit,2017,DROITE,0,0,0,1.3210997059063305,1,0,0,0.9688554344736269,-1.032153966622708,STABLE_DROITE,0
59641,Warhem,2017,DROITE,0,0,0,-0.6720484399958905,1,0,0,0.3498470633749473,-0.26256427752121964,STABLE_DROITE,0
59642,Warlaing,2017,DROITE,0,0,0,0.0865089126193229,2,1,0,0.5905542973353357,-1.032153966622708,BASCULE_CENTRE,1
59643,Warneton,2017,DROITE,0,0,0,-1.842781088802536,1,0,0,0.036894820586065816,-1.032153966622708,BASCULE_CENTRE,1
59645,Wasnes-au-Bac,2017,DROITE,0,0,0,-0.7707382996473607,2,0,0,-0.608056076410118,-1.032153966622708,STABLE_DROITE,0
59646,Wasquehal,2017,DROITE,0,0,0,2.157060870012892,2,1,2,0.7100869483061152,1.4806344526781543,BASCULE_CENTRE,1
59647,Watten,2017,DROITE,0,0,0,-0.2598731438044611,1,2,0,-1.1725523044836619,0.3502139462776353,STABLE_DROITE,0
59648,Wattignies,2017,CENTRE,1,1,1,1.0695373185594488,0,2,2,-0.3305695652279514,1.4806344526781543,CENTRE,2
59649,Wattignies-la-Victoire,2017,DROITE,0,0,0,-1.1538871665295347,1,0,2,0.5731498179357442,-1.032153966622708,BASCULE_CENTRE,1
59650,Wattrelos,2017,DROITE,0,0,0,0.06135267388463555,1,2,2,-1.0336448556906956,1.4674494047497146,STABLE_DROITE,0
59651,Wavrechain-sous-Denain,2017,DROITE,0,0,0,-1.2448366450318689,1,2,2,-1.7751413553940476,0.6509735794919783,STABLE_DROITE,0
59652,Wavrechain-sous-Faulx,2017,DROITE,0,0,0,-1.0300410681433771,0,2,0,0.2053570457179611,-1.032153966622708,STABLE_DROITE,0
59653,Wavrin,2017,DROITE,0,0,0,0.5644774485784005,2,1,2,0.17842936060915912,1.1280547606360816,STABLE_DROITE,0
59654,Waziers,2017,GAUCHE,1,2,2,0.11166515135401163,1,0,2,-1.8766127541577038,1.2706558345921526,GAUCHE,3
59655,Wemaers-Cappel,2017,DROITE,0,0,0,0.6457514506443153,1,0,0,-0.05176950843072117,-1.032153966622708,STABLE_DROITE,0
59656,Wervicq-Sud,2017,DROITE,0,0,0,1.0463161751120433,1,0,0,0.05364252717812558,1.0632224684730163,BASCULE_CENTRE,1
59657,West-Cappel,2017,DROITE,0,0,0,-1.2061347392861954,1,0,0,0.40961338886033705,-1.032153966622708,STABLE_DROITE,0
59658,Wicres,2017,DROITE,0,0,0,1.421724660845084,1,0,0,1.0634307187581997,-1.032153966622708,BASCULE_CENTRE,1
59659,Wignehies,2017,DROITE,0,0,0,0.3090448706569507,1,2,0,-1.6198145864127873,0.9859892833939776,STABLE_DROITE,0
59660,Willems,2017,DROITE,0,0,0,1.0172897458027879,1,0,2,0.5196228341219061,1.136734581672445,BASCULE_CENTRE,1
59661,Willies,2017,GAUCHE,1,2,2,-1.0087550199832565,0,0,2,-0.037320506665022554,-1.032153966622708,GAUCHE,3
59662,Winnezeele,2017,DROITE,0,0,0,-0.0005703753084432338,1,0,0,0.09140696361120151,0.13093195978631594,STABLE_DROITE,0
59663,Wormhout,2017,DROITE,0,0,0,-0.29083466840099975,1,0,0,-0.08165267117341606,0.8264026963023416,STABLE_DROITE,0
59664,Wulverdinghe,2017,DROITE,0,0,0,-1.1945241675624927,0,2,0,-0.8776613139019037,-1.032153966622708,STABLE_DROITE,0
59665,Wylder,2017,DROITE,0,0,0,-0.8462070158514254,0,2,2,-0.30134317529278826,-1.032153966622708,STABLE_DROITE,0
59666,Zegerscappel,2017,DROITE,0,0,0,-0.2095606663350836,1,0,0,-0.24420394103752555,-1.032153966622708,STABLE_DROITE,0
59667,Zermezeele,2017,DROITE,0,0,0,0.018780577564394142,1,0,2,0.16233842682463112,-1.032153966622708,STABLE_DROITE,0
59668,Zuydcoote,2017,DROITE,0,0,0,-0.6952695834432959,2,1,2,0.5347286086951365,0.5120792772850843,BASCULE_CENTRE,1
59669,Zuytpeene,2017,DROITE,0,0,0,-0.8229858724040201,1,0,0,-0.39263459553970226,-1.032153966622708,STABLE_DROITE,0
59670,Don,2017,DROITE,0,0,0,0.15423724767425304,0,1,0,0.5777472275884664,0.25453012447328854,BASCULE_CENTRE,1
