code_geo,annee,cambriolages_de_logement,destructions_et_d_gradations_volontaires,escroqueries_et_fraudes_aux_moyens_de_paiement,trafic_de_stup_fiants,usage_de_stup_fiants,usage_de_stup_fiants_afd,violences_physiques_hors_cadre_familial,violences_physiques_intrafamiliales,violences_sexuelles,vols_avec_armes,vols_d_accessoires_sur_v_hicules,vols_dans_les_v_hicules,vols_de_v_hicule,vols_sans_violence_contre_des_personnes,vols_violents_sans_arme
59001,2016,,,,0.0,0.0,0.0,0.0,,0.0,0.0,,,,,0.0
59001,2022,,,,0.0,0.0,0.0,,,0.0,0.0,,,,0.0,0.0
59002,2016,2.7,20.95,2.25,,,0.0,1.35,,,,2.03,5.41,2.25,4.28,
59002,2022,1.44,5.29,2.88,0.0,,,1.2,3.85,,,,,,1.92,
59003,2016,,,,0.0,0.0,0.0,0.0,,0.0,0.0,,,,,0.0
59003,2022,,,,0.0,,,0.0,0.0,0.0,0.0,0.0,0.0,0.0,,0.0
59004,2016,,,,0.0,,0.0,,,,0.0,0.0,,,,0.0
59004,2022,,,,0.0,,0.0,,,,0.0,,,,,0.0
59005,2016,,8.67,2.6,0.0,,0.0,,,,0.0,,2.89,,,
59005,2022,,4.51,3.66,,,,,1.41,,,,,1.41,,0.0
59006,2016,,,0.0,0.0,0.0,0.0,0.0,,,0.0,0.0,,,,0.0
59006,2022,,,,0.0,,0.0,,,,0.0,0.0,0.0,,,0.0
59007,2016,,,,,,0.0,,,,0.0,,,,,0.0
59007,2022,,,,0.0,0.0,0.0,,,,,,,,,0.0
59008,2016,2.04,16.11,2.23,,2.52,0.0,3.79,3.49,0.49,,1.65,2.62,2.81,3.69,0.87
59008,2022,3.2,10.7,4.9,,4.7,,5.2,6.5,2.6,,2.2,3.1,1.2,5.2,
59009,2016,6.85,14.34,5.61,0.59,2.63,0.0,3.16,1.35,0.87,0.21,5.6,20.59,7.54,13.94,2.26
59009,2022,4.76,11.44,6.37,0.96,2.17,0.82,3.34,3.54,1.81,0.14,8.65,12.85,5.17,11.58,1.15
59010,2016,,,,0.0,0.0,0.0,,,0.0,,,0.0,0.0,,0.0
59010,2022,,,,0.0,,0.0,0.0,,,0.0,0.0,0.0,0.0,,0.0
59011,2016,1.81,10.2,2.57,,6.86,0.0,4.86,0.86,0.67,,1.62,2.1,1.72,3.15,
59011,2022,,8.63,3.77,1.56,9.92,2.02,7.07,3.21,3.12,,1.29,0.55,0.92,2.39,
59012,2016,3.06,7.96,1.84,,,0.0,,2.45,,,,,2.45,4.59,
59012,2022,2.86,6.03,,0.0,,,,,1.59,0.0,,,,4.44,0.0
59013,2016,,13.27,,0.0,,0.0,,,,0.0,,,,,
59013,2022,4.26,3.04,3.04,0.0,,,,,,0.0,,,,,
59014,2016,4.69,18.32,3.65,,2.53,0.0,4.17,3.58,1.12,,2.09,2.76,3.13,11.1,1.94
59014,2022,3.58,10.29,3.95,1.49,5.74,,4.99,8.35,2.83,,1.57,2.68,2.09,8.2,1.04
59015,2016,,12.78,,,,0.0,2.24,,,0.0,,1.92,,3.83,
59015,2022,1.59,7.62,4.76,,,,2.86,3.18,,0.0,,,1.91,6.99,
59016,2016,,6.53,,0.0,,0.0,,,,0.0,,,,,0.0
59016,2022,,7.63,,0.0,,,,,,0.0,,2.38,,,
59017,2016,1.96,15.63,3.8,0.6,8.43,0.0,6.72,4.08,1.44,,0.8,5.24,2.48,11.27,2.0
59017,2022,4.14,11.99,3.75,,3.64,2.95,5.94,7.97,3.49,,2.76,2.15,2.18,8.54,1.07
59018,2016,,3.66,,,,0.0,,,,0.0,,,,,
59018,2022,,,3.21,0.0,,0.0,,,,0.0,,,,,0.0
59019,2016,,,,,,0.0,,,,0.0,,,,,0.0
59019,2022,,,,0.0,,,,,,0.0,,,,,0.0
59021,2016,3.81,3.27,,,,0.0,,,,0.0,,,,,
59021,2022,,5.05,6.17,0.0,,,,,,0.0,,,,,
59022,2016,2.65,3.97,3.09,0.0,,0.0,,,0.0,,,,,,0.0
59022,2022,,6.25,6.25,0.0,,,,,,0.0,,,,2.23,0.0
59023,2016,,,,0.0,,0.0,,,,0.0,,,,,0.0
59023,2022,,,,,,0.0,,,,0.0,,,0.0,,0.0
59024,2016,4.31,9.76,1.14,0.0,,0.0,1.36,1.82,,0.0,,4.31,,4.77,
59024,2022,2.38,3.67,4.11,0.0,,,3.46,3.24,2.16,,,,2.16,4.97,0.0
59025,2016,,,,0.0,,0.0,,,,,,,,,0.0
59025,2022,,,5.15,0.0,0.0,0.0,,,,0.0,,,,,
59026,2016,,11.82,,,,0.0,,,,0.0,,,,,
59026,2022,,4.28,,0.0,,,,4.28,,0.0,,,,,0.0
59027,2016,9.09,,,0.0,,0.0,,,0.0,0.0,,,3.63,,0.0
59027,2022,,9.91,,0.0,,,,,,0.0,3.5,,,,
59028,2016,2.75,16.33,2.47,,4.12,0.0,3.29,2.75,0.82,,2.61,3.16,2.61,3.71,
59028,2022,1.67,11.02,4.6,,2.23,1.26,6.14,7.39,0.84,,,0.98,1.12,4.18,
59029,2016,9.79,6.53,,0.0,,0.0,,,,,,,,,0.0
59029,2022,3.24,,,0.0,,0.0,,,,,,,,,
59031,2016,,,,0.0,0.0,0.0,,,0.0,0.0,0.0,0.0,,,0.0
59031,2022,,,,0.0,,,,0.0,0.0,0.0,0.0,0.0,0.0,,0.0
59032,2016,6.42,9.84,3.01,,0.82,0.0,3.01,2.05,,,2.32,6.97,3.96,10.11,
59032,2022,2.53,7.16,5.19,,,,1.4,4.77,1.82,0.0,2.81,2.81,2.11,9.82,
59033,2016,2.6,11.4,2.15,,1.13,0.0,5.53,2.94,1.13,,1.92,2.26,0.79,7.34,
59033,2022,1.84,14.07,3.34,,3.92,,6.57,7.26,3.46,,,1.38,2.19,9.34,0.92
59034,2016,5.18,5.55,3.7,0.0,,0.0,,,,0.0,,2.96,2.96,2.96,0.0
59034,2022,10.1,5.44,4.27,0.0,3.11,,,,,0.0,,1.94,6.21,,
59035,2016,,9.21,,,2.8,0.0,,2.0,,0.0,,,,5.21,
59035,2022,3.11,7.54,2.66,,,,7.1,,,0.0,,,,7.54,0.0
59036,2016,,19.55,3.01,,5.37,0.0,5.37,2.79,3.65,,1.07,,1.07,10.1,
59036,2022,,14.43,2.94,,14.19,,8.32,11.74,4.65,,,,,3.91,
59037,2016,6.05,12.38,2.75,,2.2,0.0,2.2,3.58,,,,,,4.95,
59037,2022,,8.93,3.91,,4.19,,3.91,6.98,,,,,1.4,3.63,
59038,2016,,,,0.0,,0.0,,,0.0,0.0,,,,,
59038,2022,,,,0.0,,,,,,0.0,0.0,,,,0.0
59039,2016,,,,0.0,,0.0,,,,0.0,,,,,0.0
59039,2022,,,,0.0,,0.0,,,0.0,0.0,0.0,,,,0.0
59041,2016,,9.43,,,,0.0,,2.14,,0.0,,3.0,,4.28,
59041,2022,,6.23,,0.0,,,,10.69,0.0,0.0,,,,,
59042,2016,,6.51,,0.0,,0.0,,0.0,,0.0,,,,,0.0
59042,2022,,,,0.0,,,,,,0.0,,,,,0.0
59043,2016,2.21,10.16,2.07,,3.39,0.0,2.28,1.87,0.97,,1.24,1.87,1.87,7.6,0.9
59043,2022,2.31,8.96,4.89,,2.38,1.29,2.99,4.14,1.76,,2.44,1.9,1.02,6.04,
59044,2016,4.0,8.84,3.16,,2.53,0.0,1.05,,,,,2.53,3.79,4.63,
59044,2022,2.8,4.29,3.92,,1.31,,,2.24,,0.0,,1.31,0.93,2.8,
59045,2016,0.0,,,0.0,0.0,0.0,,,,0.0,0.0,0.0,0.0,,0.0
59045,2022,,,,0.0,0.0,0.0,,,,0.0,0.0,0.0,0.0,,0.0
59046,2016,,,,,,0.0,,,,0.0,0.0,,0.0,,0.0
59046,2022,,,,0.0,0.0,0.0,0.0,,,0.0,0.0,,0.0,,
59047,2016,,,,0.0,0.0,0.0,0.0,,0.0,0.0,0.0,0.0,,,
59047,2022,,,,,0.0,0.0,0.0,,,0.0,0.0,,0.0,,0.0
59048,2016,,,,0.0,0.0,0.0,0.0,,0.0,0.0,0.0,0.0,,,0.0
59048,2022,,,,0.0,,,0.0,,,0.0,0.0,0.0,0.0,,0.0
59049,2016,,,0.0,,,0.0,,,,0.0,,0.0,,,0.0
59049,2022,,,,0.0,,0.0,,0.0,,0.0,0.0,,0.0,0.0,0.0
59050,2016,,,,0.0,,0.0,,,0.0,0.0,,,,0.0,0.0
59050,2022,,,,0.0,,,,,0.0,0.0,,,,,0.0
59051,2016,2.02,11.99,3.89,,1.4,0.0,2.8,3.11,0.78,,,7.16,2.18,8.25,1.4
59051,2022,0.9,7.94,5.39,,2.1,,4.94,6.59,3.14,,1.8,3.44,0.75,5.84,
59052,2016,2.49,7.27,1.72,,,0.0,,1.91,0.96,0.0,1.34,3.44,1.91,3.06,
59052,2022,,8.0,6.83,,,,,3.71,,,,,2.34,2.93,0.0
59053,2016,3.28,13.43,4.18,,,0.0,3.88,2.69,,0.0,,,,9.85,
59053,2022,1.54,8.64,3.4,,3.7,,5.86,4.63,1.85,,,,,5.25,
59054,2016,,7.29,,0.0,,0.0,,,,0.0,,,,,0.0
59054,2022,,,,0.0,,,,,,0.0,0.0,,,,0.0
59055,2016,,,,0.0,0.0,0.0,,,0.0,0.0,,,,16.89,
59055,2022,,,,,0.0,0.0,,9.11,,0.0,,,0.0,,
59056,2016,9.33,,,,,0.0,,,0.0,0.0,,,,8.17,
59056,2022,,,,0.0,0.0,0.0,,,,0.0,,,,,0.0
59057,2016,,,,0.0,0.0,0.0,,,,0.0,0.0,,,,0.0
59057,2022,,,,,0.0,0.0,,,0.0,0.0,0.0,,,,0.0
59058,2016,,,,0.0,,0.0,,,,0.0,,,,,0.0
59058,2022,,,,,,,,,0.0,0.0,,,,,0.0
59059,2016,,,0.0,0.0,0.0,0.0,,,0.0,0.0,,0.0,,,0.0
59059,2022,,,,0.0,0.0,0.0,,,,0.0,,,0.0,,0.0
59060,2016,0.0,,,0.0,0.0,0.0,0.0,,0.0,0.0,0.0,0.0,0.0,,0.0
59060,2022,0.0,,,,,0.0,,,0.0,0.0,0.0,,0.0,,0.0
59061,2016,,,0.0,0.0,0.0,0.0,0.0,,,0.0,0.0,0.0,0.0,,0.0
59061,2022,,,,0.0,0.0,0.0,,,,0.0,,0.0,0.0,,0.0
59062,2016,0.0,,,0.0,0.0,0.0,0.0,0.0,0.0,0.0,0.0,,0.0,0.0,0.0
59062,2022,0.0,0.0,,0.0,0.0,0.0,0.0,0.0,0.0,0.0,,0.0,,0.0,0.0
59063,2016,,8.18,,0.0,,0.0,,,,0.0,,,,4.81,
59063,2022,,5.13,3.59,0.0,,,5.65,,,0.0,,,,,0.0
59064,2016,4.08,18.78,,0.0,0.0,0.0,,,0.0,0.0,,,,11.43,
59064,2022,,9.89,,0.0,0.0,0.0,,,,0.0,,,,,
59065,2016,,,,0.0,,0.0,,,,0.0,0.0,,,,0.0
59065,2022,,,,0.0,,,,,,0.0,,,0.0,,0.0
59066,2016,0.0,,0.0,0.0,0.0,0.0,0.0,0.0,,0.0,0.0,,,,0.0
59066,2022,,0.0,0.0,0.0,0.0,0.0,0.0,,0.0,0.0,0.0,0.0,0.0,0.0,0.0
59067,2016,,9.65,3.75,,2.68,0.0,2.68,,,0.0,,1.34,,9.65,
59067,2022,,11.57,3.95,,2.26,,2.26,3.39,,0.0,,,,5.36,
59068,2016,2.25,4.19,,,,0.0,2.25,4.83,,0.0,,,,4.83,
59068,2022,3.47,7.57,3.79,0.0,,,4.1,4.73,,0.0,,,,2.21,
59069,2016,,,,0.0,,0.0,,,,0.0,,0.0,,,0.0
59069,2022,,10.28,,0.0,,0.0,,,,0.0,,,,,
59071,2016,,6.78,,,,0.0,,,0.0,0.0,,,,,0.0
59071,2022,3.49,,4.37,0.0,,,,,,0.0,,,,,0.0
59072,2016,,,,0.0,0.0,0.0,0.0,0.0,0.0,0.0,,0.0,0.0,,0.0
59072,2022,,,,0.0,,0.0,0.0,,0.0,,0.0,0.0,0.0,,0.0
59073,2016,,,,0.0,,0.0,0.0,,0.0,,0.0,,,,0.0
59073,2022,,,,0.0,,0.0,,,0.0,0.0,0.0,,,,0.0
59074,2016,,7.79,,,,0.0,,,,0.0,,,,3.21,0.0
59074,2022,,7.02,,0.0,,,,7.02,,0.0,,,,3.27,0.0
59075,2016,,17.36,,,0.0,0.0,,,,0.0,0.0,,0.0,,0.0
59075,2022,,,,0.0,0.0,0.0,,,,0.0,0.0,,,,0.0
59076,2016,,,,,,0.0,,,0.0,,,0.0,,,0.0
59076,2022,,,,0.0,,,0.0,,0.0,0.0,0.0,,,,0.0
59077,2016,,,,,,0.0,,,0.0,0.0,0.0,0.0,,,0.0
59077,2022,,,,0.0,0.0,0.0,,0.0,0.0,0.0,0.0,,0.0,0.0,0.0
59078,2016,,,,0.0,,0.0,,,0.0,0.0,0.0,,,,0.0
59078,2022,,,,0.0,,,,,,0.0,0.0,,,,0.0
59079,2016,1.95,11.86,3.15,,1.95,0.0,1.95,2.4,,,,1.5,1.65,2.7,0.75
59079,2022,1.77,8.54,3.83,,,,2.95,5.89,1.18,,,1.47,1.77,2.5,
59080,2016,6.56,6.56,,0.0,,0.0,,,,0.0,,,,2.92,
59080,2022,,4.91,3.51,0.0,,,,2.81,,0.0,,,,4.91,0.0
59081,2016,,,,0.0,,0.0,,,,0.0,0.0,,,,0.0
59081,2022,,,,0.0,,0.0,,,,0.0,,0.0,,0.0,0.0
59082,2016,,6.6,,0.0,,0.0,,,0.0,0.0,,,,,
59082,2022,,,,0.0,,0.0,,,,0.0,,,,,0.0
59083,2016,,,,0.0,0.0,0.0,,0.0,,0.0,0.0,,0.0,,0.0
59083,2022,0.0,,,0.0,0.0,0.0,0.0,0.0,0.0,0.0,0.0,0.0,0.0,,0.0
59084,2016,,6.26,,,,0.0,,,,0.0,,,,,0.0
59084,2022,,,3.91,,,0.0,,,,,,0.0,,,0.0
59085,2016,,,,0.0,0.0,0.0,0.0,0.0,0.0,0.0,0.0,,,0.0,0.0
59085,2022,,,,0.0,,0.0,,,0.0,0.0,0.0,0.0,,0.0,0.0
59086,2016,,2.74,,0.0,,0.0,,,,0.0,,,,,0.0
59086,2022,,3.16,,,,,,,,0.0,,,,,0.0
59087,2016,,,,0.0,,0.0,0.0,,,0.0,,,0.0,,0.0
59087,2022,,,,0.0,,0.0,0.0,,0.0,0.0,,,,,0.0
59088,2016,6.86,8.11,,0.0,,0.0,0.0,,,0.0,,7.49,,,
59088,2022,7.85,,3.92,0.0,,,,,,0.0,,,,,0.0
59089,2016,,,,,,0.0,,,,0.0,,,0.0,,
59089,2022,,,,,,,0.0,,,0.0,,,,,0.0
59090,2016,5.08,5.57,2.79,,0.7,0.0,0.7,,,,1.49,6.57,2.89,5.08,
59090,2022,6.93,4.76,5.07,,0.52,,,2.17,0.72,,1.66,6.62,3.52,5.48,
59091,2016,,,,,,0.0,0.0,,,0.0,0.0,,,,0.0
59091,2022,,,,,,,,,,0.0,,0.0,0.0,,0.0
59092,2016,1.5,10.76,2.75,,9.25,0.0,3.25,4.5,,0.0,2.5,2.25,2.0,4.5,
59092,2022,,4.93,5.18,,,,1.23,6.91,,0.0,,,,3.7,
59093,2016,,,,0.0,,0.0,,,0.0,0.0,0.0,,,,0.0
59093,2022,,,,0.0,0.0,0.0,,,,0.0,0.0,0.0,0.0,,0.0
59094,2016,,8.86,1.12,,1.83,0.0,3.37,1.27,,,,1.27,0.98,3.94,
59094,2022,1.44,9.92,2.87,,5.32,,4.74,3.31,1.15,,,1.29,,3.31,
59096,2016,,7.76,,,,0.0,,,,0.0,,,,4.18,
59096,2022,,,,0.0,,,,,,0.0,,,,,0.0
59097,2016,,,,0.0,0.0,0.0,0.0,,0.0,0.0,0.0,0.0,,,0.0
59097,2022,0.0,,0.0,0.0,0.0,0.0,,,,0.0,,,,,0.0
59098,2016,5.38,5.38,2.48,0.0,,0.0,,,,0.0,1.66,6.21,2.69,3.72,
59098,2022,2.42,4.04,3.43,,,,,4.04,,,1.61,2.02,1.61,,
59099,2016,,3.46,,0.0,,0.0,,,,0.0,,,,,0.0
59099,2022,,3.39,6.78,0.0,,,,,,0.0,,0.0,,,0.0
59100,2016,,,,0.0,0.0,0.0,,0.0,0.0,0.0,,,,,0.0
59100,2022,0.0,,,0.0,0.0,0.0,0.0,0.0,,0.0,0.0,0.0,0.0,,0.0
59101,2016,,,,0.0,,0.0,,,0.0,0.0,,0.0,,,0.0
59101,2022,,,,0.0,0.0,0.0,0.0,,0.0,0.0,,0.0,,0.0,0.0
59102,2016,,,,0.0,,0.0,,,0.0,0.0,0.0,,0.0,0.0,0.0
59102,2022,,,,0.0,0.0,0.0,,,0.0,0.0,,,0.0,,0.0
59103,2016,,,,0.0,0.0,0.0,,,0.0,0.0,,,,,0.0
59103,2022,,,,0.0,,0.0,,,,0.0,,,,,0.0
59104,2016,6.47,8.01,2.16,0.0,4.01,0.0,,2.77,,,,,,,
59104,2022,,6.05,1.59,0.0,,,,2.87,,,,,,,
59105,2016,3.9,3.25,,0.0,,0.0,,,,0.0,,,,,0.0
59105,2022,,,,0.0,,,,,,0.0,,,0.0,,
59106,2016,,,,0.0,,0.0,,,,0.0,,,,,
59106,2022,,6.53,,0.0,,,,,,0.0,,,,,0.0
59107,2016,4.18,9.25,1.54,,12.33,0.0,2.42,1.98,,,,1.98,,10.35,
59107,2022,,7.24,4.44,,2.8,,,4.44,2.8,0.0,,,,9.1,
59108,2016,,,,0.0,0.0,0.0,0.0,,,0.0,,,,,0.0
59108,2022,,,,0.0,,,,,0.0,0.0,,,,,0.0
59109,2016,,,,,,0.0,0.0,0.0,0.0,0.0,,,,,0.0
59109,2022,,,,,0.0,0.0,0.0,,,0.0,,,,,0.0
59110,2016,,,,0.0,,0.0,0.0,,,0.0,,,,,0.0
59110,2022,,,,0.0,,,,,,0.0,,0.0,,,0.0
59111,2016,0.0,,,0.0,,0.0,0.0,,0.0,0.0,0.0,,0.0,0.0,0.0
59111,2022,,,,0.0,0.0,0.0,,,,0.0,0.0,,0.0,0.0,0.0
59112,2016,7.22,16.41,3.09,,0.95,0.0,3.09,3.78,0.6,,2.23,4.98,4.3,5.41,1.55
59112,2022,2.85,9.84,4.92,,1.47,,4.92,6.39,1.9,,0.6,1.38,1.21,3.45,
59113,2016,,17.36,,,,0.0,,,,0.0,,,,,0.0
59113,2022,,,,0.0,,,,,,0.0,,,,,0.0
59114,2016,,6.58,,0.0,,0.0,,,,0.0,,,,4.78,0.0
59114,2022,,,,0.0,,0.0,,,,0.0,,,,,0.0
59115,2016,,,,0.0,,0.0,,,,0.0,,,,,0.0
59115,2022,,9.85,,,,0.0,,7.03,,0.0,,,,,0.0
59116,2016,,,,0.0,,0.0,,,0.0,0.0,0.0,,0.0,,0.0
59116,2022,,,,0.0,,,0.0,,0.0,0.0,0.0,,,,0.0
59117,2016,,8.06,,0.0,,0.0,,,,0.0,,,,,0.0
59117,2022,,,,0.0,,,,,,,,,,,0.0
59118,2016,,5.63,,,,0.0,,2.41,,0.0,,,,3.22,
59118,2022,,4.51,3.28,,,,,6.98,,0.0,,,,,
59119,2016,0.0,,,0.0,0.0,0.0,,,0.0,0.0,,0.0,0.0,,0.0
59119,2022,0.0,,,0.0,0.0,0.0,0.0,,,0.0,0.0,0.0,,,0.0
59120,2016,2.55,5.62,,0.0,0.0,0.0,,,,0.0,,,,,
59120,2022,2.53,,,0.0,,,,,,0.0,,,,,0.0
59121,2016,,,,,0.0,0.0,,,,0.0,0.0,,0.0,,0.0
59121,2022,,,,0.0,0.0,0.0,0.0,0.0,0.0,0.0,,0.0,,,0.0
59122,2016,3.21,16.77,2.2,0.55,4.53,0.0,6.12,2.57,1.13,,1.5,2.97,2.11,7.74,0.77
59122,2022,2.6,17.83,4.5,2.57,14.48,4.28,7.29,6.37,2.57,,1.84,3.39,1.96,10.04,1.2
59123,2016,3.65,6.08,,0.0,,0.0,,,,0.0,,,,4.25,0.0
59123,2022,4.06,,,0.0,4.64,,,,,0.0,,,,,
59124,2016,5.08,6.77,,,,0.0,,,,,,4.66,,,0.0
59124,2022,7.18,2.39,,0.0,,,,,,,,,,,0.0
59125,2016,,,,0.0,0.0,0.0,0.0,,0.0,0.0,,,,,0.0
59125,2022,,,,0.0,0.0,0.0,,,0.0,0.0,0.0,,,0.0,0.0
59126,2016,,7.75,,0.0,,0.0,,,,0.0,,,,,
59126,2022,,4.56,6.27,0.0,,,,5.7,,0.0,,,,,0.0
59127,2016,,,,0.0,0.0,0.0,,0.0,0.0,0.0,0.0,,0.0,,0.0
59127,2022,0.0,0.0,,0.0,0.0,0.0,,,,0.0,0.0,0.0,,0.0,0.0
59128,2016,6.19,10.31,2.06,0.0,,0.0,,,,,,21.86,,9.9,
59128,2022,6.15,8.84,3.08,0.0,,,,,,,7.69,18.45,,7.69,
59129,2016,2.24,9.85,,0.0,,0.0,,,0.0,,,4.48,,,0.0
59129,2022,,4.43,3.1,0.0,,0.0,,,,,,,,,0.0
59130,2016,,,,,,0.0,,0.0,,0.0,,,,,0.0
59130,2022,,,,0.0,,,0.0,,,0.0,,,,,0.0
59131,2016,3.42,8.75,1.77,,1.77,0.0,1.65,1.52,,,,0.76,,1.65,
59131,2022,1.91,8.65,3.05,,1.02,,2.54,4.2,0.64,0.0,,,0.76,1.53,
59132,2016,,14.55,,0.0,,0.0,,,,0.0,,,,,0.0
59132,2022,,,,0.0,,,,,,0.0,,,,,0.0
59133,2016,,,,0.0,,0.0,,,0.0,0.0,,,,,0.0
59133,2022,4.56,,,0.0,,,,,,0.0,,,,,0.0
59134,2016,,,,,,0.0,,,,0.0,,,,,0.0
59134,2022,,,,0.0,0.0,0.0,0.0,,,0.0,0.0,,,,0.0
59135,2016,3.04,6.95,,,,0.0,,2.17,,0.0,,,,3.04,
59135,2022,,9.95,4.97,,,,,,,0.0,,,,3.16,
59136,2016,2.58,13.32,1.86,,0.72,0.0,4.73,3.44,1.43,,1.58,1.29,2.86,6.73,
59136,2022,2.19,19.57,4.24,2.19,4.09,,14.31,12.42,2.04,0.0,1.46,1.75,2.78,8.18,
59137,2016,6.0,,,0.0,0.0,0.0,,,0.0,0.0,,,,,0.0
59137,2022,,,,0.0,0.0,0.0,,,,0.0,,,,,0.0
59138,2016,,,,0.0,0.0,0.0,,0.0,0.0,0.0,,0.0,,0.0,0.0
59138,2022,,,,0.0,,,,,,0.0,0.0,,,,0.0
59139,2016,2.41,17.94,3.66,1.45,4.9,0.0,5.66,2.9,1.1,,1.31,3.52,2.0,8.07,0.76
59139,2022,0.93,16.53,3.42,4.7,16.18,,6.84,12.12,2.21,0.0,1.14,1.71,1.64,5.92,
59140,2016,,,,0.0,0.0,0.0,,,,0.0,0.0,,0.0,,0.0
59140,2022,,,,0.0,,0.0,,,,0.0,,,,,0.0
59141,2016,,,,0.0,,0.0,,,0.0,,,,,,0.0
59141,2022,,,,0.0,0.0,0.0,,,,0.0,,,,,0.0
59142,2016,,,,0.0,0.0,0.0,0.0,,0.0,0.0,,,,,0.0
59142,2022,,,,0.0,,,0.0,,,0.0,0.0,,,,0.0
59143,2016,4.63,12.81,2.25,0.95,5.46,0.0,0.71,2.13,0.71,,1.19,4.15,2.85,3.68,
59143,2022,5.58,6.72,4.44,,2.05,,1.94,4.33,0.91,,,1.94,1.59,4.33,
59144,2016,,,,0.0,,0.0,0.0,,0.0,0.0,,,,,0.0
59144,2022,,,,0.0,,0.0,,,,0.0,0.0,0.0,0.0,,0.0
59145,2016,,,,0.0,,0.0,0.0,,0.0,0.0,,,,,0.0
59145,2022,,,,0.0,,0.0,0.0,,,0.0,,,,,0.0
59146,2016,4.01,6.69,,0.0,,0.0,,,,,,,3.35,2.68,
59146,2022,4.93,4.93,5.92,0.0,,,,,,0.0,,,2.63,,
59147,2016,0.0,0.0,0.0,0.0,0.0,0.0,0.0,0.0,0.0,0.0,0.0,0.0,,0.0,
59147,2022,0.0,0.0,0.0,0.0,0.0,0.0,0.0,0.0,0.0,0.0,0.0,0.0,0.0,0.0,0.0
59148,2016,,,,0.0,0.0,0.0,0.0,,0.0,0.0,0.0,,,,0.0
59148,2022,,,,0.0,0.0,0.0,0.0,,,0.0,,0.0,0.0,,0.0
59149,2016,,7.24,,0.0,,0.0,,,,0.0,,,,,0.0
59149,2022,,9.2,,0.0,,,,,0.0,0.0,,,,,0.0
59150,2016,,,,0.0,0.0,0.0,0.0,,0.0,0.0,,,,,0.0
59150,2022,,,,0.0,0.0,0.0,,,,0.0,,0.0,,,0.0
59151,2016,4.94,7.41,,,,0.0,,,,0.0,0.0,,,,0.0
59151,2022,,,,0.0,,0.0,,,,0.0,,,,,0.0
59152,2016,3.4,9.46,2.26,,0.65,0.0,1.54,0.89,0.57,,0.73,6.14,3.4,5.5,0.4
59152,2022,2.77,7.27,4.9,,0.87,0.71,1.58,2.53,,0.0,0.71,2.45,1.82,4.9,
59153,2016,3.72,18.49,1.86,,3.31,0.0,5.79,6.2,1.34,,,1.45,2.79,7.23,1.03
59153,2022,4.63,9.9,3.98,,3.44,,5.59,9.14,1.29,,,1.18,1.72,4.73,0.65
59155,2016,2.5,15.66,1.6,,1.65,0.0,2.55,2.03,1.79,,1.08,3.25,1.13,6.23,0.61
59155,2022,2.21,7.78,3.17,,1.82,,3.65,2.4,1.3,,1.44,1.58,0.72,4.03,0.34
59156,2016,,4.64,4.28,0.0,,0.0,,,,0.0,,,,2.85,
59156,2022,,3.84,5.23,0.0,0.0,0.0,,,,,,,,,0.0
59157,2016,4.37,5.24,,,,0.0,,,,,,,,4.37,0.0
59157,2022,3.7,6.94,,0.0,,,,4.63,,0.0,,,,,
59158,2016,,6.66,3.33,,2.67,0.0,,,,,,,,2.33,0.0
59158,2022,2.1,2.99,3.59,,,,,,,0.0,,,,,
59159,2016,,8.44,,0.0,,0.0,,,0.0,0.0,,,,,0.0
59159,2022,,9.09,,,,0.0,,,,0.0,,,,,0.0
59160,2016,2.86,12.96,2.42,,2.64,0.0,2.2,3.3,,,,3.52,2.2,1.76,
59160,2022,,7.71,4.4,,1.32,,1.54,5.73,,0.0,,1.32,,2.64,
59161,2016,,,,,,0.0,,,,0.0,,,,,0.0
59161,2022,,,,0.0,,0.0,,,,0.0,,,0.0,,0.0
59162,2016,,,,0.0,0.0,0.0,,,0.0,0.0,,,,,0.0
59162,2022,,,,0.0,,0.0,,,,0.0,,0.0,,,0.0
59163,2016,6.39,14.53,6.3,,0.47,0.0,1.27,1.65,0.38,0.28,3.15,9.64,5.5,6.39,1.79
59163,2022,6.25,8.02,6.63,,0.67,,2.15,3.05,1.19,,2.96,5.34,2.58,7.68,1.1
59164,2016,,,,0.0,0.0,0.0,0.0,,,0.0,0.0,0.0,0.0,0.0,0.0
59164,2022,,,,0.0,,0.0,0.0,0.0,,0.0,0.0,,,0.0,0.0
59165,2016,2.48,8.21,2.94,,4.96,0.0,1.24,2.32,,,,3.87,2.48,3.1,
59165,2022,2.77,7.54,4.31,,,,1.69,3.23,2.62,,1.85,1.69,2.15,2.92,
59166,2016,,,,0.0,,0.0,0.0,,,0.0,,,,,
59166,2022,,,6.66,0.0,,,,,,0.0,,,,,0.0
59167,2016,0.0,,,0.0,0.0,0.0,,,0.0,0.0,0.0,,,,0.0
59167,2022,0.0,,,0.0,0.0,0.0,0.0,,,0.0,0.0,0.0,0.0,,0.0
59168,2016,1.59,10.53,2.98,,,0.0,2.38,,,,,3.78,1.39,3.97,
59168,2022,2.12,4.45,5.72,,1.27,,2.12,,,,2.54,,2.12,6.57,
59169,2016,,,0.0,0.0,0.0,0.0,0.0,,,0.0,0.0,0.0,0.0,0.0,0.0
59169,2022,,,,0.0,0.0,0.0,0.0,0.0,,0.0,0.0,0.0,0.0,0.0,0.0
59170,2016,2.07,10.74,1.32,,,0.0,4.33,3.77,,0.0,,1.7,1.32,12.62,
59170,2022,2.43,10.11,6.55,,,,5.43,6.18,,,,3.56,1.12,7.3,
59171,2016,0.0,0.0,,0.0,0.0,0.0,0.0,0.0,0.0,0.0,0.0,,0.0,0.0,0.0
59171,2022,0.0,,0.0,0.0,0.0,0.0,0.0,0.0,0.0,0.0,0.0,0.0,0.0,,0.0
59172,2016,4.36,26.12,1.67,0.91,6.14,0.0,7.0,4.77,1.57,,3.5,3.45,4.62,14.76,1.88
59172,2022,3.54,16.34,2.72,,4.32,,5.82,8.53,2.13,,0.97,2.42,1.89,9.75,1.07
59173,2016,8.93,5.95,,0.0,,0.0,,,,,,8.33,4.76,3.57,
59173,2022,,3.33,,,,,,,,0.0,,,,,
59174,2016,,,,0.0,,0.0,,,0.0,0.0,0.0,,,,0.0
59174,2022,0.0,,,0.0,,0.0,0.0,,0.0,0.0,0.0,0.0,,,0.0
59175,2016,,,0.0,0.0,0.0,0.0,,0.0,,0.0,,,,,0.0
59175,2022,,,,0.0,0.0,0.0,,,0.0,0.0,,0.0,0.0,,0.0
59176,2016,,,,0.0,0.0,0.0,,,0.0,0.0,,0.0,,,0.0
59176,2022,,,,0.0,0.0,0.0,,0.0,0.0,0.0,,,,,0.0
59177,2016,,8.09,,0.0,,0.0,,,,0.0,,,,,0.0
59177,2022,,,,0.0,,,,,,0.0,0.0,,,,0.0
59178,2016,3.88,17.27,4.06,0.91,9.56,0.0,6.25,3.83,1.49,0.23,1.29,5.7,3.68,14.5,2.37
59178,2022,3.24,16.27,6.48,0.85,7.86,5.52,8.86,8.89,2.64,0.2,3.21,3.34,3.04,11.4,1.58
59179,2016,1.4,14.09,2.61,,0.56,0.0,2.61,2.99,0.84,,1.77,2.15,1.68,3.92,
59179,2022,1.19,9.49,3.36,,,,3.36,5.14,1.88,,1.09,1.68,1.38,2.97,
59180,2016,,,,,,0.0,,,,,,,,,0.0
59180,2022,,4.15,,,,,,,,0.0,0.0,,,,0.0
59181,2016,,,,0.0,,0.0,0.0,,,0.0,,,,,0.0
59181,2022,,,,0.0,,,,,,0.0,,,,,0.0
59182,2016,0.0,,,,,0.0,0.0,,0.0,0.0,0.0,,0.0,,0.0
59182,2022,,,,0.0,0.0,0.0,,,,0.0,,,,,0.0
59183,2016,3.46,15.87,3.2,0.57,4.43,0.0,5.04,2.79,1.41,0.11,1.27,4.88,2.59,12.94,2.39
59183,2022,3.38,12.38,3.82,0.52,3.61,1.26,4.87,4.41,2.63,0.14,1.28,2.06,1.79,10.24,0.91
59184,2016,,,,0.0,,0.0,,,,0.0,,,,,0.0
59184,2022,,,,0.0,,,0.0,,0.0,0.0,,,,,0.0
59185,2016,,8.24,,,,0.0,,,,0.0,,,,,
59185,2022,,12.75,4.25,,,,,,,0.0,,,,4.25,
59186,2016,,,0.0,0.0,0.0,0.0,0.0,0.0,0.0,0.0,0.0,,,0.0,0.0
59186,2022,0.0,0.0,,0.0,0.0,0.0,0.0,0.0,0.0,0.0,0.0,0.0,0.0,0.0,0.0
59187,2016,,,0.0,0.0,0.0,0.0,0.0,,0.0,0.0,,,0.0,,0.0
59187,2022,,,,0.0,,,,,,0.0,0.0,0.0,,,0.0
59188,2016,,,0.0,0.0,0.0,0.0,,0.0,0.0,0.0,0.0,0.0,,0.0,0.0
59188,2022,0.0,,,0.0,0.0,0.0,0.0,,0.0,0.0,0.0,0.0,,,0.0
59189,2016,,,,0.0,,0.0,,,,0.0,,,,,0.0
59189,2022,,,,0.0,,0.0,,,,0.0,,,,,0.0
59190,2016,,,,0.0,,0.0,,,,0.0,0.0,,,,0.0
59190,2022,,,,,,0.0,0.0,,0.0,0.0,0.0,,,,0.0
59191,2016,,,,0.0,0.0,0.0,,,,0.0,,,,,0.0
59191,2022,,8.09,,0.0,0.0,0.0,,,,0.0,,,,,0.0
59192,2016,,5.69,,0.0,,0.0,,,,0.0,,,,,0.0
59192,2022,,,,,,0.0,,,,0.0,,,,,0.0
59193,2016,4.1,9.14,1.89,,,0.0,,,,0.0,,6.93,3.78,,
59193,2022,3.3,5.62,3.64,0.0,,0.0,,,,0.0,3.97,,2.31,2.31,
59194,2016,,5.36,,0.0,,0.0,,,0.0,0.0,,,,,0.0
59194,2022,,6.2,,,,,,4.65,,0.0,,0.0,,,0.0
59195,2016,13.2,120.46,8.25,0.0,0.0,0.0,24.75,,,,,424.09,14.85,193.07,
59195,2022,,53.57,21.1,0.0,,,,,,,55.19,198.05,,108.77,
59196,2016,9.12,7.6,,0.0,,0.0,,,,0.0,,15.96,,5.32,0.0
59196,2022,6.21,13.2,3.88,0.0,0.0,0.0,,,,0.0,,16.3,,8.54,
59197,2016,,6.86,,0.0,,0.0,,,,0.0,,,,,
59197,2022,,4.55,2.9,,,,,,,0.0,,2.07,,,0.0
59198,2016,,,0.0,0.0,,0.0,,0.0,,0.0,,,,32.73,
59198,2022,,,,0.0,,0.0,,,,0.0,,,,,
59199,2016,,,,0.0,,0.0,0.0,,,0.0,0.0,0.0,,,0.0
59199,2022,,,,0.0,,,0.0,,,0.0,,,0.0,,0.0
59200,2016,,,,0.0,0.0,0.0,0.0,0.0,0.0,0.0,0.0,0.0,,,0.0
59200,2022,,,,0.0,0.0,0.0,,,0.0,0.0,0.0,,0.0,,0.0
59201,2016,,,,0.0,0.0,0.0,,,,,,,,,0.0
59201,2022,,,,0.0,0.0,0.0,,0.0,,0.0,,,,,0.0
59202,2016,4.13,6.49,3.54,,,0.0,,0.98,,0.0,,7.28,4.33,3.74,
59202,2022,2.43,5.8,3.55,,1.5,,,5.23,,,,,2.24,2.24,
59203,2016,,8.78,,0.0,,0.0,,,,0.0,,,,,0.0
59203,2022,,7.61,,0.0,,,,,,0.0,,,,,
59204,2016,,,,0.0,0.0,0.0,,0.0,0.0,0.0,,,,,0.0
59204,2022,,,,0.0,0.0,0.0,,,0.0,0.0,0.0,0.0,0.0,,0.0
59205,2016,3.34,17.52,1.77,,1.67,0.0,2.61,3.13,,,3.75,2.29,2.19,4.59,
59205,2022,4.08,8.94,4.64,,0.66,,2.32,5.52,1.66,,1.66,1.32,1.43,2.65,
59206,2016,5.8,14.04,2.14,,,0.0,4.88,1.53,,0.0,,,,3.66,
59206,2022,1.89,11.95,5.66,,1.89,,1.57,4.72,,0.0,,,,6.29,
59207,2016,9.5,18.29,2.14,,2.85,0.0,4.51,5.7,,0.0,,4.27,3.8,3.8,
59207,2022,2.4,6.23,3.11,0.0,,,,6.95,,,,,2.4,3.83,
59208,2016,,,,0.0,,0.0,0.0,0.0,0.0,0.0,,,0.0,,0.0
59208,2022,,,,0.0,,,0.0,0.0,,0.0,,,0.0,,0.0
59209,2016,,,,,,0.0,,,,0.0,0.0,,,,0.0
59209,2022,,,,0.0,,,0.0,,,0.0,,,0.0,,0.0
59210,2016,,7.06,,,,0.0,,,,0.0,,,,,
59210,2022,,2.33,,0.0,,0.0,,2.8,,0.0,,,,,0.0
59211,2016,,,,0.0,,0.0,,,0.0,0.0,,,,,0.0
59211,2022,,,,0.0,0.0,0.0,,0.0,0.0,0.0,,,,,
59212,2016,0.78,10.62,2.5,,1.56,0.0,3.43,2.97,1.4,,,3.28,0.78,6.4,
59212,2022,1.68,5.8,6.41,,5.65,,3.21,3.36,3.82,0.0,,0.76,0.76,4.73,
59213,2016,,,,0.0,0.0,0.0,0.0,0.0,0.0,0.0,0.0,,,,0.0
59213,2022,,,,0.0,,0.0,0.0,0.0,,0.0,,0.0,,0.0,0.0
59214,2016,,,,0.0,,0.0,,,,,,,,,0.0
59214,2022,,,,0.0,,0.0,,,,0.0,,,,,0.0
59215,2016,,9.5,,,,0.0,,,,0.0,,,,,0.0
59215,2022,,,,0.0,,0.0,,,,,0.0,,,,0.0
59216,2016,,,,0.0,0.0,0.0,0.0,,0.0,0.0,0.0,,0.0,0.0,0.0
59216,2022,,,,0.0,0.0,0.0,0.0,,0.0,0.0,,,,,0.0
59217,2016,,,,0.0,,0.0,0.0,0.0,0.0,0.0,,,0.0,,0.0
59217,2022,,,,0.0,0.0,0.0,0.0,,0.0,0.0,0.0,,0.0,,0.0
59218,2016,,6.81,,0.0,,0.0,,,,0.0,,,,,0.0
59218,2022,,,,0.0,,0.0,,,,0.0,,,,,0.0
59219,2016,,,,0.0,,0.0,,,,0.0,,,,,0.0
59219,2022,,,,,,0.0,,,,0.0,,,,,0.0
59220,2016,6.99,13.02,3.07,0.63,2.84,0.0,1.82,1.42,0.4,,3.35,10.69,4.95,8.53,0.97
59220,2022,5.46,7.65,6.77,,0.82,,1.69,2.89,1.2,,3.93,9.83,3.11,7.7,0.55
59221,2016,4.39,7.98,4.39,,,0.0,,,,0.0,,2.4,,3.19,
59221,2022,,4.07,,,,,,,,0.0,,,,3.25,0.0
59222,2016,2.33,5.12,,0.0,,0.0,,,,,,,,3.26,0.0
59222,2022,,5.32,4.88,0.0,,0.0,,,,0.0,,,,,
59223,2016,,,,0.0,,0.0,,,0.0,0.0,,,,,0.0
59223,2022,,,,0.0,0.0,0.0,0.0,,0.0,0.0,0.0,,,,0.0
59224,2016,,8.59,,0.0,,0.0,,,,0.0,,,,,0.0
59224,2022,,6.65,,0.0,,,,,,0.0,,,,,0.0
59225,2016,4.75,9.36,1.73,,,0.0,3.31,2.59,,,1.3,2.16,1.73,3.6,
59225,2022,1.34,9.07,5.5,,2.23,,3.42,2.82,,,,1.78,2.53,4.16,
59226,2016,,8.55,,,,0.0,,,,0.0,,,,,0.0
59226,2022,,,,,,0.0,,,,0.0,0.0,,,,0.0
59227,2016,1.88,11.65,2.07,,,0.0,1.88,2.63,,,,2.07,,2.44,
59227,2022,0.9,6.69,3.25,,,,1.45,4.16,1.27,,,1.27,1.45,1.81,0.0
59228,2016,,6.11,,,,0.0,,,,0.0,,,,,0.0
59228,2022,,7.63,3.47,,,,,,,,,5.55,,,
59229,2016,,,0.0,0.0,0.0,0.0,,,0.0,0.0,,,,,0.0
59229,2022,,,,0.0,0.0,0.0,0.0,,0.0,0.0,,,,,0.0
59230,2016,4.52,7.53,1.69,,3.01,0.0,4.33,2.64,,,,1.13,2.64,2.64,
59230,2022,1.16,6.77,3.48,,1.55,,2.9,4.26,1.55,0.0,,2.13,,2.9,
59231,2016,,,,0.0,,0.0,,,,0.0,,,,,0.0
59231,2022,,4.79,,0.0,,0.0,,,,0.0,,,,,
59232,2016,,,,0.0,,0.0,,,0.0,0.0,,,,,0.0
59232,2022,,,,0.0,,,,,0.0,0.0,,,0.0,,0.0
59233,2016,,,,0.0,,0.0,,,,0.0,,0.0,0.0,,0.0
59233,2022,,,,,,,0.0,,,0.0,0.0,,,,0.0
59234,2016,3.74,10.89,2.72,,17.19,0.0,3.74,4.25,,,1.19,4.42,3.74,8.51,
59234,2022,,10.84,5.06,,2.53,,1.99,6.69,1.63,,3.8,1.63,1.81,6.69,
59236,2016,0.0,,0.0,0.0,0.0,0.0,0.0,,0.0,0.0,,0.0,0.0,0.0,0.0
59236,2022,,,,0.0,0.0,0.0,0.0,,0.0,0.0,,0.0,,0.0,0.0
59237,2016,,,,0.0,0.0,0.0,,,0.0,,,,,,0.0
59237,2022,,,,,,0.0,,,,,,,,,0.0
59238,2016,,3.02,,,,0.0,,,,0.0,,,,,0.0
59238,2022,,4.2,,0.0,,0.0,,,,,,,,,
59239,2016,5.41,6.13,1.44,0.0,,0.0,,1.44,,0.0,,2.53,0.9,1.98,
59239,2022,1.94,6.17,2.29,0.0,,,,3.52,,,,1.23,,,
59240,2016,,,0.0,0.0,0.0,0.0,0.0,0.0,0.0,0.0,0.0,0.0,,,0.0
59240,2022,0.0,0.0,,0.0,0.0,0.0,0.0,0.0,,0.0,0.0,0.0,0.0,,0.0
59241,2016,,,,0.0,,0.0,0.0,,0.0,0.0,,0.0,,,0.0
59241,2022,,,,0.0,,0.0,,,,0.0,0.0,0.0,,,0.0
59242,2016,,,,0.0,0.0,0.0,,,,0.0,,,0.0,,0.0
59242,2022,,,,0.0,,0.0,,,0.0,0.0,,,,,0.0
59243,2016,,5.77,,0.0,0.0,0.0,0.0,,,0.0,0.0,,,,0.0
59243,2022,,5.79,,0.0,,0.0,,,,0.0,,0.0,,,0.0
59244,2016,3.37,8.42,,,,0.0,,,,0.0,,,,,
59244,2022,,3.98,,,,,,,,0.0,,,,,
59246,2016,,,,0.0,0.0,0.0,,,,0.0,,,,,0.0
59246,2022,,,,0.0,0.0,0.0,,,,0.0,0.0,,,,0.0
59247,2016,13.82,5.53,,0.0,,0.0,,0.0,,,6.22,,13.13,,
59247,2022,13.25,6.63,,0.0,,0.0,,,,0.0,3.61,,6.63,,
59249,2016,3.14,20.22,2.81,,3.8,0.0,5.53,3.38,2.56,,1.57,2.15,3.05,7.51,1.16
59249,2022,2.95,12.93,3.12,,1.56,,5.03,7.81,3.64,,0.61,1.47,1.82,7.11,0.61
59250,2016,4.96,4.96,,,,0.0,,,,0.0,,3.16,,,
59250,2022,,5.08,,0.0,,,,,,0.0,,,,,0.0
59251,2016,,,,0.0,0.0,0.0,0.0,,0.0,0.0,,0.0,,,0.0
59251,2022,0.0,,,0.0,0.0,0.0,,,0.0,0.0,0.0,,0.0,,0.0
59252,2016,7.91,5.41,,0.0,,0.0,,,,0.0,,6.24,3.75,2.08,
59252,2022,3.82,3.44,3.44,,,,,,,,,,,3.82,0.0
59253,2016,6.18,12.37,0.79,,1.45,0.0,3.42,3.03,,,,2.24,1.84,5.66,1.05
59253,2022,3.75,7.76,2.81,,1.34,,3.61,6.29,0.8,,0.94,,2.01,2.54,
59254,2016,,,,0.0,0.0,0.0,,,,0.0,,,,,0.0
59254,2022,,,,,,,,,0.0,0.0,,,,,0.0
59255,2016,,,,0.0,,0.0,0.0,,0.0,0.0,0.0,0.0,,,0.0
59255,2022,,,,0.0,0.0,0.0,,,,0.0,,,,,0.0
59256,2016,3.26,10.06,4.74,0.0,2.66,0.0,,,,,6.51,6.21,3.55,4.14,
59256,2022,,5.59,4.97,,2.17,,,,,0.0,5.9,3.1,3.42,5.28,
59257,2016,,,,,,0.0,0.0,,,0.0,0.0,,,,0.0
59257,2022,,,,0.0,0.0,0.0,,,,0.0,,,,,0.0
59258,2016,3.35,7.45,,,,0.0,,,,,,,,7.45,
59258,2022,,5.34,2.85,,,,,,,0.0,,,,3.91,
59259,2016,,,,0.0,0.0,0.0,0.0,,,0.0,,,,,0.0
59259,2022,,,,0.0,0.0,0.0,,,0.0,0.0,0.0,0.0,0.0,,0.0
59260,2016,2.86,5.01,1.67,,3.1,0.0,,2.86,,,1.67,2.39,1.91,3.34,
59260,2022,,7.51,5.09,,3.88,,,,,0.0,,,,2.18,
59261,2016,,8.74,,,,0.0,,,,0.0,,,,,
59261,2022,,3.46,2.89,,,0.0,,6.35,,0.0,,,,,
59262,2016,,4.87,,0.0,,0.0,,,,0.0,,,,,
59262,2022,,2.95,,,,0.0,,,,0.0,,,,,0.0
59263,2016,,,,0.0,,0.0,,0.0,,0.0,,,,,
59263,2022,,,,0.0,,0.0,,,,0.0,,,,,
59264,2016,,6.54,,,,0.0,,,,0.0,,,,,
59264,2022,,,,0.0,,,,,0.0,0.0,,,,,0.0
59265,2016,,7.43,,0.0,,0.0,,,,0.0,0.0,,,,
59265,2022,,,3.96,0.0,,,,,,0.0,,,,,0.0
59266,2016,4.25,4.25,3.25,,3.0,0.0,,,,0.0,,3.5,3.75,4.5,
59266,2022,3.17,6.1,3.66,,1.71,,1.46,2.2,,,,,1.95,,0.0
59267,2016,0.0,,,0.0,0.0,0.0,0.0,0.0,0.0,0.0,,,0.0,,0.0
59267,2022,,,,0.0,0.0,0.0,,,,0.0,,,,0.0,0.0
59268,2016,1.76,10.58,4.05,,,0.0,,3.0,,,,3.7,1.76,6.7,
59268,2022,2.16,7.56,4.86,,4.14,,1.26,5.04,2.52,0.0,1.08,,,3.78,
59269,2016,,10.36,,,,0.0,,,,0.0,,,,3.89,0.0
59269,2022,,,,,,,,,,0.0,,,0.0,,0.0
59270,2016,,,,0.0,,0.0,,,0.0,0.0,,0.0,,,0.0
59270,2022,,,,0.0,0.0,0.0,,,,0.0,0.0,0.0,0.0,,0.0
59271,2016,1.93,19.96,2.53,0.9,6.53,0.0,6.65,2.45,1.63,,2.1,2.36,1.93,6.83,1.59
59271,2022,0.79,11.8,3.98,1.52,6.73,2.02,7.08,4.67,1.52,,0.98,1.92,1.62,5.55,0.44
59272,2016,,8.66,,,,0.0,2.36,1.18,,,,,,2.95,
59272,2022,,7.14,3.88,,,,1.63,4.08,,0.0,,,,3.26,
59273,2016,2.09,14.48,1.31,,2.27,0.0,3.14,1.13,0.7,,0.7,1.92,0.87,5.76,
59273,2022,2.97,12.66,4.63,,1.75,,5.24,3.41,1.92,,0.96,2.01,0.79,5.07,
59274,2016,,,,,,0.0,,,0.0,0.0,,,,,0.0
59274,2022,,,,0.0,0.0,0.0,0.0,,0.0,0.0,0.0,,,,0.0
59275,2016,,5.81,,,,0.0,0.0,,0.0,0.0,,,,,0.0
59275,2022,,,,0.0,,,,,,0.0,,,,,0.0
59276,2016,3.23,14.62,2.58,,2.58,0.0,2.37,2.37,,,,,1.29,3.66,
59276,2022,2.58,11.19,6.46,0.0,,,4.95,7.97,,0.0,,1.94,1.51,2.58,
59277,2016,,,,0.0,0.0,0.0,0.0,,0.0,0.0,,,,,0.0
59277,2022,,,,0.0,0.0,0.0,,,0.0,,0.0,0.0,,,0.0
59278,2016,4.24,6.83,2.59,,,0.0,1.18,,,0.0,,2.82,4.71,3.53,
59278,2022,2.32,5.7,8.44,,,,,2.53,,0.0,4.22,5.7,2.74,3.59,
59279,2016,3.91,13.42,3.09,0.39,2.41,0.0,1.5,0.92,0.48,,3.09,10.62,4.59,6.71,1.01
59279,2022,1.79,8.36,4.25,0.63,4.01,2.8,1.89,3.53,1.26,,2.61,1.5,2.71,4.35,
59280,2016,,9.0,,0.0,,0.0,,,,0.0,,,,,0.0
59280,2022,,,,,,,,,,0.0,,,,,0.0
59281,2016,,6.91,,,,0.0,,,0.0,0.0,,,,,0.0
59281,2022,,5.6,4.0,0.0,,0.0,,6.41,,0.0,,,,,0.0
59282,2016,,,,,,0.0,,0.0,0.0,0.0,,,0.0,,0.0
59282,2022,,,,0.0,,0.0,0.0,0.0,0.0,0.0,,,0.0,0.0,0.0
59283,2016,,,,0.0,,0.0,0.0,,0.0,0.0,0.0,,0.0,,0.0
59283,2022,,,,0.0,,0.0,,,,0.0,0.0,0.0,0.0,,0.0
59284,2016,4.91,5.68,,,,0.0,,,,0.0,,1.29,2.58,2.58,
59284,2022,,3.63,4.67,0.0,,,,1.56,,,,1.56,2.08,,
59285,2016,,5.8,3.99,,,0.0,,,,,,,,,0.0
59285,2022,,2.28,3.42,0.0,,0.0,,2.66,,0.0,,4.18,,,
59286,2016,4.15,11.92,2.61,,1.34,0.0,2.14,1.94,0.67,,2.68,8.24,5.09,6.16,0.87
59286,2022,2.21,10.19,5.36,,3.22,,2.35,4.42,1.94,,3.02,3.89,3.22,4.69,0.74
59287,2016,0.0,,,0.0,0.0,0.0,,0.0,0.0,0.0,0.0,0.0,,0.0,0.0
59287,2022,,,,0.0,,0.0,0.0,,,0.0,,0.0,0.0,0.0,0.0
59288,2016,,25.57,,,3.53,0.0,,,,0.0,,,,,
59288,2022,,10.84,,,,,,2.6,,0.0,,2.17,,3.9,
59289,2016,,,,0.0,,0.0,,,,0.0,,,,,0.0
59289,2022,,3.4,,,,,,,,0.0,,,,,0.0
59290,2016,,,0.0,0.0,,0.0,,0.0,,0.0,,0.0,,,0.0
59290,2022,,,,,,0.0,,,,0.0,,,,0.0,0.0
59291,2016,4.4,11.75,1.99,,3.37,0.0,4.61,2.82,,0.0,0.76,1.86,1.58,3.51,1.31
59291,2022,2.39,11.41,4.3,,3.94,2.54,6.48,5.92,1.41,,1.41,1.9,1.2,4.51,0.7
59292,2016,,14.7,,,,0.0,,2.88,,0.0,,,,4.47,
59292,2022,,5.27,2.48,0.0,,,,,,0.0,,1.55,,,
59293,2016,,,,0.0,,0.0,,,,0.0,0.0,,,,0.0
59293,2022,,9.39,,0.0,,0.0,,,,0.0,,,,,0.0
59294,2016,,,0.0,0.0,,0.0,,,,0.0,0.0,0.0,,,0.0
59294,2022,,,,0.0,,0.0,0.0,,,0.0,0.0,,0.0,,0.0
59295,2016,0.78,12.27,3.18,0.69,6.73,0.0,2.44,1.2,0.69,,0.83,4.1,0.6,6.59,0.6
59295,2022,1.61,9.04,3.12,0.32,7.71,3.53,3.9,2.52,1.61,,0.64,1.42,0.37,6.38,
59296,2016,0.0,,,0.0,0.0,0.0,,0.0,0.0,0.0,,0.0,,0.0,0.0
59296,2022,0.0,,,0.0,0.0,0.0,0.0,,,0.0,0.0,,,0.0,0.0
59297,2016,,9.62,,0.0,,0.0,,,,0.0,,,,,0.0
59297,2022,3.67,,,0.0,,,,,,0.0,,,,,0.0
59299,2016,10.52,9.09,2.8,,2.01,0.0,1.74,1.16,0.58,,2.06,5.5,4.12,4.55,1.11
59299,2022,6.57,7.32,5.01,,1.51,,1.35,2.05,1.18,,2.91,3.07,5.01,5.22,0.59
59300,2016,,,,0.0,,0.0,,0.0,,0.0,,,,,0.0
59300,2022,,,,0.0,,0.0,,,0.0,0.0,0.0,,,,0.0
59301,2016,,6.12,,,,0.0,1.59,1.81,,0.0,,,,3.4,0.0
59301,2022,3.35,4.03,3.8,,,,,3.8,1.57,0.0,,,,,
59302,2016,3.21,9.13,1.97,,,0.0,2.22,1.48,,,3.95,,2.96,3.7,
59302,2022,1.44,6.23,4.55,,,,,1.68,,0.0,,1.2,1.92,4.31,
59303,2016,,8.31,,0.0,,0.0,,,,0.0,,,2.08,2.91,
59303,2022,3.93,6.12,6.56,,,,,,,0.0,,,4.81,,0.0
59304,2016,,,,0.0,,0.0,,,0.0,0.0,,,0.0,0.0,0.0
59304,2022,,,,0.0,0.0,0.0,,,,0.0,0.0,0.0,,,0.0
59305,2016,,14.12,,,6.75,0.0,,,0.0,0.0,,6.75,,,
59305,2022,,,,0.0,,,,,,0.0,,,,,0.0
59306,2016,,,,0.0,0.0,0.0,0.0,,0.0,0.0,0.0,0.0,,,
59306,2022,,,,0.0,,0.0,0.0,,,0.0,0.0,0.0,0.0,0.0,0.0
59307,2016,,,,,,0.0,0.0,,,0.0,0.0,,,,0.0
59307,2022,,,,0.0,,,,,,0.0,,,,,0.0
59308,2016,,,,0.0,,0.0,0.0,,,0.0,,,,,0.0
59308,2022,,,,0.0,,,,,,0.0,,,,,0.0
59309,2016,,6.59,1.22,,2.68,0.0,2.44,1.46,,,,,,3.42,
59309,2022,,8.73,3.74,,,,1.75,4.74,3.99,,,,,,0.0
59310,2016,,,,0.0,,0.0,,,0.0,0.0,,,,,
59310,2022,,,,0.0,,0.0,,5.69,,0.0,0.0,,,,0.0
59311,2016,,,,0.0,0.0,0.0,,,,0.0,,0.0,,,0.0
59311,2022,,,,0.0,0.0,0.0,,,,0.0,,,0.0,,0.0
59312,2016,,,,0.0,0.0,0.0,,,,0.0,,,,,0.0
59312,2022,,,,0.0,,0.0,,,,0.0,0.0,,,,0.0
59313,2016,,6.39,,,,0.0,,,,0.0,,,,,
59313,2022,,6.91,4.83,,,,,,,0.0,,,,,0.0
59314,2016,2.25,8.16,3.1,0.0,,0.0,1.97,2.25,,0.0,3.66,,,3.94,0.0
59314,2022,,5.11,3.69,,,,,3.69,,0.0,,,,,0.0
59315,2016,,,,0.0,,0.0,,,,0.0,,,,,
59315,2022,,,,0.0,,,,,,0.0,0.0,,,,0.0
59316,2016,6.4,8.72,2.33,0.0,,0.0,,,,,4.36,12.5,2.91,3.2,
59316,2022,5.45,6.06,8.48,0.0,0.0,0.0,,1.82,,0.0,16.96,6.06,4.54,3.33,
59317,2016,3.06,11.35,2.04,,6.89,0.0,2.68,2.55,1.53,,0.89,3.19,2.3,4.59,
59317,2022,2.02,7.84,3.67,,2.91,,4.3,2.91,2.78,0.0,,0.76,2.53,4.17,
59318,2016,0.0,,,0.0,,0.0,0.0,,,0.0,0.0,,,,0.0
59318,2022,,,,0.0,,0.0,,5.09,,0.0,0.0,,,,0.0
59319,2016,,3.41,1.86,,,0.0,,,,0.0,0.0,,,4.03,0.0
59319,2022,,4.37,3.43,0.0,,,,,,0.0,,,,,0.0
59320,2016,,8.41,,0.0,,0.0,,,,,,,,,0.0
59320,2022,,7.7,5.92,,,,,,,0.0,,,,,
59321,2016,,,,0.0,,0.0,,,0.0,0.0,,,,,
59321,2022,,,,,,0.0,,,,0.0,,0.0,0.0,,0.0
59322,2016,2.4,9.89,,,,0.0,,1.8,,,2.1,,,4.8,
59322,2022,,12.59,3.6,,3.9,2.4,2.4,5.7,,0.0,,5.4,,1.8,
59323,2016,,6.17,,0.0,,0.0,0.0,,0.0,0.0,,,,,0.0
59323,2022,,,5.28,0.0,,,,,,0.0,,,,,0.0
59324,2016,5.79,13.35,1.87,,2.95,0.0,3.83,2.75,1.18,,2.06,2.65,2.45,4.03,0.59
59324,2022,2.92,10.61,3.99,0.58,5.65,,5.06,5.74,1.56,,1.07,1.36,2.14,4.67,
59325,2016,,,,0.0,,0.0,,0.0,,0.0,,,,,0.0
59325,2022,,,,0.0,,0.0,,,,0.0,0.0,,,,0.0
59326,2016,,,,,,0.0,,,,,0.0,,,,0.0
59326,2022,,,,0.0,,,,,,0.0,0.0,,,,0.0
59327,2016,1.62,11.68,1.78,,,0.0,1.62,2.43,,,,3.57,3.57,4.06,
59327,2022,2.25,8.05,5.63,,1.45,,2.25,5.8,,0.0,,0.8,1.13,1.93,
59328,2016,3.91,9.31,2.86,,1.7,0.0,1.38,1.16,0.83,,1.3,4.96,3.37,5.4,1.3
59328,2022,4.13,6.35,6.01,,0.77,,1.14,1.88,1.14,,2.14,3.5,2.88,5.72,0.41
59329,2016,2.52,8.15,3.69,,,0.0,1.94,1.94,,0.0,,4.08,1.94,8.54,
59329,2022,3.47,8.77,6.32,0.0,,,1.84,3.47,,,,1.63,1.22,4.69,
59330,2016,5.41,5.41,,,,0.0,0.0,,,0.0,,,,,0.0
59330,2022,3.63,2.82,6.85,0.0,,,,,,,,,,2.01,0.0
59331,2016,2.01,7.73,2.01,,,0.0,2.58,,,,,,,3.15,
59331,2022,,9.37,4.39,,,,4.39,6.15,2.93,,,,,5.86,
59332,2016,,7.42,3.42,,,0.0,,,,,5.71,10.27,7.99,5.71,
59332,2022,,10.05,5.58,,0.0,0.0,,,,,,11.17,2.79,6.14,
59333,2016,,,0.0,0.0,,0.0,,,,0.0,,0.0,0.0,0.0,0.0
59333,2022,,,,0.0,0.0,0.0,0.0,,0.0,0.0,,,0.0,,0.0
59334,2016,,9.33,,0.0,,0.0,5.25,,,0.0,,,,18.08,
59334,2022,,10.67,,0.0,8.16,,,,,,,,,9.42,
59335,2016,3.22,,2.15,,,0.0,,,,,,1.79,,,
59335,2022,3.94,2.62,3.61,0.0,,,0.0,,,0.0,,,,,0.0
59336,2016,,14.61,,0.0,,0.0,,,0.0,0.0,,,,5.11,0.0
59336,2022,,14.02,6.64,,,,,13.28,,0.0,,,,4.43,0.0
59337,2016,,,,0.0,0.0,0.0,,,0.0,0.0,,,,,0.0
59337,2022,0.0,,,0.0,0.0,0.0,0.0,,,0.0,0.0,,0.0,,0.0
59338,2016,,,,0.0,,0.0,,,,0.0,,,,,0.0
59338,2022,,,,0.0,,0.0,,,,0.0,0.0,0.0,0.0,,0.0
59339,2016,9.74,14.35,2.83,,0.84,0.0,2.72,0.52,,,4.19,7.96,6.91,12.36,1.36
59339,2022,5.23,8.37,3.56,,,,2.51,2.62,1.57,,5.02,7.74,5.86,10.57,
59340,2016,5.61,9.82,,,1.87,0.0,1.4,,,,,2.1,1.87,3.97,
59340,2022,,5.36,3.66,0.0,1.46,,2.19,2.44,,0.0,,,,4.63,
59341,2016,,,0.0,0.0,,0.0,,,0.0,0.0,0.0,,0.0,0.0,0.0
59341,2022,,,,0.0,0.0,0.0,,,,0.0,,0.0,0.0,,0.0
59342,2016,,,0.0,0.0,0.0,0.0,0.0,0.0,0.0,0.0,,0.0,,0.0,0.0
59342,2022,0.0,,0.0,0.0,0.0,0.0,0.0,,0.0,0.0,,0.0,,,0.0
59343,2016,4.3,16.18,6.7,,,0.0,1.39,,0.63,,10.87,21.74,5.31,12.01,0.88
59343,2022,3.21,8.87,7.7,,1.5,,3.53,3.53,1.6,,5.02,19.24,3.63,10.47,
59344,2016,2.03,10.95,,,,0.0,,,,0.0,,,,,0.0
59344,2022,,5.64,3.22,,,0.0,,,,0.0,,,,,
59345,2016,,10.32,,,,0.0,,2.89,,0.0,,,,2.89,
59345,2022,,7.12,4.61,,,,,,,0.0,,,,2.93,
59346,2016,13.36,14.95,3.82,,,0.0,,,4.14,,9.86,23.86,7.64,12.09,
59346,2022,7.08,10.45,10.11,,,,,,3.03,0.0,8.09,13.49,4.72,8.09,
59347,2016,,,,0.0,0.0,0.0,0.0,0.0,0.0,0.0,,0.0,,,0.0
59347,2022,,,,0.0,,0.0,,,,0.0,,,0.0,,0.0
59348,2016,,7.55,,0.0,,0.0,,,,0.0,,,,,
59348,2022,,,,,,,,,,0.0,,,,,0.0
59349,2016,,6.85,,,,0.0,,2.63,,0.0,,,,,
59349,2022,,4.27,,,,,,5.34,,0.0,,,,,0.0
59350,2016,5.97,18.57,5.34,2.33,12.02,0.0,5.91,2.44,1.7,0.57,3.76,20.47,5.3,37.71,10.92
59350,2022,5.34,13.0,7.48,2.23,12.57,7.73,6.68,4.39,3.1,0.46,3.86,24.67,4.11,33.82,4.9
59351,2016,,,,0.0,0.0,0.0,0.0,,0.0,0.0,,,,,0.0
59351,2022,,,,0.0,,0.0,,,0.0,0.0,0.0,0.0,,,0.0
59352,2016,2.99,7.66,2.51,,,0.0,,0.84,,,1.2,5.03,2.39,3.35,
59352,2022,2.57,6.48,6.24,,,,0.86,1.71,,0.0,2.08,2.94,2.81,3.42,
59353,2016,0.0,,0.0,0.0,0.0,0.0,0.0,,,0.0,,,,,0.0
59353,2022,0.0,,,0.0,,0.0,,0.0,,0.0,,,,,0.0
59354,2016,,,,0.0,0.0,0.0,,,,0.0,0.0,,,,0.0
59354,2022,,,,0.0,,0.0,,,,,,,,,0.0
59356,2016,7.39,6.52,,,,0.0,,,,0.0,,,3.91,,
59356,2022,,5.53,4.15,0.0,,,,,,0.0,2.76,2.76,3.23,,
59357,2016,4.72,8.03,,0.0,,0.0,,,,0.0,,,,2.83,
59357,2022,3.88,5.34,,0.0,,,,2.91,,0.0,,,,,0.0
59358,2016,,,,0.0,,0.0,,,,0.0,0.0,,,,0.0
59358,2022,,,,0.0,,,,,,,,,,,0.0
59359,2016,0.81,12.56,1.29,3.87,7.25,0.0,2.9,1.29,1.13,,,0.97,,2.25,
59359,2022,,7.17,2.5,,1.5,,,2.34,1.17,,1.67,1.17,,2.34,
59360,2016,3.94,14.81,2.94,1.13,1.4,0.0,2.85,2.54,0.95,,2.9,5.57,3.99,6.52,0.91
59360,2022,2.7,11.68,5.32,0.35,1.44,,2.96,3.79,1.31,,2.96,3.97,2.75,7.15,0.61
59361,2016,4.31,19.53,1.78,,1.52,0.0,6.34,3.81,2.54,,2.79,4.06,4.82,6.6,
59361,2022,2.13,15.44,3.19,0.0,1.33,,3.19,7.45,,,,,3.46,1.6,
59363,2016,,,,,,0.0,0.0,,,0.0,,,,,0.0
59363,2022,,,,0.0,,,,,,0.0,,,,,0.0
59364,2016,,,,0.0,,0.0,,,,0.0,,,,,0.0
59364,2022,,,,0.0,,,,,,0.0,0.0,,,,0.0
59365,2016,4.88,12.05,3.05,,4.57,0.0,7.62,2.29,2.13,,1.83,3.51,1.83,10.52,1.52
59365,2022,3.16,12.95,3.79,2.37,14.52,4.42,6.63,5.84,1.74,,,1.42,1.26,9.95,
59366,2016,,,,0.0,,0.0,,,0.0,,0.0,,,,0.0
59366,2022,,,,0.0,0.0,0.0,,,,0.0,0.0,0.0,,,0.0
59367,2016,7.35,12.07,1.95,,2.1,0.0,0.97,2.02,0.45,,3.3,5.62,4.95,4.65,0.9
59367,2022,5.29,10.08,5.15,,,,2.0,2.36,1.36,,3.43,5.22,3.86,5.79,0.36
59368,2016,3.39,12.99,4.09,,0.8,0.0,2.26,1.69,1.18,,2.82,7.25,5.55,9.27,2.02
59368,2022,4.06,7.67,5.96,,0.36,,1.67,3.02,1.58,0.23,2.57,5.87,4.2,8.17,0.95
59369,2016,3.68,8.35,,0.0,,0.0,1.23,,,,,1.47,,2.21,0.0
59369,2022,,3.78,3.78,,,,,2.52,,0.0,,1.26,,,0.0
59370,2016,,,,,,0.0,,,,0.0,0.0,,,,0.0
59370,2022,,,,,,0.0,,,,0.0,,,,,0.0
59371,2016,,,,0.0,,0.0,0.0,,0.0,,,,,,0.0
59371,2022,,,,0.0,0.0,0.0,0.0,,0.0,0.0,,,,,0.0
59372,2016,,,,0.0,0.0,0.0,,,0.0,0.0,,,,,0.0
59372,2022,,,,0.0,,,,,0.0,0.0,,,,,0.0
59374,2016,,,,0.0,,0.0,0.0,,,0.0,,,,,0.0
59374,2022,,,,0.0,,,0.0,,0.0,0.0,0.0,0.0,,0.0,0.0
59375,2016,2.83,7.18,2.18,,6.31,0.0,2.39,2.83,,,,3.92,1.31,3.48,
59375,2022,1.33,4.88,3.77,,,,,,,,,,,1.55,
59377,2016,,6.91,,,,0.0,,,,0.0,,,0.0,,0.0
59377,2022,,9.12,4.83,,,,,,,0.0,,,,,0.0
59378,2016,9.59,9.51,5.0,,1.08,0.0,1.7,1.62,0.46,,2.78,8.22,7.29,8.66,1.11
59378,2022,6.83,6.38,8.31,,0.53,,1.18,2.15,0.85,,2.1,4.31,2.63,7.76,0.73
59379,2016,,,,0.0,0.0,0.0,,,,,,,,,0.0
59379,2022,,,,0.0,,0.0,,,0.0,0.0,0.0,,,,0.0
59381,2016,,7.25,,,,0.0,,,,0.0,,,,,0.0
59381,2022,,,,0.0,0.0,0.0,,,,0.0,,,,,0.0
59382,2016,,4.79,,,,0.0,,,,0.0,,,,,0.0
59382,2022,,4.99,,0.0,,,,9.98,,0.0,,,,,
59383,2016,4.61,15.83,2.78,,2.0,0.0,3.39,2.7,0.87,,1.65,3.57,3.57,5.83,
59383,2022,3.26,10.93,4.84,,1.42,,3.59,5.09,1.34,0.0,1.34,3.01,1.75,5.68,
59384,2016,,5.03,,0.0,,0.0,,,,0.0,,,,,
59384,2022,,3.46,,,,,,,,0.0,0.0,,,,0.0
59385,2016,3.26,7.98,,0.0,,0.0,2.18,3.63,,,,,1.81,3.26,
59385,2022,3.4,7.17,4.53,0.0,,,,4.91,,0.0,,,,,
59386,2016,6.14,8.73,2.59,,,0.0,1.15,1.44,0.48,,2.21,7.19,6.81,5.76,
59386,2022,3.59,5.12,5.64,,,,1.37,2.82,1.02,,2.39,8.46,2.65,6.66,
59387,2016,,6.45,,,,0.0,,,,0.0,,,,,0.0
59387,2022,,,2.56,0.0,,0.0,,,,0.0,,,,,0.0
59388,2016,,5.54,,0.0,,0.0,,,0.0,0.0,,,,,0.0
59388,2022,,6.09,3.04,,,,,,,0.0,,,,,
59389,2016,,5.55,,,,0.0,,,,0.0,4.07,,,2.59,
59389,2022,,8.42,2.56,0.0,,,,5.86,,0.0,,,,,0.0
59390,2016,,10.41,1.69,,,0.0,3.15,,1.21,,,3.39,,3.39,
59390,2022,,7.7,3.97,,,,6.45,4.97,,,,,,4.22,
59391,2016,,,,0.0,,0.0,,,,0.0,,,,,0.0
59391,2022,,5.56,,,,,,,,0.0,,,,,
59392,2016,6.5,13.65,2.63,2.29,10.48,0.0,7.55,3.57,1.65,,1.68,3.87,1.68,6.81,1.95
59392,2022,3.46,12.92,4.88,0.17,9.87,5.92,6.27,4.92,2.18,,1.8,2.22,1.84,8.14,1.11
59393,2016,,,,,,0.0,,,,0.0,,,,,
59393,2022,,,,0.0,,,,,,0.0,,,,,0.0
59394,2016,,,,0.0,0.0,0.0,0.0,0.0,,0.0,0.0,,,,0.0
59394,2022,,,,0.0,,,,,,0.0,0.0,0.0,,,0.0
59395,2016,,,,0.0,0.0,0.0,,,,0.0,0.0,0.0,,,0.0
59395,2022,,,,0.0,0.0,0.0,,,,0.0,,0.0,0.0,0.0,0.0
59396,2016,,,,0.0,,0.0,,,,0.0,,,,,0.0
59396,2022,,,,,,0.0,,,,0.0,0.0,,,,
59397,2016,,,,0.0,0.0,0.0,0.0,,,0.0,0.0,,0.0,,0.0
59397,2022,,,,,,0.0,,,0.0,0.0,0.0,0.0,0.0,,0.0
59398,2016,3.34,11.67,2.33,,,0.0,3.67,,,,,,2.33,5.34,
59398,2022,6.04,4.03,6.62,0.0,,,,3.45,1.73,0.0,,,,2.3,
59399,2016,,,,0.0,,0.0,,,,0.0,,,,,
59399,2022,,,,0.0,0.0,0.0,0.0,,,0.0,,,,,0.0
59400,2016,2.03,12.19,2.95,,5.18,0.0,2.84,1.73,1.22,0.0,,2.13,1.02,6.4,
59400,2022,1.44,10.38,3.6,,2.26,,3.91,2.98,3.19,,,0.93,1.64,4.32,
59401,2016,6.14,7.46,,0.0,,0.0,,,,,,,,,
59401,2022,6.73,4.48,5.38,,4.93,,,,,0.0,,,,2.24,0.0
59402,2016,,,,0.0,,0.0,,,,0.0,0.0,,0.0,,0.0
59402,2022,,,,0.0,0.0,0.0,,,0.0,0.0,,,0.0,,0.0
59403,2016,,,,0.0,0.0,0.0,,,,0.0,,0.0,,,0.0
59403,2022,,,,0.0,,,,,0.0,0.0,,,,,0.0
59405,2016,,,,0.0,,0.0,,,,0.0,,0.0,,,0.0
59405,2022,,,,0.0,0.0,0.0,,,,0.0,0.0,0.0,,,0.0
59406,2016,,,,0.0,,0.0,,,,0.0,,,0.0,,
59406,2022,,,,0.0,,0.0,,,,0.0,0.0,,0.0,,0.0
59407,2016,,,,0.0,0.0,0.0,0.0,,0.0,0.0,,,,,0.0
59407,2022,,,,0.0,,,,,,0.0,,,,,0.0
59408,2016,3.97,9.93,,0.0,,0.0,,,,0.0,,,3.31,,
59408,2022,,4.75,,0.0,,,,,,0.0,,,,,
59409,2016,2.01,10.83,,,,0.0,,,,,,,,2.41,0.0
59409,2022,,9.65,3.62,,,,,2.81,,0.0,,,,,0.0
59410,2016,4.94,10.21,3.02,,2.21,0.0,2.54,2.25,0.86,,1.92,6.09,4.51,6.09,1.82
59410,2022,4.07,7.21,5.94,1.17,3.23,1.36,1.5,3.7,1.87,,3.09,3.37,3.32,5.34,0.51
59411,2016,,3.29,,,,0.0,,,0.0,0.0,5.65,,,,
59411,2022,,6.26,3.85,0.0,,,,,,,,,,,0.0
59412,2016,,,,0.0,,0.0,0.0,,0.0,0.0,,,,,0.0
59412,2022,,,,,,,,0.0,0.0,0.0,,,,0.0,0.0
59413,2016,,,,0.0,0.0,0.0,,0.0,0.0,0.0,,,0.0,,0.0
59413,2022,,,,0.0,0.0,0.0,0.0,,0.0,0.0,,,,,0.0
59414,2016,,9.82,1.25,0.0,3.55,0.0,1.04,,,0.0,,,3.34,1.88,
59414,2022,,7.85,4.36,0.0,,,,2.4,,,,,,2.62,
59415,2016,0.0,,,0.0,0.0,0.0,0.0,0.0,,0.0,,0.0,,,0.0
59415,2022,,,,0.0,0.0,0.0,0.0,0.0,,0.0,0.0,,,,0.0
59416,2016,,10.17,,0.0,2.35,0.0,,,,0.0,,,,3.13,0.0
59416,2022,,5.91,,0.0,,,,,,0.0,,,,2.36,0.0
59418,2016,,10.96,,,15.83,0.0,3.65,3.65,,0.0,,,,,0.0
59418,2022,,3.8,,,,,,,,0.0,,,,,
59419,2016,,,,,5.01,0.0,,,,0.0,,,,,
59419,2022,3.41,,,0.0,15.01,,,,,0.0,0.0,,,,0.0
59420,2016,,,,0.0,0.0,0.0,0.0,0.0,0.0,0.0,0.0,0.0,0.0,0.0,0.0
59420,2022,0.0,,,0.0,0.0,0.0,0.0,0.0,0.0,0.0,0.0,0.0,0.0,0.0,0.0
59421,2016,4.43,8.1,3.08,,,0.0,1.43,1.65,,,1.95,6.83,3.75,5.48,
59421,2022,8.31,5.89,6.8,,0.38,,1.21,1.89,0.53,,4.23,4.38,4.23,4.76,0.38
59422,2016,,,,0.0,0.0,0.0,0.0,0.0,,0.0,,,,,0.0
59422,2022,,,,0.0,,,,,0.0,0.0,,,,,0.0
59423,2016,,,,0.0,,0.0,,,,0.0,,,,,0.0
59423,2022,,,,0.0,,0.0,,,,0.0,,,,,
59424,2016,,,,0.0,,0.0,,,,0.0,,,,,
59424,2022,,9.26,,0.0,,,,8.49,,0.0,0.0,,,,
59425,2016,0.0,,,0.0,0.0,0.0,0.0,,,0.0,0.0,0.0,0.0,,0.0
59425,2022,,,,0.0,0.0,0.0,0.0,0.0,,0.0,0.0,,0.0,,0.0
59426,2016,4.92,6.17,3.18,1.83,6.17,0.0,1.35,,,0.0,2.12,4.92,2.51,3.47,0.58
59426,2022,3.85,7.21,6.22,0.59,1.58,1.28,1.78,2.27,1.38,,2.77,4.94,4.15,7.9,
59427,2016,,,,0.0,,0.0,,,0.0,0.0,,,,,0.0
59427,2022,,,,0.0,,,,,0.0,0.0,0.0,,,,
59428,2016,2.63,5.52,1.31,,,0.0,,,,,,,,1.58,0.0
59428,2022,2.56,8.7,,,1.53,,1.28,4.35,,0.0,,5.37,,1.79,
59429,2016,1.85,11.48,,,,0.0,,3.7,,0.0,,,,,0.0
59429,2022,,5.07,3.99,0.0,,,,3.99,,0.0,,,,,0.0
59430,2016,,4.44,,0.0,,0.0,,,0.0,0.0,,,,,0.0
59430,2022,,5.5,,0.0,,,,,,0.0,,,,,0.0
59431,2016,3.36,10.2,2.95,,9.4,0.0,2.42,0.81,1.48,,1.61,4.97,1.88,5.77,
59431,2022,4.94,8.85,4.03,,4.16,,,3.25,0.78,,,2.34,,6.77,
59432,2016,,,,0.0,0.0,0.0,,,,0.0,,,0.0,,0.0
59432,2022,,,,0.0,,,,,,0.0,,,,,
59433,2016,,,0.0,0.0,,0.0,,,,0.0,0.0,0.0,0.0,,0.0
59433,2022,,,,0.0,,0.0,,,,0.0,0.0,,0.0,,0.0
59434,2016,,,,,,0.0,,,,0.0,0.0,,,,0.0
59434,2022,,,5.03,0.0,,,,,,0.0,,,,,
59435,2016,3.2,3.6,4.41,,,0.0,,,,0.0,,2.0,,,0.0
59435,2022,3.82,8.02,,0.0,,,,,,,,,,,0.0
59436,2016,,,,,0.0,0.0,0.0,0.0,,0.0,0.0,0.0,,,0.0
59436,2022,,,,0.0,,0.0,,,,0.0,0.0,,,,0.0
59437,2016,,,,0.0,,0.0,,,0.0,0.0,,6.83,,,
59437,2022,7.15,10.73,,0.0,0.0,0.0,,,,0.0,,,,,0.0
59438,2016,,,,,,0.0,,,,0.0,,,,,0.0
59438,2022,,,,0.0,,0.0,,,,0.0,,,,,
59439,2016,,,,0.0,0.0,0.0,0.0,,0.0,,,,,,0.0
59439,2022,,,,0.0,0.0,0.0,0.0,,,0.0,0.0,,0.0,,0.0
59440,2016,,,,,,0.0,,,,0.0,,,,,0.0
59440,2022,,,,0.0,,,,,,0.0,,,,,
59441,2016,,,,0.0,,0.0,,,,0.0,0.0,,0.0,,0.0
59441,2022,,,,,,0.0,,,,0.0,0.0,0.0,,,0.0
59442,2016,,,0.0,0.0,0.0,0.0,0.0,0.0,0.0,0.0,0.0,0.0,0.0,,0.0
59442,2022,0.0,,,0.0,,,,,,0.0,0.0,0.0,0.0,0.0,0.0
59443,2016,0.0,,0.0,0.0,,0.0,0.0,0.0,0.0,0.0,,0.0,,,0.0
59443,2022,0.0,,,0.0,,,0.0,,,0.0,0.0,,0.0,,0.0
59444,2016,,,,,,0.0,,,,0.0,,,,,0.0
59444,2022,,,,0.0,0.0,0.0,,,,0.0,,,,,0.0
59445,2016,,10.8,,0.0,,0.0,,,,0.0,0.0,,,,0.0
59445,2022,,,,0.0,,0.0,,,,0.0,,,,,0.0
59446,2016,,,,0.0,,0.0,,,,0.0,,,,,0.0
59446,2022,,,,0.0,0.0,0.0,0.0,0.0,,,,,,,0.0
59447,2016,6.15,16.85,3.07,,0.8,0.0,4.21,3.76,,,2.62,4.21,2.62,6.83,
59447,2022,2.33,9.69,3.15,,5.84,,1.98,6.3,0.82,,3.27,1.05,1.4,5.14,
59448,2016,,,,0.0,,0.0,,,,0.0,0.0,,,,
59448,2022,0.0,,,0.0,,,,,0.0,0.0,,,0.0,,0.0
59449,2016,3.47,10.31,3.01,,10.77,0.0,3.47,2.66,0.81,,0.58,5.21,2.9,10.31,
59449,2022,2.15,10.61,4.17,,15.26,13.71,2.26,4.53,2.62,0.0,4.29,4.17,1.67,6.79,
59450,2016,,,,0.0,0.0,0.0,,,0.0,0.0,0.0,,,,
59450,2022,,,,0.0,,0.0,,,,0.0,,,,,0.0
59451,2016,,,,0.0,,0.0,0.0,,0.0,0.0,0.0,,,,0.0
59451,2022,,,,0.0,,,0.0,,0.0,0.0,0.0,,,,0.0
59452,2016,3.72,13.4,3.72,,8.37,0.0,3.72,2.05,,,4.09,6.14,3.72,6.7,
59452,2022,2.16,8.48,3.16,0.0,0.83,,3.66,4.49,1.33,,1.5,1.33,2.16,3.33,
59453,2016,,,,,,0.0,,,0.0,0.0,,,0.0,,0.0
59453,2022,,,,0.0,0.0,0.0,,,,0.0,0.0,0.0,,,0.0
59454,2016,0.0,,,0.0,,0.0,,,,0.0,,,,,0.0
59454,2022,,,,0.0,,0.0,,,,0.0,,0.0,0.0,,0.0
59455,2016,,,,,,0.0,0.0,,,0.0,,,,,0.0
59455,2022,,,,0.0,,0.0,,,,0.0,,,,0.0,0.0
59456,2016,3.35,16.57,1.34,,1.84,0.0,4.02,2.18,,,1.67,3.01,3.85,5.02,
59456,2022,2.76,8.44,3.9,,,,3.41,3.73,0.97,,,1.14,2.6,3.08,0.0
59457,2016,4.3,7.29,1.67,,,0.0,1.2,1.43,0.6,0.0,2.75,5.5,7.05,2.99,
59457,2022,2.47,7.89,3.77,,,,,2.36,,0.0,4.12,3.53,1.53,5.54,
59458,2016,,9.97,,0.0,,0.0,0.0,,0.0,0.0,,,,,0.0
59458,2022,,,,0.0,,,,,0.0,0.0,0.0,,,,
59459,2016,5.72,16.96,3.27,,1.02,0.0,3.68,2.45,,,3.47,7.76,3.47,23.09,
59459,2022,1.78,19.57,4.55,0.0,,,5.93,4.94,3.95,,5.34,11.66,3.56,9.49,
59461,2016,,,,0.0,0.0,0.0,0.0,0.0,0.0,0.0,0.0,,0.0,0.0,0.0
59461,2022,,,,0.0,0.0,0.0,,,0.0,0.0,0.0,,,,0.0
59462,2016,4.41,10.51,1.26,,5.05,0.0,,,,,2.73,13.03,3.15,5.05,
59462,2022,2.67,4.94,4.94,,,,,4.32,,,,5.14,1.23,3.5,
59463,2016,,,,0.0,0.0,0.0,,,,0.0,,,,,
59463,2022,,,,0.0,,0.0,,,,0.0,0.0,0.0,,,0.0
59464,2016,,5.0,,0.0,2.27,0.0,,,,0.0,,,,,0.0
59464,2022,,4.64,,,,0.0,,3.71,,0.0,,,,,0.0
59465,2016,,,,0.0,,0.0,,,0.0,0.0,,,,,0.0
59465,2022,,,,0.0,,0.0,,,,0.0,0.0,,,,0.0
59466,2016,,14.51,,,2.76,0.0,,,,0.0,,,,5.18,
59466,2022,,8.84,2.62,,1.96,,,,,0.0,,,,2.95,
59467,2016,2.36,7.08,,,,0.0,3.93,,,0.0,,,,1.97,0.0
59467,2022,,7.12,4.19,0.0,,,,6.28,,0.0,,,,,
59468,2016,,,,0.0,0.0,0.0,0.0,,0.0,0.0,0.0,,,,0.0
59468,2022,,,,0.0,0.0,0.0,,,,0.0,0.0,,0.0,,0.0
59469,2016,0.0,,,0.0,0.0,0.0,,,0.0,0.0,0.0,,0.0,,0.0
59469,2022,,,,0.0,,0.0,0.0,,0.0,0.0,0.0,0.0,0.0,0.0,0.0
59470,2016,9.35,8.89,,0.0,0.0,0.0,,,0.0,0.0,,,4.21,3.27,
59470,2022,3.94,3.94,,0.0,,0.0,,,,0.0,,,,,
59471,2016,,10.42,,0.0,,0.0,,,,0.0,,,,,
59471,2022,,,,,,,,,,0.0,,,,,0.0
59472,2016,,,,0.0,,0.0,,,,0.0,,0.0,,,0.0
59472,2022,,,,0.0,,0.0,,,,0.0,,,,,0.0
59473,2016,,,,0.0,,0.0,0.0,,0.0,0.0,0.0,,0.0,,0.0
59473,2022,,0.0,,0.0,,0.0,,,0.0,0.0,,,,,0.0
59474,2016,,,,0.0,0.0,0.0,,,,0.0,,,,,0.0
59474,2022,,,,,0.0,0.0,,,,0.0,0.0,,,,
59475,2016,3.49,9.61,,,14.85,0.0,,5.24,,0.0,3.49,3.06,,3.93,
59475,2022,,9.54,3.18,0.0,,,,3.63,,0.0,3.18,4.09,2.72,,
59476,2016,3.16,7.9,1.58,,,0.0,3.48,,,0.0,,1.58,,5.69,
59476,2022,,6.63,3.47,,,,,3.16,,0.0,,,,4.42,
59477,2016,,11.55,1.41,,,0.0,,,,,,,,3.77,
59477,2022,,7.63,4.94,,,,2.02,6.28,,,,,,2.69,
59478,2016,,5.57,,0.0,,0.0,,,,0.0,,,,4.64,0.0
59478,2022,,,,,,,,,,0.0,,,,,0.0
59479,2016,5.31,9.62,,,,0.0,,,,0.0,,3.65,,2.65,
59479,2022,1.91,9.87,4.46,,,,,2.23,,,,1.91,,2.55,
59480,2016,,,,0.0,,0.0,0.0,,,,0.0,,,,
59480,2022,,,,,,,,,,0.0,,,,,0.0
59481,2016,1.2,18.15,2.19,,6.78,0.0,4.79,2.59,1.6,,2.79,3.19,3.19,9.97,
59481,2022,,10.7,3.09,,5.15,2.68,3.91,4.53,2.68,0.0,,1.23,,6.59,
59482,2016,5.46,6.64,1.62,,3.83,0.0,,1.03,,,1.77,1.92,2.95,3.69,
59482,2022,2.77,4.37,4.95,,,,,1.75,1.6,0.0,2.62,1.31,1.17,2.77,
59483,2016,0.0,,,0.0,0.0,0.0,0.0,,0.0,0.0,0.0,0.0,0.0,,0.0
59483,2022,,,0.0,0.0,0.0,0.0,0.0,,0.0,0.0,0.0,,0.0,0.0,0.0
59484,2016,7.86,13.68,2.36,,6.92,0.0,9.12,2.52,0.94,,0.79,2.83,3.3,6.29,
59484,2022,0.99,10.53,3.95,,3.46,,7.07,5.92,1.65,,,3.95,1.81,5.59,
59485,2016,,4.53,,0.0,0.0,0.0,,,,0.0,0.0,,0.0,,0.0
59485,2022,,3.89,,0.0,0.0,0.0,,3.89,,0.0,,,,,0.0
59486,2016,4.38,6.57,2.92,,,0.0,,,,0.0,,1.83,,2.56,
59486,2022,5.3,6.81,6.43,0.0,,0.0,,3.78,,,,,,1.89,0.0
59487,2016,10.99,,,0.0,,0.0,,,0.0,,,,,,
59487,2022,,,,0.0,0.0,0.0,,,,0.0,,,,,0.0
59488,2016,6.17,9.26,,0.0,,0.0,,,,0.0,,,,,0.0
59488,2022,2.38,9.03,4.28,,,,,,,0.0,,,,,
59489,2016,3.95,7.89,1.97,,,0.0,1.23,,,0.0,2.47,,1.97,2.22,
59489,2022,2.74,2.49,3.99,,,,,2.99,,,,,,1.74,
59490,2016,,,,0.0,0.0,0.0,0.0,,0.0,0.0,,0.0,,0.0,0.0
59490,2022,,,,0.0,0.0,0.0,,0.0,0.0,0.0,0.0,0.0,0.0,0.0,0.0
59491,2016,4.59,18.19,2.37,,4.19,0.0,2.93,2.45,1.03,,3.01,4.75,3.08,6.57,1.74
59491,2022,3.13,14.33,3.95,,1.81,,3.38,5.85,1.32,,0.91,3.54,1.98,4.28,
59492,2016,0.0,,,0.0,,0.0,,0.0,0.0,0.0,,,,,0.0
59492,2022,0.0,,,0.0,,,,,,0.0,0.0,,,,0.0
59493,2016,0.0,,0.0,0.0,0.0,0.0,0.0,,0.0,0.0,,0.0,,,0.0
59493,2022,0.0,,,0.0,0.0,0.0,0.0,,,0.0,0.0,0.0,,0.0,0.0
59494,2016,,,,0.0,0.0,0.0,,0.0,0.0,0.0,0.0,0.0,0.0,,0.0
59494,2022,,,,0.0,0.0,0.0,0.0,0.0,0.0,0.0,0.0,0.0,0.0,,0.0
59495,2016,3.33,3.75,,,,0.0,2.08,,,,,,,,
59495,2022,,9.67,2.94,0.0,,,,,,0.0,,,,,
59496,2016,,,,0.0,0.0,0.0,,,,0.0,0.0,0.0,0.0,,0.0
59496,2022,,,,0.0,0.0,0.0,,,0.0,0.0,,0.0,,,0.0
59497,2016,,4.31,,0.0,,0.0,0.0,,,0.0,,,,,0.0
59497,2022,,,,,,,,,,0.0,,,,,
59498,2016,,,,0.0,,0.0,0.0,,0.0,0.0,0.0,,,,0.0
59498,2022,,,,0.0,0.0,0.0,0.0,,,0.0,,,,,0.0
59499,2016,,3.45,,0.0,,0.0,,,,0.0,,,,,0.0
59499,2022,,3.53,4.54,0.0,,,,,,,,,,,0.0
59500,2016,,,,0.0,0.0,0.0,0.0,,0.0,0.0,,0.0,,,0.0
59500,2022,,,,0.0,,0.0,,,,0.0,,,,,0.0
59501,2016,,11.03,,0.0,,0.0,,,,0.0,,,,6.62,
59501,2022,,8.16,,0.0,,,,,,0.0,,6.53,,,
59502,2016,,4.79,,0.0,,0.0,,,,0.0,,,,,0.0
59502,2022,,,,0.0,,,,,,0.0,,,,,0.0
59503,2016,0.0,,0.0,0.0,0.0,0.0,,0.0,0.0,0.0,,0.0,,,0.0
59503,2022,,,,0.0,0.0,0.0,0.0,,,0.0,0.0,0.0,0.0,,0.0
59504,2016,4.44,9.92,,,1.31,0.0,,3.13,,0.0,2.09,1.83,,4.7,
59504,2022,,5.31,3.72,0.0,,,,5.04,,,,1.59,,,
59505,2016,,,,0.0,,0.0,0.0,,0.0,,,,,,0.0
59505,2022,,,,0.0,,0.0,,,,0.0,0.0,,,,0.0
59506,2016,,,,0.0,0.0,0.0,0.0,,0.0,0.0,0.0,,,,
59506,2022,,,,0.0,,0.0,,,,0.0,0.0,,,,0.0
59507,2016,5.87,11.43,3.36,0.63,1.36,0.0,2.2,1.68,0.63,,4.04,8.76,4.98,5.61,1.31
59507,2022,4.06,10.34,5.71,,0.67,,2.01,3.45,1.18,,3.24,3.55,2.57,6.33,0.57
59508,2016,6.53,13.95,2.75,,0.74,0.0,1.41,0.96,0.74,,2.3,10.02,3.34,11.35,1.11
59508,2022,3.24,8.0,5.69,0.5,0.65,,2.31,1.73,1.01,,4.97,8.07,3.03,11.82,
59509,2016,1.78,7.27,,,1.45,0.0,1.45,3.23,,0.0,1.62,1.94,1.78,3.07,
59509,2022,2.35,5.7,5.87,,,,2.35,4.69,,,2.51,,1.17,1.84,
59511,2016,7.34,,,,,0.0,0.0,,,0.0,,,,,0.0
59511,2022,3.51,,,0.0,,,,,,,,,,,
59512,2016,5.97,18.03,3.52,1.59,6.91,0.0,5.42,3.42,1.68,0.38,2.48,11.7,4.86,13.48,3.95
59512,2022,4.05,13.74,5.93,3.16,13.67,7.97,5.82,6.99,2.31,0.22,2.45,9.93,3.47,15.75,2.67
59513,2016,,,,0.0,,0.0,0.0,,,0.0,,,,,0.0
59513,2022,,,,0.0,,,,,0.0,0.0,,,,0.0,0.0
59514,2016,8.22,8.97,1.49,,1.25,0.0,,2.49,,0.0,,2.74,,2.24,
59514,2022,1.99,8.47,4.73,,2.24,,3.49,3.24,,0.0,,2.74,,6.23,
59515,2016,,10.61,,0.0,0.0,0.0,,,,0.0,,7.58,,9.09,
59515,2022,,7.6,,,,0.0,,,,0.0,39.51,10.64,,,
59516,2016,,,,0.0,0.0,0.0,0.0,,,0.0,,,0.0,,0.0
59516,2022,,,,0.0,0.0,0.0,,,,0.0,0.0,0.0,0.0,0.0,0.0
59517,2016,,,,0.0,,0.0,,0.0,,0.0,,0.0,0.0,,0.0
59517,2022,0.0,,,,0.0,0.0,,,,0.0,,,,,0.0
59518,2016,,,,0.0,,0.0,,,,0.0,0.0,,,0.0,0.0
59518,2022,,,,0.0,,,0.0,,,0.0,0.0,,0.0,0.0,0.0
59519,2016,,6.81,,,,0.0,,,,,,,,,
59519,2022,,,,0.0,,,,,,0.0,0.0,,,,0.0
59520,2016,,4.1,,0.0,,0.0,,,,0.0,,,,,0.0
59520,2022,,5.63,,0.0,,0.0,,,,0.0,,,,,0.0
59521,2016,,,,0.0,0.0,0.0,,,0.0,0.0,0.0,,0.0,,0.0
59521,2022,,,,0.0,0.0,0.0,,,,0.0,,,0.0,,0.0
59522,2016,7.9,9.02,,0.0,,0.0,,,0.0,0.0,,,2.82,,
59522,2022,5.17,,4.13,,,,,,,0.0,,,3.62,4.65,
59523,2016,2.61,12.28,5.21,,5.21,0.0,,,,0.0,,4.84,4.47,5.21,0.0
59523,2022,2.46,3.16,7.38,0.0,,,,,,,2.81,,3.16,5.27,
59524,2016,1.24,11.17,2.3,,1.42,0.0,,1.6,,0.0,,3.37,1.06,3.9,
59524,2022,,3.0,4.94,,1.24,,,3.71,,0.0,,0.88,1.94,2.83,
59525,2016,,14.63,,,,0.0,1.7,4.08,,0.0,,,,,
59525,2022,,7.23,,,,,3.98,3.25,,0.0,,0.0,,3.62,
59526,2016,2.48,16.97,2.35,,2.23,0.0,4.58,2.6,0.93,,2.6,4.21,2.66,12.94,0.5
59526,2022,1.06,9.23,4.74,,2.06,,3.74,5.67,1.75,,3.93,3.37,2.06,6.73,1.0
59527,2016,3.01,7.97,3.5,,0.81,0.0,2.44,1.46,1.14,,2.28,5.78,4.96,4.47,0.81
59527,2022,2.79,5.04,5.42,,0.46,,2.71,2.25,1.47,,3.72,6.89,3.41,4.42,0.62
59528,2016,,8.29,,0.0,,0.0,,,,0.0,,,,,
59528,2022,,8.32,,0.0,,0.0,,,,0.0,0.0,,,,
59529,2016,,,,0.0,0.0,0.0,,,,0.0,0.0,,,,0.0
59529,2022,,,,0.0,0.0,0.0,,0.0,,0.0,0.0,0.0,0.0,,0.0
59530,2016,,,,18.77,,0.0,,,0.0,,0.0,,,,0.0
59530,2022,,,,18.13,,,,,,,,,,,0.0
59531,2016,,,,0.0,0.0,0.0,,,0.0,0.0,,0.0,,,0.0
59531,2022,,,,0.0,,0.0,,,0.0,0.0,,0.0,,,0.0
59532,2016,,,0.0,0.0,,0.0,,,0.0,0.0,,,0.0,,0.0
59532,2022,,,,0.0,0.0,0.0,,,,0.0,,,0.0,,0.0
59533,2016,,12.27,,,,0.0,,,,0.0,,,,,0.0
59533,2022,,3.21,,0.0,,0.0,,,,0.0,,,,,0.0
59534,2016,,,,0.0,,0.0,,,,0.0,,,,,0.0
59534,2022,,,,0.0,,0.0,,,0.0,0.0,0.0,,,,0.0
59535,2016,,5.78,,0.0,,0.0,0.0,,0.0,0.0,,,,,
59535,2022,,,,0.0,,,,,,0.0,,,,,0.0
59536,2016,,,,0.0,0.0,0.0,0.0,,,0.0,,,,,0.0
59536,2022,,,,0.0,0.0,0.0,,,,0.0,,0.0,,,0.0
59537,2016,,,,0.0,0.0,0.0,0.0,0.0,0.0,0.0,0.0,0.0,,,0.0
59537,2022,,0.0,,0.0,0.0,0.0,0.0,,,0.0,,0.0,0.0,,0.0
59538,2016,,,,,0.0,0.0,0.0,,0.0,0.0,0.0,,0.0,0.0,0.0
59538,2022,0.0,,,0.0,,0.0,,,,0.0,,,0.0,,0.0
59539,2016,,,,0.0,,0.0,,,,0.0,0.0,0.0,,0.0,0.0
59539,2022,,,,0.0,,,,,0.0,0.0,,,,,0.0
59541,2016,,10.87,,0.0,0.0,0.0,,,,0.0,,,,,0.0
59541,2022,,,,0.0,,,,,,0.0,,,,,0.0
59542,2016,,,,0.0,0.0,0.0,0.0,0.0,0.0,0.0,0.0,,,,0.0
59542,2022,,,,0.0,,0.0,,,,0.0,,,,,0.0
59543,2016,8.03,,,0.0,,0.0,,,,0.0,,,,,0.0
59543,2022,,,,0.0,0.0,0.0,0.0,,,0.0,,,,,0.0
59544,2016,6.09,14.16,2.42,,1.61,0.0,1.97,3.05,,0.0,2.06,4.3,2.69,4.03,
59544,2022,1.35,7.82,4.14,,0.72,,1.35,2.97,1.53,,1.98,1.08,0.72,3.15,
59545,2016,,9.73,,,,0.0,,,,0.0,,,,,0.0
59545,2022,,,5.85,0.0,,0.0,,,0.0,0.0,,,,,0.0
59546,2016,,,,0.0,,0.0,,,,0.0,,,,,
59546,2022,,,,0.0,0.0,0.0,0.0,,,0.0,,,,,0.0
59547,2016,,,,,,0.0,,,,0.0,0.0,,,,0.0
59547,2022,,,,0.0,,0.0,,,,0.0,0.0,0.0,0.0,,0.0
59548,2016,,,,0.0,0.0,0.0,0.0,,,0.0,,,0.0,,
59548,2022,,,,0.0,,0.0,,,,0.0,0.0,,,,
59549,2016,,,,0.0,0.0,0.0,0.0,,,,,0.0,,,0.0
59549,2022,,,,0.0,0.0,0.0,0.0,0.0,,0.0,0.0,0.0,,0.0,0.0
59550,2016,,7.07,,,,0.0,,,,,2.02,,2.36,2.69,
59550,2022,,3.85,6.1,0.0,,,,4.81,,0.0,,,,4.81,
59551,2016,6.7,6.7,,0.0,,0.0,,,,0.0,,,,,0.0
59551,2022,,,,0.0,,,,,,0.0,,,0.0,,0.0
59552,2016,,,0.0,0.0,0.0,0.0,0.0,,0.0,0.0,,,,,0.0
59552,2022,,,,,0.0,0.0,,0.0,0.0,0.0,,,0.0,,0.0
59553,2016,2.77,5.2,1.91,,,0.0,,,,0.0,1.21,2.25,2.25,2.08,
59553,2022,3.18,4.07,4.6,0.0,,,,2.3,,0.0,2.83,1.94,2.3,3.18,
59554,2016,,,,0.0,,0.0,,,,0.0,,,0.0,,0.0
59554,2022,,,,0.0,,0.0,0.0,,,0.0,,,,0.0,0.0
59555,2016,,12.99,,0.0,,0.0,,,,0.0,,,,,0.0
59555,2022,,4.96,,0.0,,,,3.54,,0.0,,,,,
59556,2016,0.0,,,0.0,0.0,0.0,0.0,0.0,0.0,0.0,0.0,,0.0,,0.0
59556,2022,,,,0.0,,0.0,,,,0.0,,0.0,0.0,,0.0
59557,2016,5.56,14.96,,0.0,,0.0,,,,0.0,,,2.57,,
59557,2022,,5.94,3.96,0.0,,,,2.77,,,,,3.96,,
59558,2016,,5.6,,0.0,0.0,0.0,,,,0.0,,,,,0.0
59558,2022,,4.75,,0.0,,,,6.53,,0.0,,,,,0.0
59559,2016,3.05,,,0.0,,0.0,,,,0.0,,,,,0.0
59559,2022,,,,0.0,,,,,,0.0,,,,,0.0
59560,2016,5.94,18.13,3.53,,0.88,0.0,2.89,2.89,0.48,,10.19,20.14,7.86,12.76,0.72
59560,2022,3.61,15.76,6.23,1.08,3.07,,4.46,5.38,2.38,,11.45,14.76,3.61,9.45,0.85
59562,2016,,,,0.0,,0.0,,,,0.0,,,,,
59562,2022,,,,0.0,,,,,,0.0,0.0,,0.0,,0.0
59563,2016,,,0.0,0.0,0.0,0.0,,0.0,0.0,0.0,,0.0,0.0,,0.0
59563,2022,,,,0.0,,,0.0,,,0.0,,,,,0.0
59564,2016,4.45,18.42,1.59,,5.08,0.0,5.08,,,,2.54,6.35,3.81,9.21,
59564,2022,3.18,14.65,4.14,,,,4.78,4.46,,,4.78,10.83,1.59,9.24,
59565,2016,,,,,,0.0,0.0,,0.0,0.0,,,,,0.0
59565,2022,,,,0.0,0.0,0.0,,,0.0,0.0,0.0,,,,0.0
59566,2016,5.74,10.21,3.62,,6.17,0.0,5.53,,1.49,0.0,,5.96,1.7,2.77,
59566,2022,3.39,9.11,3.18,,13.77,,11.22,1.48,1.06,0.0,1.69,3.81,1.48,2.54,
59567,2016,,,0.0,0.0,,0.0,0.0,0.0,0.0,0.0,,,0.0,0.0,0.0
59567,2022,,,,0.0,0.0,0.0,0.0,,,0.0,,0.0,,,0.0
59568,2016,,,,0.0,,0.0,0.0,0.0,0.0,0.0,0.0,,0.0,,0.0
59568,2022,,,,0.0,0.0,0.0,0.0,,,0.0,0.0,,0.0,,0.0
59569,2016,2.72,15.73,3.82,,13.53,0.0,3.56,3.95,0.91,,0.97,3.17,2.65,8.09,0.91
59569,2022,3.64,11.18,4.96,,3.27,1.57,3.14,6.91,1.82,,1.95,2.45,1.88,6.66,0.63
59570,2016,,,,0.0,,0.0,,,,0.0,,,,,
59570,2022,,,,0.0,,0.0,0.0,,,0.0,,,,,0.0
59571,2016,1.14,15.04,2.51,,1.82,0.0,3.42,4.33,,0.0,,2.51,,5.47,
59571,2022,,9.78,3.1,,,,4.29,9.3,,0.0,,,,4.53,
59572,2016,,14.74,,,,0.0,2.73,,,0.0,,,,6.55,0.0
59572,2022,,4.47,,,2.79,,,,,0.0,,,,,
59573,2016,,,0.0,0.0,0.0,0.0,,0.0,0.0,0.0,,0.0,0.0,,0.0
59573,2022,0.0,,,0.0,0.0,0.0,0.0,0.0,,0.0,0.0,0.0,0.0,,0.0
59574,2016,1.68,13.85,2.72,,8.65,0.0,5.12,3.6,0.72,,0.56,2.4,2.08,9.45,1.04
59574,2022,2.27,12.43,5.13,,3.36,,5.13,5.13,1.51,,1.01,3.02,1.93,6.22,
59575,2016,,,,0.0,0.0,0.0,,,0.0,0.0,0.0,0.0,,,0.0
59575,2022,0.0,,,0.0,,0.0,,,0.0,0.0,0.0,0.0,0.0,,0.0
59576,2016,,,,0.0,,0.0,,,,0.0,,,,,0.0
59576,2022,,,,,,0.0,,,,0.0,,,,,0.0
59577,2016,,,,0.0,0.0,0.0,0.0,,,0.0,,,,,0.0
59577,2022,,,,0.0,0.0,0.0,0.0,,,0.0,0.0,,,,0.0
59578,2016,,,,0.0,,0.0,0.0,,,0.0,0.0,,,,0.0
59578,2022,,,6.77,0.0,,,,,,0.0,,,,,0.0
59579,2016,,,,0.0,,0.0,,,,0.0,0.0,,,,0.0
59579,2022,,,,0.0,,,,,,0.0,,,,,0.0
59580,2016,1.84,5.99,2.53,,,0.0,,,,0.0,,1.15,,4.83,
59580,2022,2.32,4.41,3.02,,,,,2.32,,,,1.62,,,
59581,2016,3.59,1.66,1.93,,1.66,0.0,,,,0.0,,6.07,,3.31,0.0
59581,2022,3.17,4.03,3.45,,,,,4.32,,0.0,,,,,0.0
59582,2016,,8.41,,,,0.0,,,0.0,0.0,,,,,0.0
59582,2022,,,,,,,,,,0.0,,,,,0.0
59583,2016,,0.0,,0.0,0.0,0.0,0.0,,0.0,0.0,0.0,0.0,,,0.0
59583,2022,,,,0.0,0.0,0.0,0.0,,,0.0,0.0,0.0,,,0.0
59584,2016,6.13,,,,,0.0,,,0.0,,,,,,
59584,2022,,,,0.0,,0.0,0.0,,,,,,,,0.0
59585,2016,6.56,10.43,3.87,,,0.0,,,,0.0,4.77,9.54,6.56,5.36,
59585,2022,4.96,7.44,5.51,,,,,,,0.0,5.51,3.86,4.13,2.48,
59586,2016,2.53,9.95,1.85,,2.7,0.0,,,,0.0,,1.69,2.53,7.59,
59586,2022,1.86,6.88,4.73,,1.86,,1.72,3.01,,0.0,,1.58,1.0,7.59,
59587,2016,,,,0.0,,0.0,0.0,,0.0,0.0,,,,,0.0
59587,2022,,,,0.0,,0.0,0.0,,,0.0,,0.0,,,0.0
59588,2016,3.57,6.04,2.22,,1.85,0.0,1.6,2.34,0.74,,,1.48,1.11,1.97,
59588,2022,2.3,4.84,4.47,0.0,,,1.33,1.33,0.73,0.0,,1.69,,1.69,
59589,2016,,8.81,1.76,,,0.0,2.47,,,,,,,,
59589,2022,,5.74,2.02,0.0,,0.0,,6.07,,0.0,,2.7,,,0.0
59590,2016,,,,0.0,,0.0,,,0.0,0.0,0.0,,,,0.0
59590,2022,,,,0.0,0.0,0.0,,,,0.0,0.0,,0.0,,0.0
59591,2016,,29.34,,0.0,,0.0,,,,0.0,,,,,0.0
59591,2022,,8.54,,0.0,,,,,0.0,0.0,,,,,0.0
59592,2016,,8.43,1.28,,4.34,0.0,,,,0.0,,,3.32,4.34,
59592,2022,2.19,5.85,1.46,,,,,1.71,,,,,1.22,3.66,
59593,2016,,,,,,0.0,,,0.0,0.0,,,,,0.0
59593,2022,,,,12.87,332.05,257.4,,,,0.0,,,,,
59594,2016,,11.49,,,,0.0,,,,0.0,0.0,,,,0.0
59594,2022,,,,,,,,,0.0,0.0,,,,,
59595,2016,,,,0.0,0.0,0.0,0.0,0.0,,0.0,,,,,0.0
59595,2022,,,,0.0,,0.0,,,,0.0,0.0,,,,0.0
59596,2016,,,,0.0,0.0,0.0,0.0,0.0,,0.0,0.0,,0.0,,0.0
59596,2022,,,,0.0,,0.0,0.0,,,0.0,0.0,0.0,,,0.0
59597,2016,,,,0.0,,0.0,0.0,0.0,,,,,,,0.0
59597,2022,,,,0.0,,,,,,0.0,,,0.0,,
59598,2016,13.51,9.43,3.06,0.0,2.55,0.0,,,,,2.04,5.1,7.65,2.55,
59598,2022,4.04,6.31,5.3,,,,,,,,2.77,4.54,4.04,2.77,
59599,2016,3.62,13.12,3.64,0.57,6.25,0.0,3.5,2.94,1.12,0.21,1.96,6.32,4.25,8.39,2.25
59599,2022,3.22,9.61,7.18,0.57,4.96,3.83,4.48,5.74,1.84,0.25,2.13,5.09,3.78,9.61,1.27
59600,2016,,,,0.0,,0.0,0.0,,0.0,0.0,,,,,0.0
59600,2022,,,,,,,,,,0.0,,,,0.0,0.0
59601,2016,,7.2,,,,0.0,2.74,1.72,,0.0,,,,2.06,0.0
59601,2022,,7.57,,,,,4.54,3.03,3.79,0.0,,,,2.27,
59602,2016,6.4,4.98,,,,0.0,,,,0.0,,,3.55,5.69,0.0
59602,2022,6.47,,,0.0,,,,,,,,,,,0.0
59603,2016,3.35,6.39,2.4,,1.28,0.0,4.63,3.67,,,1.76,1.76,3.99,4.15,
59603,2022,1.81,8.91,3.46,,,,5.94,7.26,2.47,,3.63,3.3,,4.78,
59604,2016,,,,0.0,0.0,0.0,,,0.0,0.0,,,,,0.0
59604,2022,,6.19,,,,0.0,,,,0.0,,,,,0.0
59605,2016,,,,0.0,,0.0,,,,0.0,0.0,,,,0.0
59605,2022,,,,,0.0,0.0,,,,0.0,,,,,0.0
59606,2016,4.72,18.96,4.26,0.43,8.2,0.0,7.19,3.27,1.56,0.25,2.01,5.61,2.91,19.64,3.8
59606,2022,3.79,14.8,6.0,0.47,5.03,2.65,9.1,6.0,2.98,0.33,2.28,7.07,2.14,19.2,2.16
59607,2016,0.0,,,0.0,,0.0,,0.0,,0.0,,0.0,,,0.0
59607,2022,,,,0.0,,0.0,,,,0.0,0.0,,0.0,0.0,0.0
59608,2016,,,,0.0,,0.0,,,,0.0,,,,,0.0
59608,2022,,,,,,,,,,0.0,,,,,0.0
59609,2016,7.38,12.29,,,,0.0,,,,,7.38,19.67,6.15,,
59609,2022,6.81,6.81,,0.0,0.0,0.0,,,,0.0,,,,,
59610,2016,,,,0.0,,0.0,0.0,0.0,0.0,0.0,,,,,0.0
59610,2022,,,,0.0,,0.0,,,,0.0,,,,,0.0
59611,2016,7.36,4.09,4.09,,,0.0,,,,,,6.13,3.27,6.13,
59611,2022,2.61,3.36,3.73,,,,,,,0.0,,,4.48,,
59612,2016,0.0,,,,,0.0,0.0,0.0,,0.0,,,,,0.0
59612,2022,,,,,,0.0,0.0,,,0.0,,,,,0.0
59613,2016,8.63,8.63,,,,0.0,,,,,,,,5.98,
59613,2022,6.79,,,,,,,,,0.0,,8.15,,4.76,
59614,2016,,,,0.0,0.0,0.0,,4.51,,0.0,,,,,0.0
59614,2022,,7.33,,0.0,,0.0,,,,,,,,,
59615,2016,,3.18,,0.0,,0.0,,,,0.0,,,,,0.0
59615,2022,,2.65,3.79,0.0,,0.0,,,,0.0,,,,,0.0
59616,2016,1.73,11.35,1.15,,2.89,0.0,4.33,4.23,1.15,,,1.54,1.83,5.1,
59616,2022,2.87,7.08,3.16,,1.53,,1.82,4.97,1.24,,,1.24,1.24,3.25,
59617,2016,0.0,,,0.0,0.0,0.0,,,0.0,0.0,,0.0,0.0,,0.0
59617,2022,,,,0.0,0.0,0.0,,,0.0,0.0,0.0,0.0,0.0,,0.0
59618,2016,,,,0.0,,0.0,,,0.0,0.0,0.0,,,,0.0
59618,2022,,,,,,0.0,,,,0.0,,,,,0.0
59619,2016,,,,0.0,,0.0,,,0.0,0.0,0.0,,,,
59619,2022,,,,0.0,,0.0,,,,0.0,,,,,0.0
59620,2016,,,,0.0,0.0,0.0,0.0,,,0.0,,,,,0.0
59620,2022,,,,0.0,,,0.0,,,0.0,0.0,0.0,0.0,,0.0
59622,2016,,7.04,,0.0,0.0,0.0,,,,0.0,,,,,0.0
59622,2022,,,,0.0,,0.0,,6.97,0.0,0.0,,,,,0.0
59623,2016,,,,0.0,,0.0,,,0.0,0.0,0.0,,0.0,,
59623,2022,,,,,,0.0,,,,0.0,,,,,0.0
59624,2016,,11.48,,0.0,,0.0,,,,0.0,,,,7.17,0.0
59624,2022,,7.02,5.15,0.0,,,,12.17,,0.0,,,,,0.0
59625,2016,,,,,,0.0,,0.0,0.0,0.0,0.0,,,,0.0
59625,2022,,,,0.0,,0.0,,,0.0,0.0,,,,,0.0
59626,2016,,3.97,,,,0.0,0.0,,0.0,0.0,,,,,0.0
59626,2022,,,,,,,,,,0.0,,,,,0.0
59627,2016,,,,,,0.0,,,,0.0,,,,,0.0
59627,2022,,,,0.0,,0.0,,,,0.0,,,,,0.0
59628,2016,,,,0.0,0.0,0.0,,,0.0,0.0,0.0,0.0,,0.0,0.0
59628,2022,,,,0.0,,0.0,,,,0.0,0.0,0.0,,,0.0
59629,2016,,,,0.0,,0.0,,,,0.0,,,,,0.0
59629,2022,,8.39,3.81,0.0,,0.0,,,,0.0,,,,,
59630,2016,4.22,10.36,3.45,,,0.0,,,,0.0,5.76,11.13,2.69,,
59630,2022,,5.01,1.93,,,,,1.93,,0.0,,,,,0.0
59631,2016,,7.03,,0.0,,0.0,2.34,,,0.0,,,,3.75,0.0
59631,2022,,8.61,3.35,0.0,,,6.22,3.83,,,,,,4.3,0.0
59632,2016,3.46,11.83,,,,0.0,2.0,2.37,,,2.55,3.46,2.55,2.37,
59632,2022,2.85,8.37,2.49,,,,1.6,4.09,,,1.25,1.96,2.14,2.67,
59633,2016,,,,0.0,0.0,0.0,0.0,0.0,0.0,0.0,0.0,0.0,0.0,0.0,0.0
59633,2022,,,,0.0,0.0,0.0,0.0,,0.0,0.0,,0.0,0.0,,0.0
59634,2016,,,,0.0,,0.0,0.0,,,0.0,,,,,0.0
59634,2022,,,,0.0,,,,,0.0,0.0,,,,,0.0
59635,2016,,,,0.0,0.0,0.0,,0.0,,0.0,,0.0,,,
59635,2022,,,,0.0,0.0,0.0,0.0,,0.0,0.0,,,0.0,,0.0
59636,2016,5.6,10.06,3.61,,,0.0,,1.23,,,3.23,9.77,6.26,4.84,
59636,2022,4.46,6.37,4.19,,,,1.46,3.0,1.37,,3.46,5.19,3.82,6.83,
59637,2016,,,,,0.0,0.0,,,,0.0,,,,,0.0
59637,2022,,3.82,,0.0,,0.0,,,,0.0,,,,,
59638,2016,,,,0.0,,0.0,,,,0.0,,,,,0.0
59638,2022,,,3.75,0.0,,0.0,,,,0.0,,,,,0.0
59639,2016,,5.5,,0.0,,0.0,,,0.0,0.0,,,,,0.0
59639,2022,,,,0.0,,0.0,,,,0.0,,,,,0.0
59640,2016,,,,0.0,,0.0,0.0,0.0,0.0,0.0,,,,,0.0
59640,2022,,,,0.0,0.0,0.0,,,,0.0,,,,,0.0
59641,2016,,2.44,,,,0.0,,,,,,,,,
59641,2022,,3.44,4.42,0.0,,,,,,,,,,,0.0
59642,2016,,,0.0,0.0,0.0,0.0,,,0.0,0.0,,,,,0.0
59642,2022,,,,,,0.0,,,0.0,0.0,0.0,0.0,,,0.0
59643,2016,,,0.0,0.0,0.0,0.0,,,0.0,0.0,0.0,,0.0,,
59643,2022,,,,0.0,,,0.0,,0.0,0.0,0.0,,0.0,,
59645,2016,,,,0.0,,0.0,,,,0.0,0.0,,,,
59645,2022,,,,0.0,,0.0,,,,0.0,0.0,,,,0.0
59646,2016,8.06,13.46,3.19,,0.92,0.0,1.35,1.06,1.06,,3.19,18.0,7.67,7.38,1.64
59646,2022,6.43,7.35,5.32,,0.39,,2.27,2.9,1.21,,4.06,10.64,3.29,9.09,0.87
59647,2016,,5.08,,,,0.0,,,,0.0,,,,3.12,
59647,2022,,5.84,4.29,,,,,5.06,,0.0,,,,,0.0
59648,2016,7.53,13.19,2.49,,0.55,0.0,1.59,2.14,,,4.42,9.11,4.76,9.46,1.38
59648,2022,4.25,8.63,4.51,1.27,3.74,,2.54,3.36,0.95,,1.9,4.25,3.62,8.12,0.44
59649,2016,,,,0.0,0.0,0.0,,0.0,0.0,0.0,,0.0,0.0,0.0,0.0
59649,2022,0.0,0.0,,0.0,0.0,0.0,,,,0.0,0.0,0.0,,0.0,0.0
59650,2016,7.21,13.96,2.35,0.73,3.39,0.0,2.83,2.13,1.21,0.19,2.83,6.29,5.68,4.31,1.21
59650,2022,3.57,11.13,4.5,0.29,1.86,,2.81,4.11,1.44,,5.48,4.57,5.09,6.02,0.73
59651,2016,,13.91,,0.0,,0.0,,,,0.0,,,,,0.0
59651,2022,,4.36,,0.0,,0.0,,3.74,,0.0,,,,,0.0
59652,2016,,,,0.0,0.0,0.0,0.0,,0.0,0.0,,,,,0.0
59652,2022,,,,0.0,0.0,0.0,,,,0.0,,,,,0.0
59653,2016,2.88,12.06,3.54,0.0,,0.0,1.44,1.31,0.66,0.0,1.57,2.49,1.31,3.8,
59653,2022,2.44,9.52,5.14,,2.44,,2.31,2.57,1.67,,3.34,1.67,1.8,4.76,
59654,2016,2.54,12.3,3.61,,1.74,0.0,3.34,2.54,,,,3.74,2.54,6.95,
59654,2022,3.69,9.03,5.61,,3.01,,4.24,8.21,1.37,,,4.65,2.19,4.38,
59655,2016,,,,0.0,,0.0,0.0,,,0.0,0.0,,,,0.0
59655,2022,,,,0.0,0.0,0.0,0.0,,0.0,0.0,0.0,,0.0,,0.0
59656,2016,2.03,7.95,0.92,,,0.0,2.4,,,0.0,1.66,5.91,4.8,2.22,
59656,2022,2.57,6.06,5.33,,,,,2.39,,0.0,,1.29,2.02,3.31,
59657,2016,,,,0.0,0.0,0.0,0.0,,,0.0,0.0,,0.0,0.0,0.0
59657,2022,,,,0.0,0.0,0.0,0.0,,0.0,0.0,,,,,0.0
59658,2016,,,,0.0,0.0,0.0,0.0,,0.0,0.0,,,0.0,,0.0
59658,2022,,,,,,0.0,0.0,,0.0,0.0,,,0.0,,0.0
59659,2016,6.81,12.27,,,,0.0,2.04,,,0.0,,,3.41,,
59659,2022,1.78,11.38,,,,,3.2,7.11,,0.0,,,,1.78,
59660,2016,4.98,8.29,3.32,0.0,1.99,0.0,,,,0.0,1.99,1.99,4.98,3.98,
59660,2022,4.38,6.4,5.73,,4.04,,,,,0.0,,,,4.38,
59661,2016,0.0,,,,,0.0,,,0.0,0.0,,0.0,,,0.0
59661,2022,,,,0.0,0.0,0.0,,,0.0,0.0,0.0,0.0,,,0.0
59662,2016,,5.47,,0.0,0.0,0.0,,,,,,,,,0.0
59662,2022,,,,0.0,,0.0,,,0.0,0.0,,,,0.0,0.0
59663,2016,,6.97,1.79,,,0.0,1.61,0.89,,0.0,,1.25,,6.25,
59663,2022,2.66,7.26,2.3,,,,4.43,1.95,,0.0,,,,5.67,
59664,2016,,,,0.0,0.0,0.0,0.0,,0.0,0.0,,0.0,,,0.0
59664,2022,,,,0.0,0.0,0.0,,,,0.0,,0.0,0.0,,0.0
59665,2016,,,,0.0,0.0,0.0,0.0,,0.0,0.0,,0.0,0.0,0.0,0.0
59665,2022,0.0,,,0.0,,0.0,,0.0,0.0,0.0,0.0,,,0.0,0.0
59666,2016,,,,0.0,0.0,0.0,,,,0.0,,,,,0.0
59666,2022,,,,0.0,,,0.0,,0.0,0.0,,0.0,0.0,,0.0
59667,2016,,,0.0,0.0,0.0,0.0,0.0,,0.0,0.0,0.0,,0.0,,0.0
59667,2022,,,,0.0,0.0,0.0,0.0,,0.0,0.0,0.0,0.0,0.0,0.0,0.0
59668,2016,4.6,6.33,,0.0,,0.0,,,,,,,,,
59668,2022,,5.6,,0.0,,,,,,0.0,0.0,,,,
59669,2016,,,,0.0,,0.0,,,,0.0,0.0,,,0.0,0.0
59669,2022,,,,0.0,0.0,0.0,,,,0.0,0.0,0.0,0.0,,0.0
59670,2016,,6.89,,0.0,,0.0,,,0.0,,,,,,
59670,2022,,3.57,,,,,,,,0.0,,,,,0.0
