code_geo,annee,taux_faible_diplome
59001,2016,53.61
59001,2022,57.86
59002,2016,51.2
59002,2022,48.22
59003,2016,43.98
59003,2022,44.65
59004,2016,58.73
59004,2022,62.86
59005,2016,58.76
59005,2022,56.85
59006,2016,55.44
59006,2022,58.39
59007,2016,48.73
59007,2022,45.5
59008,2016,50.3
59008,2022,47.0
59009,2016,66.78
59009,2022,68.9
59010,2016,57.71
59010,2022,53.91
59011,2016,58.73
59011,2022,57.61
59012,2016,53.37
59012,2022,53.16
59013,2016,64.01
59013,2022,65.11
59014,2016,55.82
59014,2022,55.19
59015,2016,55.13
59015,2022,53.03
59016,2016,53.1
59016,2022,51.28
59017,2016,59.94
59017,2022,57.84
59018,2016,61.51
59018,2022,55.88
59019,2016,59.32
59019,2022,61.23
59021,2016,51.24
59021,2022,49.66
59022,2016,59.21
59022,2022,63.54
59023,2016,52.76
59023,2022,50.27
59024,2016,51.83
59024,2022,51.75
59025,2016,63.9
59025,2022,66.75
59026,2016,53.2
59026,2022,46.71
59027,2016,59.88
59027,2022,59.25
59028,2016,56.47
59028,2022,50.78
59029,2016,60.63
59029,2022,64.12
59031,2016,54.62
59031,2022,53.17
59032,2016,54.93
59032,2022,53.4
59033,2016,48.99
59033,2022,50.02
59034,2016,62.56
59034,2022,67.07
59035,2016,57.71
59035,2022,57.18
59036,2016,61.21
59036,2022,57.05
59037,2016,52.16
59037,2022,52.92
59038,2016,50.24
59038,2022,50.66
59039,2016,57.21
59039,2022,61.23
59041,2016,47.58
59041,2022,44.74
59042,2016,61.97
59042,2022,61.41
59043,2016,57.6
59043,2022,59.02
59044,2016,62.82
59044,2022,65.98
59045,2016,58.97
59045,2022,52.1
59046,2016,55.69
59046,2022,52.22
59047,2016,49.42
59047,2022,51.36
59048,2016,54.08
59048,2022,52.33
59049,2016,59.86
59049,2022,49.49
59050,2016,50.61
59050,2022,48.32
59051,2016,56.44
59051,2022,57.01
59052,2016,53.2
59052,2022,53.08
59053,2016,54.61
59053,2022,55.55
59054,2016,53.79
59054,2022,52.3
59055,2016,57.49
59055,2022,54.44
59056,2016,70.4
59056,2022,70.87
59057,2016,51.22
59057,2022,53.0
59058,2016,50.59
59058,2022,51.32
59059,2016,56.64
59059,2022,47.89
59060,2016,54.19
59060,2022,52.53
59061,2016,59.6
59061,2022,53.99
59062,2016,50.86
59062,2022,54.31
59063,2016,52.44
59063,2022,50.19
59064,2016,50.69
59064,2022,50.56
59065,2016,51.45
59065,2022,49.92
59066,2016,50.0
59066,2022,43.44
59067,2016,59.78
59067,2022,60.89
59068,2016,53.52
59068,2022,49.78
59069,2016,54.54
59069,2022,55.67
59071,2016,59.12
59071,2022,62.23
59072,2016,46.19
59072,2022,45.13
59073,2016,57.46
59073,2022,53.27
59074,2016,52.8
59074,2022,51.06
59075,2016,51.97
59075,2022,48.28
59076,2016,44.88
59076,2022,40.82
59077,2016,60.57
59077,2022,60.44
59078,2016,50.88
59078,2022,53.07
59079,2016,49.63
59079,2022,52.24
59080,2016,57.48
59080,2022,60.14
59081,2016,55.3
59081,2022,55.1
59082,2016,51.31
59082,2022,49.57
59083,2016,59.17
59083,2022,61.9
59084,2016,54.06
59084,2022,54.66
59085,2016,52.17
59085,2022,52.27
59086,2016,58.19
59086,2022,58.2
59087,2016,53.66
59087,2022,49.06
59088,2016,65.67
59088,2022,64.34
59089,2016,57.59
59089,2022,54.54
59090,2016,70.63
59090,2022,75.29
59091,2016,54.55
59091,2022,50.17
59092,2016,52.6
59092,2022,50.74
59093,2016,50.0
59093,2022,46.22
59094,2016,53.39
59094,2022,51.93
59096,2016,64.63
59096,2022,67.28
59097,2016,45.49
59097,2022,43.6
59098,2016,56.28
59098,2022,56.73
59099,2016,54.39
59099,2022,56.06
59100,2016,58.22
59100,2022,63.83
59101,2016,51.35
59101,2022,46.97
59102,2016,54.74
59102,2022,48.79
59103,2016,47.58
59103,2022,48.34
59104,2016,49.83
59104,2022,48.23
59105,2016,60.83
59105,2022,61.17
59106,2016,67.51
59106,2022,70.66
59107,2016,53.04
59107,2022,52.5
59108,2016,56.04
59108,2022,53.0
59109,2016,63.49
59109,2022,61.17
59110,2016,50.36
59110,2022,52.65
59111,2016,45.71
59111,2022,46.65
59112,2016,52.57
59112,2022,52.74
59113,2016,47.97
59113,2022,47.58
59114,2016,57.28
59114,2022,59.0
59115,2016,53.17
59115,2022,52.22
59116,2016,64.69
59116,2022,65.44
59117,2016,51.71
59117,2022,50.47
59118,2016,54.48
59118,2022,48.39
59119,2016,53.3
59119,2022,54.59
59120,2016,57.21
59120,2022,56.92
59121,2016,59.92
59121,2022,56.29
59122,2016,57.86
59122,2022,57.57
59123,2016,56.29
59123,2022,61.4
59124,2016,65.67
59124,2022,68.33
59125,2016,51.3
59125,2022,53.65
59126,2016,52.4
59126,2022,51.23
59127,2016,57.14
59127,2022,59.22
59128,2016,66.94
59128,2022,66.86
59129,2016,61.48
59129,2022,64.91
59130,2016,54.56
59130,2022,49.65
59131,2016,53.37
59131,2022,50.23
59132,2016,55.56
59132,2022,49.68
59133,2016,60.0
59133,2022,64.62
59134,2016,53.03
59134,2022,49.72
59135,2016,61.77
59135,2022,58.24
59136,2016,59.71
59136,2022,56.12
59137,2016,55.96
59137,2022,47.91
59138,2016,50.41
59138,2022,56.99
59139,2016,57.95
59139,2022,55.13
59140,2016,55.59
59140,2022,49.3
59141,2016,54.24
59141,2022,50.82
59142,2016,45.7
59142,2022,48.61
59143,2016,58.2
59143,2022,59.91
59144,2016,55.34
59144,2022,56.57
59145,2016,56.83
59145,2022,62.48
59146,2016,64.0
59146,2022,67.79
59147,2016,48.84
59147,2022,60.47
59148,2016,48.33
59148,2022,53.14
59149,2016,54.65
59149,2022,51.48
59150,2016,66.93
59150,2022,68.08
59151,2016,49.79
59151,2022,48.86
59152,2016,58.66
59152,2022,56.71
59153,2016,59.35
59153,2022,55.79
59155,2016,54.71
59155,2022,53.22
59156,2016,54.29
59156,2022,54.71
59157,2016,53.48
59157,2022,48.68
59158,2016,60.52
59158,2022,61.87
59159,2016,48.42
59159,2022,53.52
59160,2016,53.35
59160,2022,47.96
59161,2016,56.18
59161,2022,50.49
59162,2016,54.91
59162,2022,53.05
59163,2016,67.26
59163,2022,67.06
59164,2016,57.07
59164,2022,55.07
59165,2016,53.85
59165,2022,53.94
59166,2016,59.4
59166,2022,59.68
59167,2016,50.34
59167,2022,47.18
59168,2016,65.7
59168,2022,65.92
59169,2016,46.39
59169,2022,49.7
59170,2016,54.06
59170,2022,53.4
59171,2016,53.57
59171,2022,50.0
59172,2016,57.82
59172,2022,54.13
59173,2016,58.17
59173,2022,56.84
59174,2016,54.25
59174,2022,52.59
59175,2016,50.42
59175,2022,49.57
59176,2016,50.85
59176,2022,54.5
59177,2016,51.6
59177,2022,51.65
59178,2016,58.66
59178,2022,58.41
59179,2016,49.59
59179,2022,51.01
59180,2016,57.19
59180,2022,57.86
59181,2016,53.92
59181,2022,55.59
59182,2016,45.88
59182,2022,49.22
59183,2016,57.92
59183,2022,56.61
59184,2016,53.29
59184,2022,52.34
59185,2016,54.02
59185,2022,50.32
59186,2016,62.32
59186,2022,47.37
59187,2016,55.46
59187,2022,52.09
59188,2016,38.46
59188,2022,37.0
59189,2016,58.73
59189,2022,58.97
59190,2016,52.52
59190,2022,51.89
59191,2016,55.6
59191,2022,50.95
59192,2016,51.44
59192,2022,49.31
59193,2016,59.29
59193,2022,62.75
59194,2016,56.93
59194,2022,56.0
59195,2016,62.5
59195,2022,63.25
59196,2016,66.32
59196,2022,65.2
59197,2016,61.98
59197,2022,64.94
59198,2016,54.64
59198,2022,56.6
59199,2016,51.91
59199,2022,52.25
59200,2016,52.56
59200,2022,53.39
59201,2016,66.16
59201,2022,63.7
59202,2016,56.59
59202,2022,55.07
59203,2016,54.92
59203,2022,50.52
59204,2016,52.2
59204,2022,53.41
59205,2016,52.97
59205,2022,52.12
59206,2016,55.05
59206,2022,54.55
59207,2016,51.73
59207,2022,50.45
59208,2016,76.58
59208,2022,79.12
59209,2016,50.09
59209,2022,51.77
59210,2016,53.95
59210,2022,53.14
59211,2016,53.62
59211,2022,57.99
59212,2016,56.03
59212,2022,54.66
59213,2016,56.1
59213,2022,54.4
59214,2016,58.46
59214,2022,55.43
59215,2016,61.14
59215,2022,61.46
59216,2016,55.02
59216,2022,58.17
59217,2016,60.24
59217,2022,65.27
59218,2016,53.9
59218,2022,51.12
59219,2016,59.93
59219,2022,59.48
59220,2016,63.23
59220,2022,63.05
59221,2016,58.9
59221,2022,59.46
59222,2016,58.25
59222,2022,59.14
59223,2016,54.66
59223,2022,52.22
59224,2016,58.68
59224,2022,56.7
59225,2016,51.73
59225,2022,51.51
59226,2016,59.56
59226,2022,58.53
59227,2016,51.07
59227,2022,49.45
59228,2016,53.36
59228,2022,55.24
59229,2016,58.29
59229,2022,56.12
59230,2016,51.07
59230,2022,50.94
59231,2016,49.68
59231,2022,50.42
59232,2016,51.48
59232,2022,56.81
59233,2016,51.67
59233,2022,49.24
59234,2016,51.7
59234,2022,51.04
59236,2016,59.69
59236,2022,55.57
59237,2016,55.03
59237,2022,60.98
59238,2016,51.43
59238,2022,56.18
59239,2016,53.87
59239,2022,55.36
59240,2016,59.38
59240,2022,57.89
59241,2016,49.25
59241,2022,48.11
59242,2016,48.02
59242,2022,49.75
59243,2016,55.13
59243,2022,51.68
59244,2016,54.36
59244,2022,50.98
59246,2016,50.75
59246,2022,48.87
59247,2016,67.91
59247,2022,71.11
59249,2016,56.04
59249,2022,53.99
59250,2016,65.2
59250,2022,65.8
59251,2016,63.22
59251,2022,61.84
59252,2016,59.84
59252,2022,58.37
59253,2016,56.15
59253,2022,53.25
59254,2016,52.75
59254,2022,48.99
59255,2016,48.98
59255,2022,49.28
59256,2016,61.98
59256,2022,62.71
59257,2016,58.76
59257,2022,58.87
59258,2016,63.6
59258,2022,64.38
59259,2016,59.28
59259,2022,61.99
59260,2016,53.14
59260,2022,51.21
59261,2016,55.67
59261,2022,50.28
59262,2016,59.28
59262,2022,58.41
59263,2016,58.9
59263,2022,54.65
59264,2016,48.18
59264,2022,51.33
59265,2016,57.84
59265,2022,59.51
59266,2016,61.12
59266,2022,62.92
59267,2016,47.79
59267,2022,52.04
59268,2016,53.46
59268,2022,52.52
59269,2016,51.55
59269,2022,49.04
59270,2016,55.33
59270,2022,52.61
59271,2016,59.93
59271,2022,53.7
59272,2016,50.99
59272,2022,50.96
59273,2016,56.63
59273,2022,54.13
59274,2016,52.03
59274,2022,49.08
59275,2016,70.36
59275,2022,73.5
59276,2016,51.1
59276,2022,51.26
59277,2016,51.63
59277,2022,50.58
59278,2016,57.94
59278,2022,59.28
59279,2016,57.0
59279,2022,56.32
59280,2016,49.21
59280,2022,46.09
59281,2016,58.2
59281,2022,60.3
59282,2016,54.55
59282,2022,51.31
59283,2016,54.69
59283,2022,57.7
59284,2016,58.01
59284,2022,58.56
59285,2016,53.13
59285,2022,50.7
59286,2016,57.67
59286,2022,55.66
59287,2016,56.69
59287,2022,52.03
59288,2016,54.24
59288,2022,49.88
59289,2016,54.38
59289,2022,53.64
59290,2016,50.52
59290,2022,55.23
59291,2016,52.73
59291,2022,48.96
59292,2016,50.76
59292,2022,51.22
59293,2016,51.95
59293,2022,50.16
59294,2016,49.74
59294,2022,48.42
59295,2016,57.58
59295,2022,57.77
59296,2016,59.51
59296,2022,58.73
59297,2016,55.07
59297,2022,52.22
59299,2016,64.27
59299,2022,65.76
59300,2016,56.52
59300,2022,49.36
59301,2016,53.4
59301,2022,52.11
59302,2016,51.0
59302,2022,51.14
59303,2016,58.44
59303,2022,62.77
59304,2016,60.84
59304,2022,60.7
59305,2016,53.28
59305,2022,54.26
59306,2016,49.72
59306,2022,49.41
59307,2016,48.3
59307,2022,48.84
59308,2016,54.14
59308,2022,54.97
59309,2016,60.88
59309,2022,53.29
59310,2016,59.12
59310,2022,56.88
59311,2016,56.28
59311,2022,48.66
59312,2016,60.36
59312,2022,57.63
59313,2016,51.1
59313,2022,49.91
59314,2016,52.99
59314,2022,51.37
59315,2016,59.02
59315,2022,55.09
59316,2016,61.37
59316,2022,62.56
59317,2016,55.39
59317,2022,55.15
59318,2016,51.24
59318,2022,53.7
59319,2016,52.79
59319,2022,52.11
59320,2016,57.72
59320,2022,58.54
59321,2016,59.01
59321,2022,50.92
59322,2016,55.3
59322,2022,52.82
59323,2016,59.95
59323,2022,64.26
59324,2016,52.63
59324,2022,48.67
59325,2016,55.71
59325,2022,59.16
59326,2016,47.81
59326,2022,48.38
59327,2016,55.72
59327,2022,52.98
59328,2016,69.89
59328,2022,71.47
59329,2016,55.82
59329,2022,54.82
59330,2016,60.95
59330,2022,62.92
59331,2016,56.77
59331,2022,53.75
59332,2016,61.54
59332,2022,58.19
59333,2016,51.36
59333,2022,50.2
59334,2016,52.64
59334,2022,56.76
59335,2016,60.43
59335,2022,58.69
59336,2016,49.81
59336,2022,50.74
59337,2016,53.87
59337,2022,53.49
59338,2016,52.83
59338,2022,54.26
59339,2016,56.27
59339,2022,56.97
59340,2016,57.58
59340,2022,58.67
59341,2016,56.65
59341,2022,52.53
59342,2016,53.18
59342,2022,52.6
59343,2016,60.19
59343,2022,62.25
59344,2016,46.24
59344,2022,45.18
59345,2016,52.28
59345,2022,47.49
59346,2016,63.36
59346,2022,67.66
59347,2016,54.92
59347,2022,50.68
59348,2016,51.84
59348,2022,53.28
59349,2016,51.52
59349,2022,50.26
59350,2016,71.93
59350,2022,73.11
59351,2016,48.68
59351,2022,52.03
59352,2016,60.52
59352,2022,62.33
59353,2016,47.81
59353,2022,50.31
59354,2016,53.37
59354,2022,51.86
59356,2016,70.34
59356,2022,70.99
59357,2016,54.0
59357,2022,53.39
59358,2016,50.23
59358,2022,50.38
59359,2016,52.96
59359,2022,51.93
59360,2016,59.13
59360,2022,60.49
59361,2016,53.46
59361,2022,48.94
59363,2016,56.65
59363,2022,56.16
59364,2016,68.4
59364,2022,71.05
59365,2016,52.7
59365,2022,54.63
59366,2016,53.02
59366,2022,52.5
59367,2016,56.39
59367,2022,56.76
59368,2016,72.87
59368,2022,73.65
59369,2016,56.5
59369,2022,56.01
59370,2016,56.96
59370,2022,53.51
59371,2016,67.84
59371,2022,71.52
59372,2016,51.19
59372,2022,52.05
59374,2016,56.38
59374,2022,52.73
59375,2016,57.96
59375,2022,56.53
59377,2016,49.33
59377,2022,48.46
59378,2016,72.16
59378,2022,73.42
59379,2016,51.63
59379,2022,53.95
59381,2016,56.7
59381,2022,57.66
59382,2016,54.46
59382,2022,49.85
59383,2016,56.02
59383,2022,53.83
59384,2016,56.71
59384,2022,52.0
59385,2016,49.88
59385,2022,45.53
59386,2016,62.26
59386,2022,63.99
59387,2016,54.08
59387,2022,51.25
59388,2016,61.34
59388,2022,62.89
59389,2016,50.7
59389,2022,48.13
59390,2016,52.34
59390,2022,50.7
59391,2016,49.93
59391,2022,47.19
59392,2016,57.84
59392,2022,56.69
59393,2016,56.91
59393,2022,59.86
59394,2016,53.62
59394,2022,50.95
59395,2016,58.59
59395,2022,54.93
59396,2016,55.24
59396,2022,57.98
59397,2016,48.39
59397,2022,47.25
59398,2016,68.35
59398,2022,69.91
59399,2016,57.7
59399,2022,60.48
59400,2016,52.54
59400,2022,49.62
59401,2016,57.36
59401,2022,59.11
59402,2016,53.09
59402,2022,48.86
59403,2016,51.34
59403,2022,52.37
59405,2016,53.7
59405,2022,52.92
59406,2016,52.66
59406,2022,51.85
59407,2016,58.72
59407,2022,52.94
59408,2016,58.56
59408,2022,61.26
59409,2016,53.29
59409,2022,46.66
59410,2016,64.46
59410,2022,66.8
59411,2016,62.47
59411,2022,62.84
59412,2016,54.24
59412,2022,46.47
59413,2016,57.63
59413,2022,53.79
59414,2016,54.69
59414,2022,53.2
59415,2016,52.73
59415,2022,47.83
59416,2016,56.23
59416,2022,54.07
59418,2016,62.85
59418,2022,57.62
59419,2016,57.01
59419,2022,62.74
59420,2016,66.66
59420,2022,67.35
59421,2016,69.2
59421,2022,70.4
59422,2016,54.91
59422,2022,55.29
59423,2016,53.09
59423,2022,50.35
59424,2016,48.19
59424,2022,49.38
59425,2016,54.16
59425,2022,56.55
59426,2016,56.3
59426,2022,58.14
59427,2016,60.37
59427,2022,66.0
59428,2016,57.16
59428,2022,54.01
59429,2016,51.75
59429,2022,48.5
59430,2016,52.46
59430,2022,49.55
59431,2016,56.61
59431,2022,58.47
59432,2016,53.71
59432,2022,51.98
59433,2016,52.64
59433,2022,48.09
59434,2016,60.33
59434,2022,56.63
59435,2016,58.89
59435,2022,61.58
59436,2016,51.91
59436,2022,54.66
59437,2016,62.71
59437,2022,64.23
59438,2016,48.95
59438,2022,50.43
59439,2016,52.1
59439,2022,44.89
59440,2016,46.36
59440,2022,46.96
59441,2016,55.04
59441,2022,52.78
59442,2016,51.28
59442,2022,52.82
59443,2016,59.0
59443,2022,54.06
59444,2016,57.8
59444,2022,55.01
59445,2016,54.91
59445,2022,53.01
59446,2016,56.68
59446,2022,55.84
59447,2016,50.75
59447,2022,51.13
59448,2016,47.38
59448,2022,49.57
59449,2016,58.76
59449,2022,58.41
59450,2016,48.6
59450,2022,49.5
59451,2016,56.1
59451,2022,55.66
59452,2016,55.22
59452,2022,55.77
59453,2016,56.58
59453,2022,54.57
59454,2016,56.77
59454,2022,52.06
59455,2016,51.49
59455,2022,54.43
59456,2016,52.14
59456,2022,52.05
59457,2016,60.97
59457,2022,62.14
59458,2016,64.62
59458,2022,64.96
59459,2016,52.73
59459,2022,51.85
59461,2016,51.57
59461,2022,48.65
59462,2016,62.14
59462,2022,64.81
59463,2016,53.08
59463,2022,52.17
59464,2016,56.26
59464,2022,55.79
59465,2016,53.57
59465,2022,53.27
59466,2016,63.21
59466,2022,64.65
59467,2016,50.59
59467,2022,48.63
59468,2016,55.48
59468,2022,61.94
59469,2016,57.81
59469,2022,64.02
59470,2016,63.67
59470,2022,67.12
59471,2016,56.97
59471,2022,59.25
59472,2016,56.94
59472,2022,53.36
59473,2016,60.19
59473,2022,58.42
59474,2016,58.53
59474,2022,53.8
59475,2016,52.65
59475,2022,50.59
59476,2016,53.87
59476,2022,55.35
59477,2016,55.46
59477,2022,54.53
59478,2016,51.73
59478,2022,54.96
59479,2016,49.49
59479,2022,49.17
59480,2016,56.33
59480,2022,59.73
59481,2016,62.78
59481,2022,59.66
59482,2016,61.77
59482,2022,63.21
59483,2016,50.94
59483,2022,51.96
59484,2016,52.36
59484,2022,50.76
59485,2016,54.71
59485,2022,51.47
59486,2016,54.32
59486,2022,52.25
59487,2016,64.15
59487,2022,66.29
59488,2016,55.51
59488,2022,54.24
59489,2016,55.14
59489,2022,54.15
59490,2016,44.76
59490,2022,50.66
59491,2016,54.16
59491,2022,51.64
59492,2016,47.51
59492,2022,47.21
59493,2016,43.93
59493,2022,48.52
59494,2016,50.77
59494,2022,55.65
59495,2016,52.45
59495,2022,48.22
59496,2016,57.15
59496,2022,53.96
59497,2016,57.98
59497,2022,53.4
59498,2016,52.22
59498,2022,46.03
59499,2016,53.39
59499,2022,53.01
59500,2016,56.84
59500,2022,57.66
59501,2016,58.47
59501,2022,53.96
59502,2016,51.04
59502,2022,49.18
59503,2016,57.04
59503,2022,61.64
59504,2016,50.36
59504,2022,50.12
59505,2016,59.4
59505,2022,56.59
59506,2016,60.24
59506,2022,57.62
59507,2016,63.72
59507,2022,63.77
59508,2016,59.92
59508,2022,60.47
59509,2016,53.66
59509,2022,51.27
59511,2016,59.28
59511,2022,60.4
59512,2016,64.97
59512,2022,62.99
59513,2016,50.9
59513,2022,51.88
59514,2016,53.31
59514,2022,52.77
59515,2016,48.15
59515,2022,47.08
59516,2016,52.11
59516,2022,53.26
59517,2016,51.65
59517,2022,53.15
59518,2016,53.89
59518,2022,56.6
59519,2016,54.54
59519,2022,54.21
59520,2016,50.15
59520,2022,51.04
59521,2016,57.03
59521,2022,55.92
59522,2016,67.42
59522,2022,68.23
59523,2016,71.0
59523,2022,74.33
59524,2016,59.29
59524,2022,59.92
59525,2016,56.12
59525,2022,53.05
59526,2016,58.0
59526,2022,57.96
59527,2016,65.17
59527,2022,66.45
59528,2016,51.6
59528,2022,51.89
59529,2016,53.31
59529,2022,53.7
59530,2016,49.02
59530,2022,44.17
59531,2016,47.15
59531,2022,49.44
59532,2016,51.47
59532,2022,53.44
59533,2016,54.84
59533,2022,53.51
59534,2016,51.61
59534,2022,54.87
59535,2016,59.34
59535,2022,60.38
59536,2016,57.17
59536,2022,58.84
59537,2016,55.56
59537,2022,55.59
59538,2016,54.37
59538,2022,48.17
59539,2016,46.68
59539,2022,46.43
59541,2016,50.13
59541,2022,48.26
59542,2016,46.48
59542,2022,47.06
59543,2016,42.91
59543,2022,42.47
59544,2016,56.86
59544,2022,59.31
59545,2016,51.36
59545,2022,48.34
59546,2016,53.35
59546,2022,52.64
59547,2016,58.23
59547,2022,53.7
59548,2016,54.13
59548,2022,51.49
59549,2016,52.56
59549,2022,46.67
59550,2016,53.01
59550,2022,54.46
59551,2016,66.47
59551,2022,66.27
59552,2016,57.52
59552,2022,49.66
59553,2016,61.11
59553,2022,61.02
59554,2016,65.43
59554,2022,68.85
59555,2016,50.05
59555,2022,50.35
59556,2016,53.54
59556,2022,50.98
59557,2016,55.74
59557,2022,56.57
59558,2016,54.22
59558,2022,50.6
59559,2016,66.73
59559,2022,69.59
59560,2016,61.94
59560,2022,62.31
59562,2016,46.91
59562,2022,49.16
59563,2016,50.56
59563,2022,49.7
59564,2016,56.6
59564,2022,51.3
59565,2016,57.14
59565,2022,57.62
59566,2016,56.94
59566,2022,55.85
59567,2016,58.24
59567,2022,54.94
59568,2016,56.99
59568,2022,51.82
59569,2016,54.25
59569,2022,50.89
59570,2016,57.2
59570,2022,60.29
59571,2016,51.12
59571,2022,51.49
59572,2016,57.08
59572,2022,53.2
59573,2016,46.53
59573,2022,50.49
59574,2016,52.38
59574,2022,52.22
59575,2016,60.81
59575,2022,60.03
59576,2016,52.14
59576,2022,51.06
59577,2016,55.0
59577,2022,54.49
59578,2016,55.39
59578,2022,54.98
59579,2016,51.5
59579,2022,53.65
59580,2016,59.19
59580,2022,57.14
59581,2016,55.68
59581,2022,57.88
59582,2016,53.88
59582,2022,54.06
59583,2016,52.46
59583,2022,53.62
59584,2016,56.22
59584,2022,55.2
59585,2016,63.08
59585,2022,62.8
59586,2016,61.38
59586,2022,63.0
59587,2016,59.28
59587,2022,62.68
59588,2016,56.91
59588,2022,55.93
59589,2016,49.68
59589,2022,50.76
59590,2016,48.75
59590,2022,46.82
59591,2016,46.42
59591,2022,52.44
59592,2016,59.57
59592,2022,59.59
59593,2016,51.11
59593,2022,52.05
59594,2016,56.33
59594,2022,54.09
59595,2016,58.53
59595,2022,58.9
59596,2016,62.99
59596,2022,62.69
59597,2016,58.01
59597,2022,63.37
59598,2016,57.39
59598,2022,57.4
59599,2016,58.46
59599,2022,57.84
59600,2016,62.07
59600,2022,64.64
59601,2016,56.62
59601,2022,56.93
59602,2016,62.26
59602,2022,66.11
59603,2016,49.73
59603,2022,51.1
59604,2016,51.93
59604,2022,48.1
59605,2016,55.44
59605,2022,57.35
59606,2016,61.63
59606,2022,61.66
59607,2016,56.29
59607,2022,55.75
59608,2016,59.43
59608,2022,54.67
59609,2016,62.69
59609,2022,67.36
59610,2016,55.51
59610,2022,56.61
59611,2016,67.56
59611,2022,69.76
59612,2016,56.87
59612,2022,54.27
59613,2016,52.14
59613,2022,51.27
59614,2016,57.22
59614,2022,52.03
59615,2016,52.12
59615,2022,52.75
59616,2016,54.76
59616,2022,53.44
59617,2016,52.87
59617,2022,46.17
59618,2016,50.66
59618,2022,45.1
59619,2016,61.66
59619,2022,58.9
59620,2016,49.02
59620,2022,49.59
59622,2016,52.31
59622,2022,49.02
59623,2016,49.42
59623,2022,47.5
59624,2016,60.04
59624,2022,58.86
59625,2016,53.56
59625,2022,54.09
59626,2016,58.69
59626,2022,60.86
59627,2016,48.87
59627,2022,46.73
59628,2016,56.23
59628,2022,54.17
59629,2016,52.65
59629,2022,50.69
59630,2016,56.73
59630,2022,55.57
59631,2016,58.22
59631,2022,53.95
59632,2016,53.14
59632,2022,51.75
59633,2016,50.47
59633,2022,48.86
59634,2016,52.79
59634,2022,52.75
59635,2016,49.13
59635,2022,53.99
59636,2016,63.29
59636,2022,66.14
59637,2016,57.33
59637,2022,58.32
59638,2016,58.6
59638,2022,61.63
59639,2016,57.07
59639,2022,59.11
59640,2016,62.5
59640,2022,61.03
59641,2016,52.2
59641,2022,51.79
59642,2016,56.12
59642,2022,59.1
59643,2016,46.15
59643,2022,52.1
59645,2016,51.69
59645,2022,51.47
59646,2016,66.82
59646,2022,68.24
59647,2016,54.33
59647,2022,53.33
59648,2016,61.2
59648,2022,63.44
59649,2016,49.71
59649,2022,48.84
59650,2016,55.99
59650,2022,55.13
59651,2016,49.24
59651,2022,45.79
59652,2016,50.35
59652,2022,46.91
59653,2016,58.59
59653,2022,56.75
59654,2016,56.25
59654,2022,53.84
59655,2016,59.01
59655,2022,60.12
59656,2016,61.08
59656,2022,58.78
59657,2016,49.44
59657,2022,52.6
59658,2016,63.02
59658,2022,64.79
59659,2016,57.27
59659,2022,54.46
59660,2016,60.93
59660,2022,65.4
59661,2016,50.46
59661,2022,50.0
59662,2016,55.67
59662,2022,55.67
59663,2016,54.17
59663,2022,54.38
59664,2016,49.5
59664,2022,45.13
59665,2016,51.3
59665,2022,50.81
59666,2016,54.59
59666,2022,54.42
59667,2016,55.77
59667,2022,55.49
59668,2016,52.08
59668,2022,53.07
59669,2016,51.42
59669,2022,50.72
59670,2016,56.47
59670,2022,58.34
