commune,candidat,pct_2022,target_2022,prediction,correct
Faches-Thumesnil,MÉLENCHON,33.89,1,1,1
Faches-Thumesnil,MACRON,27.46,0,1,0
Lille,MÉLENCHON,47.4,1,1,1
Lille,MÉLENCHON,36.61,0,1,0
Loos,MÉLENCHON,32.0,1,1,1
Loos,LE PEN,24.12,0,0,1
Villeneuve-d'Ascq,MÉLENCHON,34.2,1,1,1
Villeneuve-d'Ascq,MACRON,29.46,0,1,0
Lezennes,MÉLENCHON,28.13,1,1,1
Lezennes,MACRON,25.42,0,0,1
Mons-en-Baroeul,MÉLENCHON,38.62,1,1,1
Mons-en-Baroeul,MACRON,24.71,0,0,1
Ronchin,MÉLENCHON,31.48,1,1,1
Ronchin,MACRON,27.13,0,1,0
Aibes,LE PEN,41.0,1,1,1
Aibes,MACRON,19.0,0,0,1
Amfroipret,LE PEN,39.42,1,1,1
Amfroipret,MACRON,27.01,0,1,0
Anor,LE PEN,42.77,1,1,1
Anor,MACRON,19.14,0,0,1
Assevent,LE PEN,41.87,1,1,1
Assevent,MACRON,21.47,0,0,1
Audignies,LE PEN,41.07,1,1,1
Audignies,MACRON,18.75,0,0,1
Avesnes-sur-Helpe,LE PEN,33.3,1,1,1
Avesnes-sur-Helpe,MACRON,25.18,0,0,1
Baives,LE PEN,38.6,1,1,1
Baives,MACRON,29.82,0,1,0
Bas-Lieu,LE PEN,35.94,1,1,1
Bas-Lieu,MACRON,31.77,0,1,0
Bavay,LE PEN,38.38,1,1,1
Bavay,MACRON,25.3,0,0,1
Beaurieux,LE PEN,32.94,1,1,1
Beaurieux,MACRON,30.59,0,1,0
Bellignies,LE PEN,37.61,1,1,1
Bellignies,MACRON,25.9,0,0,1
Bérelles,LE PEN,42.22,1,1,1
Bérelles,ZEMMOUR,18.89,0,0,1
Bermeries,LE PEN,33.0,1,1,1
Bermeries,MACRON,20.5,0,0,1
Bersillies,MACRON,34.56,1,1,1
Bersillies,LE PEN,33.82,0,1,0
Bettignies,LE PEN,41.51,1,1,1
Bettignies,MACRON,24.53,0,0,1
Bettrechies,LE PEN,35.86,1,1,1
Bettrechies,MACRON,22.07,0,0,1
Beugnies,LE PEN,36.02,1,1,1
Beugnies,MACRON,27.38,0,0,1
Bousignies-sur-Roc,LE PEN,33.79,1,1,1
Bousignies-sur-Roc,MACRON,19.31,0,0,1
Boussois,LE PEN,45.72,1,1,1
Boussois,MÉLENCHON,19.69,0,0,1
Cerfontaine,LE PEN,43.88,1,1,1
Cerfontaine,MACRON,23.67,0,0,1
Choisies,LE PEN,28.95,1,1,1
Choisies,MACRON,28.95,0,1,0
Clairfayts,LE PEN,44.44,1,1,1
Clairfayts,MACRON,16.05,0,0,1
Colleret,LE PEN,46.04,1,1,1
Colleret,MACRON,20.74,0,0,1
Cousolre,LE PEN,42.32,1,1,1
Cousolre,MACRON,21.86,0,0,1
Damousies,LE PEN,39.02,1,1,1
Damousies,MACRON,30.08,0,1,0
Dimechaux,LE PEN,35.16,1,1,1
Dimechaux,MACRON,27.47,0,1,0
Dimont,MACRON,33.68,1,1,1
Dimont,LE PEN,26.32,0,0,1
Dompierre-sur-Helpe,LE PEN,38.31,1,1,1
Dompierre-sur-Helpe,MACRON,22.73,0,0,1
Dourlers,LE PEN,33.96,1,1,1
Dourlers,MACRON,29.28,0,1,0
Eccles,LE PEN,26.53,1,1,1
Eccles,MACRON,16.33,0,0,1
Elesmes,LE PEN,37.39,1,1,1
Elesmes,MACRON,25.04,0,0,1
Eppe-Sauvage,LE PEN,28.57,1,1,1
Eppe-Sauvage,MÉLENCHON,21.43,0,0,1
Feignies,LE PEN,40.71,1,1,1
Feignies,MÉLENCHON,22.48,0,0,1
Felleries,LE PEN,37.95,1,1,1
Felleries,MACRON,24.1,0,0,1
Féron,MACRON,31.12,1,1,1
Féron,LE PEN,30.51,0,1,0
Ferrière-la-Grande,LE PEN,46.57,1,1,1
Ferrière-la-Grande,MACRON,19.74,0,0,1
Ferrière-la-Petite,LE PEN,40.82,1,1,1
Ferrière-la-Petite,MACRON,17.11,0,0,1
La Flamengrie,LE PEN,32.56,1,1,1
La Flamengrie,MACRON,27.91,0,1,0
Flaumont-Waudrechies,LE PEN,43.08,1,1,1
Flaumont-Waudrechies,MACRON,21.54,0,0,1
Floursies,LE PEN,36.67,1,1,1
Floursies,MACRON,23.33,0,0,1
Fourmies,LE PEN,45.21,1,1,1
Fourmies,MACRON,20.76,0,0,1
Glageon,LE PEN,45.74,1,1,1
Glageon,MACRON,22.74,0,0,1
Gognies-Chaussée,LE PEN,35.98,1,1,1
Gognies-Chaussée,MACRON,26.91,0,1,0
Gussignies,MACRON,37.01,1,1,1
Gussignies,LE PEN,25.2,0,0,1
Hestrud,LE PEN,28.23,1,1,1
Hestrud,MACRON,27.42,0,0,1
Hon-Hergies,LE PEN,37.18,1,1,1
Hon-Hergies,MACRON,24.51,0,0,1
Houdain-lez-Bavay,LE PEN,36.55,1,1,1
Houdain-lez-Bavay,MACRON,23.09,0,0,1
Jeumont,LE PEN,40.13,1,1,1
Jeumont,MÉLENCHON,25.91,0,0,1
Lez-Fontaine,MACRON,29.08,1,1,1
Lez-Fontaine,LE PEN,25.53,0,1,0
Liessies,LE PEN,36.18,1,1,1
Liessies,MÉLENCHON,19.8,0,0,1
La Longueville,LE PEN,37.17,1,1,1
La Longueville,MACRON,24.37,0,0,1
Louvroil,MÉLENCHON,40.75,1,1,1
Louvroil,LE PEN,32.65,0,1,0
Mairieux,LE PEN,36.1,1,1,1
Mairieux,MACRON,30.48,0,1,0
Marpent,LE PEN,45.62,1,1,1
Marpent,MACRON,17.68,0,0,1
Maubeuge,MÉLENCHON,34.77,1,1,1
Maubeuge,LE PEN,31.26,0,1,0
Mecquignies,LE PEN,41.13,1,1,1
Mecquignies,MACRON,22.37,0,0,1
Moustier-en-Fagne,MÉLENCHON,30.0,1,1,1
Moustier-en-Fagne,MACRON,23.33,0,0,1
Obies,MACRON,32.74,1,1,1
Obies,LE PEN,30.96,0,1,0
Obrechies,LE PEN,41.84,1,1,1
Obrechies,MACRON,26.53,0,1,0
Ohain,LE PEN,45.66,1,1,1
Ohain,MACRON,19.29,0,0,1
Quiévelon,LE PEN,34.57,1,1,1
Quiévelon,MACRON,30.86,0,1,0
Ramousies,LE PEN,45.67,1,1,1
Ramousies,MACRON,25.2,0,0,1
Recquignies,LE PEN,48.03,1,1,1
Recquignies,MÉLENCHON,17.29,0,0,1
Rousies,LE PEN,39.91,1,1,1
Rousies,MACRON,20.65,0,0,1
Saint-Aubin,LE PEN,32.98,1,1,1
Saint-Aubin,MACRON,24.47,0,0,1
Saint-Hilaire-sur-Helpe,LE PEN,33.57,1,1,1
Saint-Hilaire-sur-Helpe,MACRON,23.57,0,0,1
Saint-Waast,LE PEN,35.1,1,1,1
Saint-Waast,MACRON,22.73,0,0,1
Sars-Poteries,LE PEN,42.2,1,1,1
Sars-Poteries,MACRON,23.15,0,0,1
Sémeries,LE PEN,36.83,1,1,1
Sémeries,MACRON,24.55,0,0,1
Semousies,LE PEN,39.86,1,1,1
Semousies,MACRON,29.73,0,1,0
Solre-le-Château,LE PEN,35.1,1,1,1
Solre-le-Château,MACRON,28.98,0,1,0
Solrinnes,LE PEN,42.65,1,1,1
Solrinnes,MACRON,22.06,0,0,1
Taisnières-en-Thiérache,LE PEN,44.61,1,1,1
Taisnières-en-Thiérache,MACRON,15.61,0,0,1
Taisnières-sur-Hon,LE PEN,35.25,1,1,1
Taisnières-sur-Hon,MACRON,28.78,0,1,0
Trélon,LE PEN,47.65,1,1,1
Trélon,MACRON,22.96,0,0,1
Vieux-Reng,LE PEN,47.94,1,1,1
Vieux-Reng,MACRON,18.16,0,0,1
Villers-Sire-Nicole,LE PEN,47.23,1,1,1
Villers-Sire-Nicole,MACRON,20.53,0,0,1
Wallers-en-Fagne,LE PEN,47.13,1,1,1
Wallers-en-Fagne,MACRON,22.29,0,0,1
Wattignies-la-Victoire,MACRON,33.9,1,1,1
Wattignies-la-Victoire,LE PEN,28.81,0,1,0
Wignehies,LE PEN,45.58,1,1,1
Wignehies,MACRON,18.34,0,0,1
Willies,LE PEN,28.38,1,1,1
Willies,MÉLENCHON,27.03,0,0,1
Comines,LE PEN,31.56,1,1,1
Comines,MACRON,27.79,0,1,0
Deûlémont,MACRON,35.74,1,1,1
Deûlémont,LE PEN,27.45,0,1,0
Lambersart,MACRON,39.74,1,1,1
Lambersart,MÉLENCHON,21.28,0,0,1
Lompret,MACRON,45.05,1,1,1
Lompret,LE PEN,12.59,0,0,1
La Madeleine,MACRON,36.2,1,1,1
La Madeleine,MÉLENCHON,24.87,0,0,1
Marquette-lez-Lille,MACRON,34.17,1,1,1
Marquette-lez-Lille,LE PEN,24.28,0,0,1
Pérenchies,MACRON,29.54,1,1,1
Pérenchies,LE PEN,28.12,0,1,0
Quesnoy-sur-Deûle,MACRON,35.65,1,1,1
Quesnoy-sur-Deûle,LE PEN,24.84,0,0,1
Saint-André-lez-Lille,MACRON,35.16,1,1,1
Saint-André-lez-Lille,MÉLENCHON,22.45,0,0,1
Verlinghem,MACRON,44.28,1,1,1
Verlinghem,LE PEN,15.81,0,0,1
Wambrechies,MACRON,39.3,1,1,1
Wambrechies,LE PEN,19.63,0,0,1
Warneton,MACRON,33.77,1,1,1
Warneton,LE PEN,26.62,0,1,0
Wervicq-Sud,MACRON,33.62,1,1,1
Wervicq-Sud,LE PEN,28.16,0,1,0
Allennes-les-Marais,LE PEN,29.43,1,1,1
Allennes-les-Marais,MACRON,28.45,0,1,0
Annoeullin,LE PEN,32.36,1,1,1
Annoeullin,MACRON,29.06,0,1,0
Aubers,MACRON,35.88,1,1,1
Aubers,LE PEN,22.96,0,0,1
La Bassée,LE PEN,37.6,1,1,1
La Bassée,MACRON,26.37,0,0,1
Bauvin,LE PEN,40.26,1,1,1
Bauvin,MACRON,21.37,0,0,1
Camphin-en-Carembault,MACRON,34.4,1,1,1
Camphin-en-Carembault,LE PEN,26.53,0,1,0
Carnin,MACRON,33.57,1,1,1
Carnin,LE PEN,30.57,0,1,0
Chemy,MACRON,37.36,1,1,1
Chemy,LE PEN,20.69,0,0,1
Emmerin,MACRON,34.06,1,1,1
Emmerin,LE PEN,21.15,0,0,1
Fournes-en-Weppes,MACRON,43.49,1,1,1
Fournes-en-Weppes,LE PEN,18.02,0,0,1
Fromelles,MACRON,36.83,1,1,1
Fromelles,LE PEN,23.31,0,0,1
Gondecourt,MACRON,33.79,1,1,1
Gondecourt,LE PEN,25.38,0,0,1
Hantay,MACRON,28.24,1,1,1
Hantay,LE PEN,27.23,0,1,0
Haubourdin,LE PEN,31.4,1,1,1
Haubourdin,MACRON,25.25,0,0,1
Herlies,MACRON,35.3,1,1,1
Herlies,LE PEN,23.44,0,0,1
Herrin,MACRON,39.38,1,1,1
Herrin,LE PEN,14.67,0,0,1
Houplin-Ancoisne,MACRON,29.51,1,1,1
Houplin-Ancoisne,LE PEN,27.67,0,1,0
Illies,LE PEN,34.33,1,1,1
Illies,MACRON,30.12,0,1,0
Lesquin,MACRON,33.19,1,1,1
Lesquin,LE PEN,24.68,0,0,1
Marquillies,MACRON,30.72,1,1,1
Marquillies,LE PEN,26.49,0,1,0
Noyelles-lès-Seclin,MACRON,38.05,1,1,1
Noyelles-lès-Seclin,MÉLENCHON,18.38,0,0,1
Provin,LE PEN,39.35,1,1,1
Provin,MACRON,23.44,0,0,1
Sainghin-en-Weppes,MACRON,31.18,1,1,1
Sainghin-en-Weppes,LE PEN,29.04,0,1,0
Salomé,LE PEN,39.94,1,1,1
Salomé,MACRON,20.86,0,0,1
Santes,MACRON,35.92,1,1,1
Santes,LE PEN,24.73,0,0,1
Seclin,LE PEN,29.24,1,1,1
Seclin,MACRON,26.41,0,1,0
Templemars,MACRON,31.16,1,1,1
Templemars,LE PEN,25.16,0,0,1
Vendeville,MACRON,36.68,1,1,1
Vendeville,LE PEN,23.03,0,0,1
Wattignies,MACRON,30.28,1,1,1
Wattignies,MÉLENCHON,28.24,0,1,0
Wavrin,LE PEN,30.77,1,1,1
Wavrin,MACRON,28.12,0,1,0
Wicres,MACRON,30.13,1,1,1
Wicres,LE PEN,19.87,0,0,1
Don,MACRON,30.11,1,1,1
Don,LE PEN,29.38,0,1,0
Aix,MACRON,37.8,1,1,1
Aix,LE PEN,24.91,0,0,1
Anstaing,MACRON,34.81,1,1,1
Anstaing,MÉLENCHON,20.45,0,0,1
Attiches,MACRON,32.85,1,1,1
Attiches,LE PEN,26.26,0,1,0
Auchy-lez-Orchies,MACRON,34.85,1,1,1
Auchy-lez-Orchies,LE PEN,24.01,0,0,1
Avelin,MACRON,41.56,1,1,1
Avelin,LE PEN,24.58,0,0,1
Bachy,MACRON,37.68,1,1,1
Bachy,LE PEN,22.07,0,0,1
Baisieux,MACRON,38.05,1,1,1
Baisieux,LE PEN,23.32,0,0,1
Bersée,MACRON,38.05,1,1,1
Bersée,LE PEN,23.64,0,0,1
Beuvry-la-Forêt,LE PEN,31.35,1,1,1
Beuvry-la-Forêt,MACRON,28.93,0,1,0
Bourghelles,MACRON,39.22,1,1,1
Bourghelles,LE PEN,19.85,0,0,1
Bouvines,MACRON,45.38,1,1,1
Bouvines,MÉLENCHON,19.68,0,0,1
Camphin-en-Pévèle,MACRON,40.52,1,1,1
Camphin-en-Pévèle,LE PEN,21.02,0,0,1
Cappelle-en-Pévèle,MACRON,36.47,1,1,1
Cappelle-en-Pévèle,LE PEN,24.17,0,0,1
Chéreng,MACRON,42.12,1,1,1
Chéreng,LE PEN,16.82,0,0,1
Cobrieux,MACRON,41.84,1,1,1
Cobrieux,LE PEN,18.16,0,0,1
Coutiches,MACRON,31.93,1,1,1
Coutiches,LE PEN,28.47,0,1,0
Cysoing,MACRON,37.11,1,1,1
Cysoing,LE PEN,20.21,0,0,1
Ennevelin,MACRON,35.96,1,1,1
Ennevelin,LE PEN,21.72,0,0,1
Faumont,MACRON,33.59,1,1,1
Faumont,LE PEN,31.03,0,1,0
Forest-sur-Marque,MACRON,41.94,1,1,1
Forest-sur-Marque,LE PEN,17.55,0,0,1
Fretin,MACRON,32.2,1,1,1
Fretin,LE PEN,22.15,0,0,1
Genech,MACRON,40.91,1,1,1
Genech,LE PEN,18.37,0,0,1
Gruson,MACRON,49.6,1,1,1
Gruson,LE PEN,12.46,0,0,1
Landas,MACRON,32.26,1,1,1
Landas,LE PEN,26.33,0,1,0
Louvil,MACRON,47.61,1,1,1
Louvil,MÉLENCHON,12.74,0,0,1
Mérignies,MACRON,47.58,1,1,1
Mérignies,LE PEN,17.82,0,0,1
Moncheaux,MACRON,34.66,1,1,1
Moncheaux,LE PEN,25.1,0,0,1
Mons-en-Pévèle,MACRON,36.81,1,1,1
Mons-en-Pévèle,LE PEN,20.78,0,0,1
Mouchin,MACRON,34.88,1,1,1
Mouchin,LE PEN,24.91,0,0,1
La Neuville,MACRON,34.51,1,1,1
La Neuville,LE PEN,25.19,0,0,1
Nomain,MACRON,36.53,1,1,1
Nomain,LE PEN,21.26,0,0,1
Orchies,LE PEN,32.63,1,1,1
Orchies,MACRON,25.85,0,0,1
Ostricourt,LE PEN,33.59,1,1,1
Ostricourt,MÉLENCHON,31.27,0,1,0
Péronne-en-Mélantois,MACRON,36.28,1,1,1
Péronne-en-Mélantois,LE PEN,20.66,0,0,1
Phalempin,MACRON,36.05,1,1,1
Phalempin,LE PEN,21.68,0,0,1
Pont-à-Marcq,MACRON,34.78,1,1,1
Pont-à-Marcq,LE PEN,25.41,0,1,0
Sailly-lez-Lannoy,MACRON,46.52,1,1,1
Sailly-lez-Lannoy,LE PEN,14.93,0,0,1
Sainghin-en-Mélantois,MACRON,41.18,1,1,1
Sainghin-en-Mélantois,LE PEN,16.56,0,0,1
Saméon,MACRON,36.38,1,1,1
Saméon,LE PEN,24.52,0,0,1
Templeuve-en-Pévèle,MACRON,35.03,1,1,1
Templeuve-en-Pévèle,LE PEN,22.45,0,0,1
Thumeries,LE PEN,33.09,1,1,1
Thumeries,MACRON,28.52,0,1,0
Tourmignies,MACRON,35.93,1,1,1
Tourmignies,LE PEN,22.48,0,0,1
Tressin,MACRON,40.4,1,1,1
Tressin,LE PEN,15.52,0,0,1
Wahagnies,LE PEN,32.82,1,1,1
Wahagnies,MACRON,25.91,0,0,1
Wannehain,MACRON,29.23,1,1,1
Wannehain,LE PEN,24.07,0,0,1
Willems,MACRON,33.08,1,1,1
Willems,LE PEN,25.3,0,0,1
Croix,MACRON,32.51,1,1,1
Croix,MÉLENCHON,24.74,0,0,1
Hem,MACRON,32.64,1,1,1
Hem,MÉLENCHON,29.52,0,1,0
Lannoy,MACRON,28.22,1,1,1
Lannoy,LE PEN,25.86,0,0,1
Leers,MACRON,31.2,1,1,1
Leers,LE PEN,29.17,0,1,0
Lys-lez-Lannoy,MACRON,29.07,1,1,1
Lys-lez-Lannoy,LE PEN,27.39,0,1,0
Roubaix,MÉLENCHON,51.29,1,1,1
Roubaix,MACRON,20.29,0,0,1
Toufflers,MACRON,32.08,1,1,1
Toufflers,LE PEN,26.93,0,1,0
Wasquehal,MACRON,37.25,1,1,1
Wasquehal,MÉLENCHON,19.43,0,0,1
Wattrelos,LE PEN,32.86,1,1,1
Wattrelos,MÉLENCHON,28.53,0,1,0
Bondues,MACRON,50.78,1,1,1
Bondues,LE PEN,11.93,0,0,1
Marcq-en-Baroeul,MACRON,42.07,1,1,1
Marcq-en-Baroeul,MÉLENCHON,16.15,0,0,1
Mouvaux,MACRON,44.37,1,1,1
Mouvaux,LE PEN,14.89,0,0,1
Tourcoing,MÉLENCHON,36.82,1,1,1
Tourcoing,LE PEN,25.25,0,0,1
Bousbecque,MACRON,35.84,1,1,1
Bousbecque,LE PEN,26.12,0,0,1
Halluin,LE PEN,30.19,1,1,1
Halluin,MACRON,28.08,0,1,0
Linselles,MACRON,39.92,1,1,1
Linselles,LE PEN,25.36,0,0,1
Neuville-en-Ferrain,MACRON,34.2,1,1,1
Neuville-en-Ferrain,LE PEN,27.48,0,1,0
Roncq,MACRON,35.92,1,1,1
Roncq,LE PEN,23.27,0,0,1
Armentières,LE PEN,28.87,1,1,1
Armentières,MÉLENCHON,25.39,0,0,1
Beaucamps-Ligny,MACRON,43.78,1,1,1
Beaucamps-Ligny,LE PEN,16.8,0,0,1
Bois-Grenier,MACRON,43.48,1,1,1
Bois-Grenier,LE PEN,18.59,0,0,1
Capinghem,MACRON,38.19,1,1,1
Capinghem,LE PEN,20.05,0,0,1
La Chapelle-d'Armentières,MACRON,33.07,1,1,1
La Chapelle-d'Armentières,LE PEN,26.72,0,1,0
Englos,MACRON,42.89,1,1,1
Englos,LE PEN,18.09,0,0,1
Ennetières-en-Weppes,MACRON,43.38,1,1,1
Ennetières-en-Weppes,LE PEN,16.3,0,0,1
Erquinghem-le-Sec,MACRON,40.53,1,1,1
Erquinghem-le-Sec,LE PEN,17.63,0,0,1
Erquinghem-Lys,MACRON,31.33,1,1,1
Erquinghem-Lys,LE PEN,29.87,0,1,0
Escobecques,MACRON,44.35,1,1,1
Escobecques,LE PEN,17.83,0,0,1
Frelinghien,MACRON,36.0,1,1,1
Frelinghien,LE PEN,26.39,0,1,0
Hallennes-lez-Haubourdin,LE PEN,28.92,1,1,1
Hallennes-lez-Haubourdin,MACRON,28.57,0,1,0
Houplines,LE PEN,32.37,1,1,1
Houplines,MACRON,25.02,0,0,1
Le Maisnil,MACRON,44.99,1,1,1
Le Maisnil,LE PEN,14.45,0,0,1
Prémesques,MACRON,37.23,1,1,1
Prémesques,LE PEN,21.45,0,0,1
Radinghem-en-Weppes,MACRON,43.72,1,1,1
Radinghem-en-Weppes,LE PEN,16.88,0,0,1
Sequedin,MACRON,36.47,1,1,1
Sequedin,LE PEN,27.46,0,1,0
Aulnoye-Aymeries,LE PEN,37.33,1,1,1
Aulnoye-Aymeries,MÉLENCHON,21.27,0,0,1
Avesnelles,LE PEN,36.32,1,1,1
Avesnelles,MACRON,24.43,0,0,1
Avesnes-les-Aubert,LE PEN,45.88,1,1,1
Avesnes-les-Aubert,MÉLENCHON,15.15,0,0,1
Bachant,LE PEN,44.64,1,1,1
Bachant,MÉLENCHON,19.24,0,0,1
Beaudignies,LE PEN,33.52,1,1,1
Beaudignies,MACRON,24.18,0,0,1
Beaufort,LE PEN,43.78,1,1,1
Beaufort,MACRON,24.68,0,0,1
Beaurain,LE PEN,46.45,1,1,1
Beaurain,MACRON,23.87,0,0,1
Beaurepaire-sur-Sambre,LE PEN,40.16,1,1,1
Beaurepaire-sur-Sambre,MACRON,25.41,0,0,1
Beauvois-en-Cambrésis,LE PEN,43.07,1,1,1
Beauvois-en-Cambrésis,MACRON,21.3,0,0,1
Berlaimont,LE PEN,38.74,1,1,1
Berlaimont,MACRON,22.97,0,0,1
Bermerain,LE PEN,41.13,1,1,1
Bermerain,MACRON,25.68,0,0,1
Béthencourt,LE PEN,45.26,1,1,1
Béthencourt,MACRON,19.91,0,0,1
Bévillers,LE PEN,45.09,1,1,1
Bévillers,MACRON,20.55,0,0,1
Boulogne-sur-Helpe,MACRON,37.97,1,1,1
Boulogne-sur-Helpe,LE PEN,34.22,0,1,0
Bousies,LE PEN,38.71,1,1,1
Bousies,MACRON,21.51,0,0,1
Boussières-en-Cambrésis,LE PEN,36.4,1,1,1
Boussières-en-Cambrésis,MACRON,29.2,0,1,0
Boussières-sur-Sambre,LE PEN,40.5,1,1,1
Boussières-sur-Sambre,MACRON,25.81,0,0,1
Briastre,LE PEN,42.3,1,1,1
Briastre,MÉLENCHON,20.54,0,0,1
Bry,MACRON,35.92,1,1,1
Bry,LE PEN,24.08,0,0,1
Capelle,MACRON,27.18,1,1,1
Capelle,LE PEN,26.21,0,1,0
Carnières,LE PEN,49.32,1,1,1
Carnières,MACRON,19.15,0,0,1
Cartignies,LE PEN,38.81,1,1,1
Cartignies,MACRON,24.1,0,0,1
Cattenières,LE PEN,44.7,1,1,1
Cattenières,MACRON,17.42,0,0,1
Croix-Caluyau,LE PEN,40.79,1,1,1
Croix-Caluyau,MACRON,25.66,0,0,1
Eclaibes,MACRON,32.26,1,1,1
Eclaibes,LE PEN,30.65,0,1,0
Ecuélin,LE PEN,48.61,1,1,1
Ecuélin,MACRON,18.06,0,0,1
Englefontaine,LE PEN,38.03,1,1,1
Englefontaine,MACRON,23.26,0,0,1
Escarmain,LE PEN,39.16,1,1,1
Escarmain,MACRON,18.77,0,0,1
Estourmel,LE PEN,30.41,1,1,1
Estourmel,MACRON,29.05,0,1,0
Eth,LE PEN,32.39,1,1,1
Eth,MACRON,30.05,0,1,0
Etroeungt,LE PEN,36.23,1,1,1
Etroeungt,MACRON,28.44,0,1,0
Le Favril,LE PEN,38.38,1,1,1
Le Favril,MACRON,21.13,0,0,1
Floyon,LE PEN,43.72,1,1,1
Floyon,MACRON,24.29,0,0,1
Fontaine-au-Bois,LE PEN,42.73,1,1,1
Fontaine-au-Bois,MACRON,20.79,0,0,1
Fontaine-au-Pire,LE PEN,47.93,1,1,1
Fontaine-au-Pire,MACRON,19.9,0,0,1
Forest-en-Cambrésis,LE PEN,43.23,1,1,1
Forest-en-Cambrésis,MACRON,25.16,0,0,1
Frasnoy,LE PEN,36.74,1,1,1
Frasnoy,MACRON,20.0,0,0,1
Ghissignies,MACRON,33.13,1,1,1
Ghissignies,LE PEN,26.81,0,1,0
Gommegnies,LE PEN,32.07,1,1,1
Gommegnies,MACRON,26.26,0,1,0
Grand-Fayt,LE PEN,39.86,1,1,1
Grand-Fayt,MÉLENCHON,20.28,0,0,1
Hargnies,LE PEN,42.54,1,1,1
Hargnies,MACRON,27.61,0,1,0
Haussy,LE PEN,41.47,1,1,1
Haussy,MACRON,22.38,0,0,1
Haut-Lieu,LE PEN,37.23,1,1,1
Haut-Lieu,MACRON,24.24,0,0,1
Hautmont,LE PEN,43.11,1,1,1
Hautmont,MÉLENCHON,24.12,0,0,1
Hecq,LE PEN,36.41,1,1,1
Hecq,MACRON,23.5,0,0,1
Jenlain,MACRON,31.46,1,1,1
Jenlain,LE PEN,29.29,0,1,0
Jolimetz,MACRON,28.92,1,1,1
Jolimetz,LE PEN,28.74,0,1,0
Landrecies,LE PEN,41.15,1,1,1
Landrecies,MACRON,20.75,0,0,1
Larouillies,LE PEN,37.84,1,1,1
Larouillies,MACRON,30.41,0,1,0
Leval,LE PEN,40.25,1,1,1
Leval,MÉLENCHON,18.74,0,0,1
Limont-Fontaine,LE PEN,40.4,1,1,1
Limont-Fontaine,MACRON,22.6,0,0,1
Locquignol,LE PEN,38.3,1,1,1
Locquignol,MACRON,19.68,0,0,1
Louvignies-Quesnoy,LE PEN,33.83,1,1,1
Louvignies-Quesnoy,MACRON,25.75,0,0,1
Marbaix,LE PEN,36.13,1,1,1
Marbaix,MACRON,23.36,0,0,1
Maresches,MACRON,30.66,1,1,1
Maresches,LE PEN,26.76,0,1,0
Maroilles,LE PEN,40.07,1,1,1
Maroilles,MACRON,25.21,0,0,1
Monceau-Saint-Waast,LE PEN,37.1,1,1,1
Monceau-Saint-Waast,MACRON,30.32,0,1,0
Montrécourt,LE PEN,39.19,1,1,1
Montrécourt,MACRON,25.68,0,0,1
Neuf-Mesnil,LE PEN,46.47,1,1,1
Neuf-Mesnil,MÉLENCHON,19.62,0,0,1
Neuville-en-Avesnois,LE PEN,30.06,1,1,1
Neuville-en-Avesnois,MACRON,23.7,0,0,1
Noyelles-sur-Sambre,LE PEN,34.46,1,1,1
Noyelles-sur-Sambre,MACRON,27.12,0,0,1
Orsinval,MACRON,29.14,1,1,1
Orsinval,LE PEN,27.54,0,1,0
Petit-Fayt,LE PEN,42.27,1,1,1
Petit-Fayt,MACRON,19.07,0,0,1
Poix-du-Nord,LE PEN,50.44,1,1,1
Poix-du-Nord,MACRON,18.92,0,0,1
Pont-sur-Sambre,LE PEN,39.31,1,1,1
Pont-sur-Sambre,MACRON,23.16,0,0,1
Potelle,MACRON,29.12,1,1,1
Potelle,LE PEN,24.91,0,1,0
Preux-au-Bois,LE PEN,36.65,1,1,1
Preux-au-Bois,MACRON,21.95,0,0,1
Preux-au-Sart,LE PEN,30.86,1,1,1
Preux-au-Sart,MACRON,29.14,0,1,0
Prisches,LE PEN,37.18,1,1,1
Prisches,MACRON,21.39,0,0,1
Le Quesnoy,LE PEN,35.71,1,1,1
Le Quesnoy,MACRON,23.12,0,0,1
Quiévy,LE PEN,49.6,1,1,1
Quiévy,MACRON,19.8,0,0,1
Rainsars,LE PEN,45.04,1,1,1
Rainsars,MACRON,18.32,0,0,1
Raucourt-au-Bois,LE PEN,36.14,1,1,1
Raucourt-au-Bois,MACRON,24.1,0,0,1
Rieux-en-Cambrésis,LE PEN,39.53,1,1,1
Rieux-en-Cambrésis,MÉLENCHON,17.46,0,0,1
Robersart,LE PEN,37.82,1,1,1
Robersart,MACRON,19.33,0,0,1
Romeries,LE PEN,34.16,1,1,1
Romeries,MACRON,29.18,0,1,0
Ruesnes,LE PEN,32.18,1,1,1
Ruesnes,MACRON,29.12,0,1,0
Sains-du-Nord,LE PEN,44.77,1,1,1
Sains-du-Nord,MACRON,20.27,0,0,1
Saint-Aubert,LE PEN,47.04,1,1,1
Saint-Aubert,MACRON,19.51,0,0,1
Saint-Hilaire-lez-Cambrai,LE PEN,46.47,1,1,1
Saint-Hilaire-lez-Cambrai,MACRON,18.79,0,0,1
Saint-Martin-sur-Ecaillon,MACRON,26.81,1,1,1
Saint-Martin-sur-Ecaillon,LE PEN,26.18,0,1,0
Saint-Python,LE PEN,41.62,1,1,1
Saint-Python,MACRON,20.54,0,0,1
Saint-Remy-Chaussée,LE PEN,42.8,1,1,1
Saint-Remy-Chaussée,MACRON,16.73,0,0,1
Saint-Remy-du-Nord,LE PEN,46.97,1,1,1
Saint-Remy-du-Nord,MACRON,21.6,0,0,1
Saint-Vaast-en-Cambrésis,LE PEN,44.78,1,1,1
Saint-Vaast-en-Cambrésis,MÉLENCHON,16.87,0,0,1
Salesches,LE PEN,36.0,1,1,1
Salesches,MACRON,24.57,0,0,1
Sassegnies,LE PEN,41.86,1,1,1
Sassegnies,ZEMMOUR,14.53,0,0,1
Saulzoir,LE PEN,36.43,1,1,1
Saulzoir,MACRON,23.78,0,0,1
Sepmeries,LE PEN,31.73,1,1,1
Sepmeries,MACRON,28.93,0,1,0
Solesmes,LE PEN,45.71,1,1,1
Solesmes,MACRON,18.45,0,0,1
Sommaing,LE PEN,32.39,1,1,1
Sommaing,MACRON,26.06,0,0,1
Vendegies-au-Bois,LE PEN,34.81,1,1,1
Vendegies-au-Bois,MACRON,25.26,0,0,1
Vendegies-sur-Ecaillon,LE PEN,32.06,1,1,1
Vendegies-sur-Ecaillon,MACRON,26.76,0,1,0
Vertain,LE PEN,31.81,1,1,1
Vertain,MACRON,23.5,0,0,1
Viesly,LE PEN,47.76,1,1,1
Viesly,MACRON,16.39,0,0,1
Vieux-Mesnil,LE PEN,38.98,1,1,1
Vieux-Mesnil,MACRON,28.81,0,1,0
Villereau,LE PEN,32.65,1,1,1
Villereau,MACRON,28.18,0,1,0
Villers-en-Cauchies,LE PEN,44.89,1,1,1
Villers-en-Cauchies,MACRON,18.73,0,0,1
Villers-Pol,MACRON,37.91,1,1,1
Villers-Pol,LE PEN,24.86,0,0,1
Wambaix,LE PEN,31.54,1,1,1
Wambaix,MACRON,25.73,0,0,1
Wargnies-le-Grand,LE PEN,31.56,1,1,1
Wargnies-le-Grand,MACRON,27.41,0,1,0
Wargnies-le-Petit,LE PEN,37.8,1,1,1
Wargnies-le-Petit,MACRON,23.54,0,0,1
Cappelle-la-Grande,LE PEN,43.16,1,1,1
Cappelle-la-Grande,MACRON,19.76,0,0,1
Coudekerque-Branche,LE PEN,36.71,1,1,1
Coudekerque-Branche,MACRON,23.07,0,0,1
Dunkerque,LE PEN,32.4,1,1,1
Dunkerque,MACRON,24.77,0,0,1
Grande-Synthe,MÉLENCHON,42.48,1,1,1
Grande-Synthe,LE PEN,28.67,0,1,0
Téteghem-Coudekerque-Village,MACRON,34.54,1,1,1
Téteghem-Coudekerque-Village,LE PEN,28.25,0,1,0
Armbouts-Cappel,LE PEN,36.49,1,1,1
Armbouts-Cappel,MACRON,27.3,0,1,0
Bambecque,LE PEN,37.68,1,1,1
Bambecque,MACRON,25.36,0,0,1
Bergues,LE PEN,33.1,1,1,1
Bergues,MACRON,31.02,0,1,0
Bierne,LE PEN,34.77,1,1,1
Bierne,MACRON,27.6,0,1,0
Bissezeele,LE PEN,27.61,1,1,1
Bissezeele,MACRON,24.54,0,0,1
Bollezeele,LE PEN,36.98,1,1,1
Bollezeele,MACRON,27.95,0,1,0
Bourbourg,LE PEN,43.69,1,1,1
Bourbourg,MACRON,23.43,0,0,1
Bray-Dunes,LE PEN,35.95,1,1,1
Bray-Dunes,MACRON,26.83,0,0,1
Brouckerque,LE PEN,33.98,1,1,1
Brouckerque,MACRON,28.09,0,1,0
Broxeele,LE PEN,42.49,1,1,1
Broxeele,MACRON,22.32,0,0,1
Cappelle-Brouck,LE PEN,35.2,1,1,1
Cappelle-Brouck,MACRON,24.57,0,0,1
Craywick,LE PEN,44.63,1,1,1
Craywick,MACRON,20.0,0,0,1
Crochte,MACRON,31.4,1,1,1
Crochte,LE PEN,26.09,0,0,1
Drincham,LE PEN,31.65,1,1,1
Drincham,MACRON,22.15,0,0,1
Eringhem,LE PEN,42.12,1,1,1
Eringhem,MACRON,20.89,0,0,1
Esquelbecq,MACRON,31.5,1,1,1
Esquelbecq,LE PEN,26.89,0,1,0
Ghyvelde,LE PEN,35.33,1,1,1
Ghyvelde,MACRON,24.75,0,0,1
Grand-Fort-Philippe,LE PEN,47.21,1,1,1
Grand-Fort-Philippe,MACRON,19.06,0,0,1
Gravelines,LE PEN,40.33,1,1,1
Gravelines,MACRON,20.41,0,0,1
Herzeele,LE PEN,35.14,1,1,1
Herzeele,MACRON,31.53,0,1,0
Holque,LE PEN,44.57,1,1,1
Holque,MACRON,18.48,0,0,1
Hondschoote,LE PEN,38.42,1,1,1
Hondschoote,MACRON,24.96,0,0,1
Hoymille,LE PEN,32.76,1,1,1
Hoymille,MACRON,32.02,0,1,0
Killem,LE PEN,43.75,1,1,1
Killem,MACRON,25.16,0,0,1
Lederzeele,LE PEN,37.59,1,1,1
Lederzeele,MACRON,30.5,0,1,0
Ledringhem,LE PEN,29.36,1,1,1
Ledringhem,MACRON,28.64,0,1,0
Leffrinckoucke,MACRON,29.34,1,1,1
Leffrinckoucke,LE PEN,28.64,0,1,0
Looberghe,LE PEN,39.44,1,1,1
Looberghe,MACRON,22.66,0,0,1
Loon-Plage,LE PEN,44.23,1,1,1
Loon-Plage,MACRON,22.2,0,0,1
Merckeghem,LE PEN,39.14,1,1,1
Merckeghem,MACRON,26.81,0,0,1
Millam,LE PEN,38.65,1,1,1
Millam,MACRON,25.3,0,0,1
Nieurlet,LE PEN,43.11,1,1,1
Nieurlet,MACRON,18.96,0,0,1
Oost-Cappel,LE PEN,41.47,1,1,1
Oost-Cappel,MACRON,22.87,0,0,1
Pitgam,LE PEN,39.66,1,1,1
Pitgam,MACRON,28.81,0,1,0
Quaëdypre,LE PEN,32.47,1,1,1
Quaëdypre,MACRON,30.04,0,1,0
Rexpoëde,LE PEN,36.28,1,1,1
Rexpoëde,MACRON,26.27,0,0,1
Saint-Georges-sur-l'Aa,LE PEN,34.72,1,1,1
Saint-Georges-sur-l'Aa,MACRON,25.39,0,0,1
Saint-Momelin,LE PEN,41.81,1,1,1
Saint-Momelin,MACRON,19.4,0,0,1
Saint-Pierre-Brouck,LE PEN,36.1,1,1,1
Saint-Pierre-Brouck,MACRON,26.08,0,0,1
Socx,MACRON,41.22,1,1,1
Socx,LE PEN,23.35,0,0,1
Spycker,LE PEN,42.42,1,1,1
Spycker,MACRON,23.9,0,0,1
Steene,LE PEN,41.69,1,1,1
Steene,MACRON,27.63,0,1,0
Uxem,MACRON,32.3,1,1,1
Uxem,LE PEN,31.49,0,1,0
Volckerinckhove,LE PEN,35.14,1,1,1
Volckerinckhove,MACRON,32.57,0,1,0
Warhem,LE PEN,32.6,1,1,1
Warhem,MACRON,30.34,0,1,0
Watten,LE PEN,47.83,1,1,1
Watten,MACRON,20.21,0,0,1
West-Cappel,LE PEN,32.9,1,1,1
West-Cappel,MACRON,26.48,0,1,0
Wormhout,LE PEN,31.45,1,1,1
Wormhout,MACRON,29.23,0,1,0
Wulverdinghe,LE PEN,44.0,1,1,1
Wulverdinghe,MÉLENCHON,15.0,0,0,1
Wylder,LE PEN,40.98,1,1,1
Wylder,MACRON,16.94,0,0,1
Zegerscappel,LE PEN,39.72,1,1,1
Zegerscappel,MACRON,23.94,0,0,1
Zuydcoote,MACRON,29.69,1,1,1
Zuydcoote,LE PEN,27.08,0,0,1
Arnèke,LE PEN,33.48,1,1,1
Arnèke,MACRON,28.05,0,1,0
Bailleul,LE PEN,31.0,1,1,1
Bailleul,MACRON,28.99,0,1,0
Bavinchove,LE PEN,37.29,1,1,1
Bavinchove,MACRON,31.02,0,1,0
Berthen,MACRON,30.43,1,1,1
Berthen,LE PEN,24.04,0,0,1
Blaringhem,LE PEN,37.94,1,1,1
Blaringhem,MACRON,27.59,0,1,0
Boeschepe,LE PEN,32.97,1,1,1
Boeschepe,MACRON,25.25,0,0,1
Boëseghem,LE PEN,37.85,1,1,1
Boëseghem,MACRON,28.6,0,1,0
Borre,MACRON,34.25,1,1,1
Borre,LE PEN,27.35,0,1,0
Buysscheure,LE PEN,33.14,1,1,1
Buysscheure,MACRON,27.33,0,1,0
Caëstre,LE PEN,32.02,1,1,1
Caëstre,MACRON,31.85,0,1,0
Cassel,MACRON,31.01,1,1,1
Cassel,LE PEN,23.1,0,0,1
Le Doulieu,MACRON,32.64,1,1,1
Le Doulieu,LE PEN,27.07,0,1,0
Ebblinghem,LE PEN,38.13,1,1,1
Ebblinghem,MACRON,25.07,0,0,1
Eecke,LE PEN,29.83,1,1,1
Eecke,MACRON,28.25,0,1,0
Estaires,LE PEN,39.72,1,1,1
Estaires,MACRON,25.8,0,0,1
Flêtre,LE PEN,32.68,1,1,1
Flêtre,MACRON,26.64,0,1,0
Godewaersvelde,LE PEN,29.29,1,1,1
Godewaersvelde,MACRON,28.95,0,1,0
La Gorgue,LE PEN,40.49,1,1,1
La Gorgue,MACRON,24.07,0,0,1
Hardifort,LE PEN,33.84,1,1,1
Hardifort,MACRON,23.57,0,0,1
Haverskerque,LE PEN,37.42,1,1,1
Haverskerque,MACRON,28.22,0,1,0
Hazebrouck,LE PEN,32.63,1,1,1
Hazebrouck,MACRON,28.27,0,1,0
Hondeghem,MACRON,36.45,1,1,1
Hondeghem,LE PEN,22.26,0,0,1
Houtkerque,LE PEN,33.63,1,1,1
Houtkerque,MACRON,24.28,0,0,1
Lynde,LE PEN,33.07,1,1,1
Lynde,MACRON,25.9,0,0,1
Merris,MACRON,31.68,1,1,1
Merris,LE PEN,27.82,0,1,0
Merville,LE PEN,42.57,1,1,1
Merville,MACRON,21.25,0,0,1
Méteren,MACRON,34.58,1,1,1
Méteren,LE PEN,28.39,0,1,0
Morbecque,LE PEN,31.28,1,1,1
Morbecque,MACRON,28.41,0,1,0
Neuf-Berquin,LE PEN,38.11,1,1,1
Neuf-Berquin,MACRON,22.92,0,0,1
Nieppe,LE PEN,29.98,1,1,1
Nieppe,MACRON,29.73,0,1,0
Noordpeene,LE PEN,33.74,1,1,1
Noordpeene,MACRON,24.44,0,0,1
Ochtezeele,LE PEN,33.01,1,1,1
Ochtezeele,MACRON,28.16,0,1,0
Oudezeele,LE PEN,33.09,1,1,1
Oudezeele,MACRON,27.34,0,1,0
Oxelaëre,MACRON,33.87,1,1,1
Oxelaëre,LE PEN,25.24,0,0,1
Pradelles,LE PEN,33.72,1,1,1
Pradelles,MACRON,33.33,0,1,0
Renescure,LE PEN,37.63,1,1,1
Renescure,MACRON,32.25,0,1,0
Rubrouck,MACRON,31.88,1,1,1
Rubrouck,LE PEN,28.75,0,1,0
Saint-Jans-Cappel,MACRON,36.6,1,1,1
Saint-Jans-Cappel,LE PEN,24.71,0,0,1
Sainte-Marie-Cappel,MACRON,33.96,1,1,1
Sainte-Marie-Cappel,LE PEN,22.7,0,0,1
Saint-Sylvestre-Cappel,LE PEN,32.51,1,1,1
Saint-Sylvestre-Cappel,MACRON,29.79,0,1,0
Sercus,MACRON,35.13,1,1,1
Sercus,LE PEN,29.39,0,1,0
Staple,LE PEN,32.29,1,1,1
Staple,MACRON,32.29,0,1,0
Steenbecque,LE PEN,31.49,1,1,1
Steenbecque,MACRON,30.22,0,1,0
Steenvoorde,MACRON,30.88,1,1,1
Steenvoorde,LE PEN,29.6,0,1,0
Steenwerck,MACRON,29.82,1,1,1
Steenwerck,LE PEN,27.32,0,1,0
Strazeele,LE PEN,33.06,1,1,1
Strazeele,MACRON,28.8,0,1,0
Terdeghem,MACRON,32.75,1,1,1
Terdeghem,LE PEN,26.61,0,1,0
Thiennes,LE PEN,38.26,1,1,1
Thiennes,MACRON,19.53,0,0,1
Vieux-Berquin,LE PEN,32.63,1,1,1
Vieux-Berquin,MACRON,27.99,0,1,0
Wallon-Cappel,MACRON,38.76,1,1,1
Wallon-Cappel,LE PEN,26.87,0,1,0
Wemaers-Cappel,LE PEN,32.62,1,1,1
Wemaers-Cappel,MACRON,27.66,0,1,0
Winnezeele,LE PEN,32.3,1,1,1
Winnezeele,MACRON,31.09,0,1,0
Zermezeele,LE PEN,34.62,1,1,1
Zermezeele,MACRON,31.41,0,1,0
Zuytpeene,LE PEN,34.24,1,1,1
Zuytpeene,MACRON,23.94,0,0,1
Anhiers,LE PEN,46.51,1,1,1
Anhiers,MÉLENCHON,16.77,0,0,1
Aniche,LE PEN,44.63,1,1,1
Aniche,MÉLENCHON,20.82,0,0,1
Auberchicourt,LE PEN,41.52,1,1,1
Auberchicourt,MACRON,20.52,0,0,1
Bouvignies,MACRON,31.56,1,1,1
Bouvignies,LE PEN,25.92,0,1,0
Bruille-lez-Marchiennes,LE PEN,38.28,1,1,1
Bruille-lez-Marchiennes,ROUSSEL,20.13,0,0,1
Dechy,LE PEN,43.27,1,1,1
Dechy,MÉLENCHON,24.36,0,0,1
Ecaillon,LE PEN,44.22,1,1,1
Ecaillon,MACRON,19.96,0,0,1
Erre,LE PEN,41.12,1,1,1
Erre,MACRON,18.77,0,0,1
Fenain,LE PEN,45.7,1,1,1
Fenain,MÉLENCHON,18.87,0,0,1
Flines-lez-Raches,LE PEN,33.26,1,1,1
Flines-lez-Raches,MACRON,28.05,0,1,0
Guesnain,LE PEN,40.36,1,1,1
Guesnain,MÉLENCHON,22.2,0,0,1
Hornaing,LE PEN,43.34,1,1,1
Hornaing,MACRON,17.36,0,0,1
Lallaing,LE PEN,49.1,1,1,1
Lallaing,MÉLENCHON,17.28,0,0,1
Lewarde,LE PEN,37.56,1,1,1
Lewarde,MÉLENCHON,19.4,0,0,1
Loffre,LE PEN,30.99,1,1,1
Loffre,MACRON,29.96,0,1,0
Marchiennes,LE PEN,33.71,1,1,1
Marchiennes,MACRON,25.88,0,0,1
Masny,LE PEN,41.25,1,1,1
Masny,MÉLENCHON,22.57,0,0,1
Montigny-en-Ostrevent,LE PEN,39.96,1,1,1
Montigny-en-Ostrevent,MÉLENCHON,20.86,0,0,1
Pecquencourt,LE PEN,46.09,1,1,1
Pecquencourt,MÉLENCHON,21.13,0,0,1
Rieulay,LE PEN,33.16,1,1,1
Rieulay,MACRON,24.9,0,0,1
Sin-le-Noble,LE PEN,37.84,1,1,1
Sin-le-Noble,MÉLENCHON,24.93,0,0,1
Somain,LE PEN,41.39,1,1,1
Somain,MÉLENCHON,20.63,0,0,1
Tilloy-lez-Marchiennes,MACRON,31.5,1,1,1
Tilloy-lez-Marchiennes,LE PEN,25.5,0,1,0
Vred,LE PEN,35.17,1,1,1
Vred,MACRON,22.25,0,0,1
Wandignies-Hamage,LE PEN,37.15,1,1,1
Wandignies-Hamage,MACRON,28.53,0,1,0
Warlaing,MACRON,30.9,1,1,1
Warlaing,LE PEN,28.09,0,1,0
Waziers,LE PEN,36.27,1,1,1
Waziers,MÉLENCHON,34.94,0,1,0
Arleux,LE PEN,44.59,1,1,1
Arleux,MACRON,20.48,0,0,1
Aubigny-au-Bac,LE PEN,51.1,1,1,1
Aubigny-au-Bac,MACRON,18.3,0,0,1
Auby,LE PEN,38.82,1,1,1
Auby,MÉLENCHON,32.58,0,1,0
Brunémont,LE PEN,48.48,1,1,1
Brunémont,MACRON,17.77,0,0,1
Bugnicourt,LE PEN,43.26,1,1,1
Bugnicourt,MACRON,23.2,0,0,1
Cantin,LE PEN,41.61,1,1,1
Cantin,MACRON,24.6,0,0,1
Courchelettes,LE PEN,42.34,1,1,1
Courchelettes,MACRON,21.17,0,0,1
Cuincy,LE PEN,30.38,1,1,1
Cuincy,MACRON,25.44,0,0,1
Douai,LE PEN,28.07,1,1,1
Douai,MÉLENCHON,27.3,0,0,1
Erchin,MACRON,31.95,1,1,1
Erchin,LE PEN,28.51,0,1,0
Esquerchin,LE PEN,36.49,1,1,1
Esquerchin,MACRON,25.2,0,0,1
Estrées,LE PEN,40.17,1,1,1
Estrées,MACRON,23.14,0,0,1
Féchain,LE PEN,44.93,1,1,1
Féchain,MACRON,20.3,0,0,1
Férin,LE PEN,35.29,1,1,1
Férin,MACRON,25.41,0,0,1
Flers-en-Escrebieux,LE PEN,41.38,1,1,1
Flers-en-Escrebieux,MÉLENCHON,25.15,0,0,1
Fressain,LE PEN,41.44,1,1,1
Fressain,MACRON,24.49,0,0,1
Goeulzin,LE PEN,37.8,1,1,1
Goeulzin,MACRON,25.45,0,0,1
Hamel,LE PEN,44.69,1,1,1
Hamel,MACRON,18.78,0,0,1
Lambres-lez-Douai,LE PEN,34.63,1,1,1
Lambres-lez-Douai,MACRON,25.39,0,0,1
Lauwin-Planque,LE PEN,34.27,1,1,1
Lauwin-Planque,MACRON,24.56,0,0,1
Lécluse,LE PEN,45.53,1,1,1
Lécluse,MACRON,16.82,0,0,1
Marcq-en-Ostrevent,LE PEN,48.51,1,1,1
Marcq-en-Ostrevent,MACRON,19.4,0,0,1
Monchecourt,LE PEN,47.51,1,1,1
Monchecourt,MÉLENCHON,16.69,0,0,1
Râches,LE PEN,38.22,1,1,1
Râches,MACRON,26.72,0,0,1
Raimbeaucourt,LE PEN,35.65,1,1,1
Raimbeaucourt,MACRON,24.23,0,0,1
Roost-Warendin,LE PEN,41.82,1,1,1
Roost-Warendin,MACRON,19.93,0,0,1
Roucourt,LE PEN,28.9,1,1,1
Roucourt,MACRON,24.25,0,0,1
Villers-au-Tertre,LE PEN,35.1,1,1,1
Villers-au-Tertre,MACRON,22.22,0,0,1
Abancourt,LE PEN,29.64,1,1,1
Abancourt,MACRON,27.69,0,1,0
Anneux,LE PEN,40.54,1,1,1
Anneux,MACRON,33.11,0,1,0
Aubencheul-au-Bac,LE PEN,39.4,1,1,1
Aubencheul-au-Bac,MACRON,23.28,0,0,1
Awoingt,LE PEN,34.38,1,1,1
Awoingt,MACRON,28.29,0,1,0
Banteux,LE PEN,46.11,1,1,1
Banteux,MACRON,16.06,0,0,1
Bantigny,LE PEN,42.28,1,1,1
Bantigny,MACRON,22.15,0,0,1
Bantouzelle,LE PEN,40.18,1,1,1
Bantouzelle,MACRON,19.18,0,0,1
Bazuel,LE PEN,46.42,1,1,1
Bazuel,MACRON,25.94,0,0,1
Beaumont-en-Cambrésis,LE PEN,47.29,1,1,1
Beaumont-en-Cambrésis,MACRON,16.25,0,0,1
Bertry,LE PEN,43.93,1,1,1
Bertry,MACRON,20.62,0,0,1
Blécourt,LE PEN,36.32,1,1,1
Blécourt,MACRON,34.62,0,1,0
Boursies,LE PEN,44.02,1,1,1
Boursies,MACRON,15.31,0,0,1
Busigny,LE PEN,49.96,1,1,1
Busigny,MACRON,20.34,0,0,1
Cagnoncles,LE PEN,42.64,1,1,1
Cagnoncles,MACRON,21.96,0,0,1
Cambrai,LE PEN,32.85,1,1,1
Cambrai,MACRON,26.92,0,0,1
Cantaing-sur-Escaut,LE PEN,43.33,1,1,1
Cantaing-sur-Escaut,MACRON,27.08,0,1,0
Le Cateau-Cambrésis,LE PEN,46.53,1,1,1
Le Cateau-Cambrésis,MACRON,20.95,0,0,1
Catillon-sur-Sambre,LE PEN,38.0,1,1,1
Catillon-sur-Sambre,MACRON,21.78,0,0,1
Caudry,LE PEN,43.44,1,1,1
Caudry,MACRON,20.25,0,0,1
Caullery,LE PEN,51.87,1,1,1
Caullery,MACRON,19.4,0,0,1
Cauroir,LE PEN,33.33,1,1,1
Cauroir,MACRON,27.4,0,1,0
Clary,LE PEN,45.47,1,1,1
Clary,MACRON,22.01,0,0,1
Crèvecoeur-sur-l'Escaut,LE PEN,37.17,1,1,1
Crèvecoeur-sur-l'Escaut,MACRON,23.5,0,0,1
Cuvillers,LE PEN,35.9,1,1,1
Cuvillers,MACRON,25.64,0,0,1
Dehéries,MACRON,51.72,1,1,1
Dehéries,LE PEN,31.03,0,1,0
Doignies,LE PEN,47.11,1,1,1
Doignies,MACRON,23.11,0,0,1
Elincourt,LE PEN,52.33,1,1,1
Elincourt,MACRON,20.93,0,0,1
Escaudoeuvres,LE PEN,37.26,1,1,1
Escaudoeuvres,MACRON,23.64,0,0,1
Esnes,LE PEN,43.4,1,1,1
Esnes,MACRON,21.56,0,0,1
Eswars,LE PEN,36.96,1,1,1
Eswars,MACRON,24.35,0,0,1
Estrun,LE PEN,42.4,1,1,1
Estrun,MACRON,20.05,0,0,1
Flesquières,LE PEN,35.95,1,1,1
Flesquières,MACRON,24.18,0,0,1
Fontaine-Notre-Dame,LE PEN,39.41,1,1,1
Fontaine-Notre-Dame,MACRON,25.15,0,0,1
Fressies,LE PEN,51.43,1,1,1
Fressies,MACRON,18.29,0,0,1
Gonnelieu,LE PEN,47.16,1,1,1
Gonnelieu,MACRON,18.18,0,0,1
Gouzeaucourt,LE PEN,37.36,1,1,1
Gouzeaucourt,MACRON,24.9,0,0,1
La Groise,LE PEN,41.38,1,1,1
La Groise,MACRON,23.75,0,0,1
Haucourt-en-Cambrésis,LE PEN,52.8,1,1,1
Haucourt-en-Cambrésis,MACRON,16.0,0,0,1
Haynecourt,LE PEN,39.53,1,1,1
Haynecourt,MACRON,21.4,0,0,1
Hem-Lenglet,LE PEN,47.27,1,1,1
Hem-Lenglet,MACRON,19.09,0,0,1
Honnechy,LE PEN,57.14,1,1,1
Honnechy,MACRON,11.28,0,0,1
Honnecourt-sur-Escaut,LE PEN,38.03,1,1,1
Honnecourt-sur-Escaut,MACRON,16.49,0,0,1
Inchy,LE PEN,46.61,1,1,1
Inchy,MACRON,20.34,0,0,1
Iwuy,LE PEN,51.64,1,1,1
Iwuy,MACRON,18.48,0,0,1
Lesdain,LE PEN,36.71,1,1,1
Lesdain,MACRON,21.1,0,0,1
Ligny-en-Cambrésis,LE PEN,49.64,1,1,1
Ligny-en-Cambrésis,MACRON,20.84,0,0,1
Malincourt,LE PEN,39.78,1,1,1
Malincourt,MACRON,24.45,0,0,1
Marcoing,LE PEN,42.43,1,1,1
Marcoing,MACRON,19.48,0,0,1
Maretz,LE PEN,50.66,1,1,1
Maretz,MACRON,18.85,0,0,1
Masnières,LE PEN,39.05,1,1,1
Masnières,MACRON,20.89,0,0,1
Maurois,LE PEN,54.11,1,1,1
Maurois,MACRON,23.19,0,0,1
Mazinghien,LE PEN,42.95,1,1,1
Mazinghien,MACRON,17.95,0,0,1
Moeuvres,LE PEN,52.87,1,1,1
Moeuvres,MACRON,17.62,0,0,1
Montay,LE PEN,46.88,1,1,1
Montay,MACRON,18.12,0,0,1
Montigny-en-Cambrésis,LE PEN,39.42,1,1,1
Montigny-en-Cambrésis,MACRON,23.48,0,0,1
Naves,LE PEN,37.44,1,1,1
Naves,MACRON,21.36,0,0,1
Neuville-Saint-Rémy,LE PEN,40.62,1,1,1
Neuville-Saint-Rémy,MACRON,24.21,0,0,1
Neuvilly,LE PEN,50.35,1,1,1
Neuvilly,MACRON,15.14,0,0,1
Niergnies,MACRON,31.59,1,1,1
Niergnies,LE PEN,27.25,0,1,0
Noyelles-sur-Escaut,LE PEN,39.55,1,1,1
Noyelles-sur-Escaut,MACRON,23.73,0,0,1
Ors,LE PEN,36.76,1,1,1
Ors,MACRON,18.51,0,0,1
Paillencourt,LE PEN,39.47,1,1,1
Paillencourt,MACRON,24.54,0,0,1
Pommereuil,LE PEN,51.73,1,1,1
Pommereuil,MACRON,19.06,0,0,1
Proville,LE PEN,32.93,1,1,1
Proville,MACRON,29.62,0,1,0
Raillencourt-Sainte-Olle,LE PEN,37.43,1,1,1
Raillencourt-Sainte-Olle,MACRON,30.23,0,1,0
Ramillies,LE PEN,44.29,1,1,1
Ramillies,MACRON,20.06,0,0,1
Rejet-de-Beaulieu,LE PEN,54.74,1,1,1
Rejet-de-Beaulieu,MACRON,18.25,0,0,1
Reumont,LE PEN,37.07,1,1,1
Reumont,MACRON,23.9,0,0,1
Ribécourt-la-Tour,LE PEN,39.22,1,1,1
Ribécourt-la-Tour,MACRON,27.16,0,1,0
Les Rues-des-Vignes,LE PEN,34.79,1,1,1
Les Rues-des-Vignes,MACRON,25.79,0,0,1
Rumilly-en-Cambrésis,LE PEN,35.56,1,1,1
Rumilly-en-Cambrésis,MACRON,24.77,0,0,1
Sailly-lez-Cambrai,LE PEN,32.6,1,1,1
Sailly-lez-Cambrai,MACRON,28.19,0,1,0
Saint-Benin,LE PEN,37.02,1,1,1
Saint-Benin,MACRON,20.99,0,0,1
Saint-Souplet,LE PEN,50.59,1,1,1
Saint-Souplet,MACRON,16.47,0,0,1
Sancourt,LE PEN,43.22,1,1,1
Sancourt,MACRON,19.49,0,0,1
Séranvillers-Forenville,LE PEN,37.6,1,1,1
Séranvillers-Forenville,MACRON,19.2,0,0,1
Thun-l'Evêque,LE PEN,38.02,1,1,1
Thun-l'Evêque,MACRON,28.35,0,1,0
Thun-Saint-Martin,LE PEN,38.23,1,1,1
Thun-Saint-Martin,MACRON,29.05,0,1,0
Tilloy-lez-Cambrai,MACRON,36.0,1,1,1
Tilloy-lez-Cambrai,LE PEN,28.44,0,1,0
Troisvilles,LE PEN,47.17,1,1,1
Troisvilles,MACRON,16.04,0,0,1
Villers-Guislain,LE PEN,52.56,1,1,1
Villers-Guislain,MACRON,18.6,0,0,1
Villers-Outréaux,LE PEN,41.52,1,1,1
Villers-Outréaux,MACRON,24.0,0,0,1
Villers-Plouich,LE PEN,40.6,1,1,1
Villers-Plouich,MACRON,23.93,0,0,1
Walincourt-Selvigny,LE PEN,45.23,1,1,1
Walincourt-Selvigny,MACRON,22.47,0,0,1
Abscon,LE PEN,49.04,1,1,1
Abscon,MACRON,18.0,0,0,1
Artres,LE PEN,31.18,1,1,1
Artres,MACRON,29.62,0,1,0
Aulnoy-lez-Valenciennes,LE PEN,35.68,1,1,1
Aulnoy-lez-Valenciennes,MACRON,21.73,0,0,1
Avesnes-le-Sec,LE PEN,45.29,1,1,1
Avesnes-le-Sec,MACRON,20.65,0,0,1
Bouchain,LE PEN,46.82,1,1,1
Bouchain,MACRON,17.52,0,0,1
Denain,LE PEN,41.67,1,1,1
Denain,MÉLENCHON,28.59,0,0,1
Douchy-les-Mines,LE PEN,44.63,1,1,1
Douchy-les-Mines,MÉLENCHON,24.4,0,0,1
Emerchicourt,LE PEN,42.24,1,1,1
Emerchicourt,MÉLENCHON,16.31,0,0,1
Escaudain,LE PEN,46.39,1,1,1
Escaudain,MÉLENCHON,21.16,0,0,1
Famars,MACRON,33.92,1,1,1
Famars,LE PEN,24.83,0,0,1
Haspres,LE PEN,43.03,1,1,1
Haspres,MACRON,20.26,0,0,1
Haulchin,LE PEN,44.65,1,1,1
Haulchin,MÉLENCHON,18.12,0,0,1
Haveluy,LE PEN,44.82,1,1,1
Haveluy,MÉLENCHON,25.65,0,0,1
Hélesmes,LE PEN,44.66,1,1,1
Hélesmes,MACRON,20.22,0,0,1
Hérin,LE PEN,42.68,1,1,1
Hérin,MACRON,18.79,0,0,1
Hordain,LE PEN,46.25,1,1,1
Hordain,MACRON,18.34,0,0,1
Lieu-Saint-Amand,LE PEN,46.84,1,1,1
Lieu-Saint-Amand,MACRON,17.72,0,0,1
Lourches,LE PEN,44.21,1,1,1
Lourches,MÉLENCHON,28.94,0,1,0
Maing,LE PEN,31.9,1,1,1
Maing,MACRON,24.83,0,0,1
Marquette-en-Ostrevant,LE PEN,48.77,1,1,1
Marquette-en-Ostrevant,MACRON,18.89,0,0,1
Mastaing,LE PEN,44.14,1,1,1
Mastaing,MACRON,23.24,0,0,1
Monchaux-sur-Ecaillon,LE PEN,34.85,1,1,1
Monchaux-sur-Ecaillon,MACRON,31.06,0,1,0
Neuville-sur-Escaut,LE PEN,45.58,1,1,1
Neuville-sur-Escaut,MACRON,15.67,0,0,1
Noyelles-sur-Selle,LE PEN,46.55,1,1,1
Noyelles-sur-Selle,MACRON,15.6,0,0,1
Oisy,LE PEN,34.32,1,1,1
Oisy,MACRON,26.49,0,1,0
Prouvy,LE PEN,38.65,1,1,1
Prouvy,MACRON,19.01,0,0,1
Quérénaing,LE PEN,29.47,1,1,1
Quérénaing,MACRON,28.71,0,1,0
Roeulx,LE PEN,46.27,1,1,1
Roeulx,MACRON,15.37,0,0,1
Rouvignies,LE PEN,41.71,1,1,1
Rouvignies,MÉLENCHON,19.52,0,0,1
La Sentinelle,LE PEN,41.84,1,1,1
La Sentinelle,MÉLENCHON,20.44,0,0,1
Thiant,LE PEN,42.32,1,1,1
Thiant,MACRON,18.55,0,0,1
Trith-Saint-Léger,LE PEN,42.55,1,1,1
Trith-Saint-Léger,MÉLENCHON,20.46,0,0,1
Verchain-Maugré,LE PEN,42.31,1,1,1
Verchain-Maugré,MACRON,21.55,0,0,1
Wasnes-au-Bac,LE PEN,40.58,1,1,1
Wasnes-au-Bac,MACRON,28.8,0,1,0
Wavrechain-sous-Denain,LE PEN,49.54,1,1,1
Wavrechain-sous-Denain,MÉLENCHON,19.48,0,0,1
Wavrechain-sous-Faulx,LE PEN,40.87,1,1,1
Wavrechain-sous-Faulx,MACRON,21.03,0,0,1
Anzin,LE PEN,40.11,1,1,1
Anzin,MÉLENCHON,22.94,0,0,1
Beuvrages,LE PEN,37.71,1,1,1
Beuvrages,MÉLENCHON,26.87,0,0,1
Bousignies,MACRON,31.1,1,1,1
Bousignies,LE PEN,24.88,0,0,1
Brillon,MACRON,28.87,1,1,1
Brillon,LE PEN,24.06,0,0,1
Bruay-sur-l'Escaut,LE PEN,46.63,1,1,1
Bruay-sur-l'Escaut,MÉLENCHON,18.97,0,0,1
Bruille-Saint-Amand,LE PEN,34.82,1,1,1
Bruille-Saint-Amand,MACRON,20.28,0,0,1
Château-l'Abbaye,LE PEN,28.57,1,1,1
Château-l'Abbaye,MACRON,24.66,0,0,1
Escautpont,LE PEN,45.91,1,1,1
Escautpont,MACRON,16.08,0,0,1
Flines-lès-Mortagne,LE PEN,32.09,1,1,1
Flines-lès-Mortagne,MACRON,23.88,0,0,1
Fresnes-sur-Escaut,LE PEN,44.6,1,1,1
Fresnes-sur-Escaut,MACRON,16.26,0,0,1
Hasnon,LE PEN,31.21,1,1,1
Hasnon,MACRON,21.8,0,0,1
Hergnies,LE PEN,38.04,1,1,1
Hergnies,MACRON,21.66,0,0,1
Lecelles,MACRON,31.34,1,1,1
Lecelles,LE PEN,25.96,0,0,1
Maulde,LE PEN,31.55,1,1,1
Maulde,ROUSSEL,22.28,0,0,1
Millonfosse,MACRON,28.38,1,1,1
Millonfosse,LE PEN,28.15,0,1,0
Mortagne-du-Nord,LE PEN,39.89,1,1,1
Mortagne-du-Nord,ROUSSEL,17.13,0,0,1
Nivelle,LE PEN,29.67,1,1,1
Nivelle,MACRON,25.09,0,0,1
Odomez,LE PEN,36.4,1,1,1
Odomez,MACRON,17.98,0,0,1
Raismes,LE PEN,39.69,1,1,1
Raismes,MÉLENCHON,18.62,0,0,1
Rosult,MACRON,30.97,1,1,1
Rosult,LE PEN,23.8,0,0,1
Rumegies,LE PEN,31.65,1,1,1
Rumegies,MACRON,28.98,0,1,0
Saint-Amand-les-Eaux,LE PEN,28.24,1,1,1
Saint-Amand-les-Eaux,ROUSSEL,20.71,0,0,1
Sars-et-Rosières,MACRON,33.97,1,1,1
Sars-et-Rosières,LE PEN,25.12,0,0,1
Thun-Saint-Amand,LE PEN,30.45,1,1,1
Thun-Saint-Amand,MACRON,21.45,0,0,1
Vicq,LE PEN,42.88,1,1,1
Vicq,MÉLENCHON,18.56,0,0,1
Vieux-Condé,LE PEN,42.76,1,1,1
Vieux-Condé,MÉLENCHON,20.51,0,0,1
Aubry-du-Hainaut,MACRON,34.4,1,1,1
Aubry-du-Hainaut,LE PEN,27.6,0,1,0
Bellaing,LE PEN,36.12,1,1,1
Bellaing,MACRON,24.04,0,0,1
Condé-sur-l'Escaut,LE PEN,36.3,1,1,1
Condé-sur-l'Escaut,MÉLENCHON,28.1,0,0,1
Crespin,LE PEN,42.16,1,1,1
Crespin,MÉLENCHON,20.61,0,0,1
Curgies,MACRON,33.5,1,1,1
Curgies,LE PEN,28.78,0,1,0
Estreux,MACRON,33.66,1,1,1
Estreux,LE PEN,23.83,0,0,1
Marly,LE PEN,29.33,1,1,1
Marly,MÉLENCHON,23.42,0,0,1
Onnaing,LE PEN,40.21,1,1,1
Onnaing,MÉLENCHON,18.9,0,0,1
Petite-Forêt,LE PEN,40.6,1,1,1
Petite-Forêt,MACRON,18.7,0,0,1
Préseau,LE PEN,29.86,1,1,1
Préseau,MACRON,28.4,0,1,0
Quarouble,LE PEN,41.01,1,1,1
Quarouble,MACRON,19.88,0,0,1
Quiévrechain,LE PEN,38.32,1,1,1
Quiévrechain,MÉLENCHON,29.45,0,1,0
Rombies-et-Marchipont,LE PEN,39.22,1,1,1
Rombies-et-Marchipont,MACRON,24.08,0,0,1
Saint-Aybert,LE PEN,39.78,1,1,1
Saint-Aybert,MACRON,20.43,0,0,1
Saint-Saulve,LE PEN,30.04,1,1,1
Saint-Saulve,MACRON,28.45,0,1,0
Saultain,LE PEN,32.21,1,1,1
Saultain,MACRON,28.36,0,1,0
Sebourg,MACRON,32.33,1,1,1
Sebourg,LE PEN,22.78,0,0,1
Thivencelle,LE PEN,51.76,1,1,1
Thivencelle,MACRON,15.69,0,0,1
Valenciennes,MACRON,28.95,1,1,1
Valenciennes,LE PEN,24.9,0,0,1
Wallers,LE PEN,41.43,1,1,1
Wallers,MACRON,20.7,0,0,1
