commune,bloc_vainqueur,target_mc,target_label,prediction,prediction_label,correct
Faches-Thumesnil,GAUCHE,2,GAUCHE,0,CENTRE,0
Lille,GAUCHE,2,GAUCHE,2,GAUCHE,1
Loos,GAUCHE,2,GAUCHE,1,DROITE,0
Villeneuve-d'Ascq,GAUCHE,2,GAUCHE,2,GAUCHE,1
Lezennes,GAUCHE,2,GAUCHE,0,CENTRE,0
Mons-en-Baroeul,GAUCHE,2,GAUCHE,2,GAUCHE,1
Ronchin,GAUCHE,2,GAUCHE,0,CENTRE,0
Aibes,DROITE,1,DROITE,1,DROITE,1
Amfroipret,DROITE,1,DROITE,1,DROITE,1
Anor,DROITE,1,DROITE,1,DROITE,1
Assevent,DROITE,1,DROITE,1,DROITE,1
Audignies,DROITE,1,DROITE,1,DROITE,1
Avesnes-sur-Helpe,DROITE,1,DROITE,2,GAUCHE,0
Baives,DROITE,1,DROITE,1,DROITE,1
Bas-Lieu,DROITE,1,DROITE,1,DROITE,1
Bavay,DROITE,1,DROITE,1,DROITE,1
Beaurieux,DROITE,1,DROITE,1,DROITE,1
Bellignies,DROITE,1,DROITE,1,DROITE,1
Bérelles,DROITE,1,DROITE,1,DROITE,1
Bermeries,DROITE,1,DROITE,1,DROITE,1
Bersillies,CENTRE,0,CENTRE,1,DROITE,0
Bettignies,DROITE,1,DROITE,1,DROITE,1
Bettrechies,DROITE,1,DROITE,1,DROITE,1
Beugnies,DROITE,1,DROITE,1,DROITE,1
Bousignies-sur-Roc,DROITE,1,DROITE,1,DROITE,1
Boussois,DROITE,1,DROITE,1,DROITE,1
Cerfontaine,DROITE,1,DROITE,1,DROITE,1
Choisies,DROITE,1,DROITE,1,DROITE,1
Clairfayts,DROITE,1,DROITE,1,DROITE,1
Colleret,DROITE,1,DROITE,1,DROITE,1
Cousolre,DROITE,1,DROITE,1,DROITE,1
Damousies,DROITE,1,DROITE,1,DROITE,1
Dimechaux,DROITE,1,DROITE,1,DROITE,1
Dimont,CENTRE,0,CENTRE,1,DROITE,0
Dompierre-sur-Helpe,DROITE,1,DROITE,1,DROITE,1
Dourlers,DROITE,1,DROITE,1,DROITE,1
Eccles,DROITE,1,DROITE,1,DROITE,1
Elesmes,DROITE,1,DROITE,1,DROITE,1
Eppe-Sauvage,DROITE,1,DROITE,1,DROITE,1
Feignies,DROITE,1,DROITE,1,DROITE,1
Felleries,DROITE,1,DROITE,1,DROITE,1
Féron,CENTRE,0,CENTRE,1,DROITE,0
Ferrière-la-Grande,DROITE,1,DROITE,1,DROITE,1
Ferrière-la-Petite,DROITE,1,DROITE,1,DROITE,1
La Flamengrie,DROITE,1,DROITE,0,CENTRE,0
Flaumont-Waudrechies,DROITE,1,DROITE,1,DROITE,1
Floursies,DROITE,1,DROITE,0,CENTRE,0
Fourmies,DROITE,1,DROITE,2,GAUCHE,0
Glageon,DROITE,1,DROITE,1,DROITE,1
Gognies-Chaussée,DROITE,1,DROITE,1,DROITE,1
Gussignies,CENTRE,0,CENTRE,1,DROITE,0
Hestrud,DROITE,1,DROITE,1,DROITE,1
Hon-Hergies,DROITE,1,DROITE,1,DROITE,1
Houdain-lez-Bavay,DROITE,1,DROITE,1,DROITE,1
Jeumont,DROITE,1,DROITE,2,GAUCHE,0
Lez-Fontaine,CENTRE,0,CENTRE,1,DROITE,0
Liessies,DROITE,1,DROITE,1,DROITE,1
La Longueville,DROITE,1,DROITE,1,DROITE,1
Louvroil,GAUCHE,2,GAUCHE,2,GAUCHE,1
Mairieux,DROITE,1,DROITE,1,DROITE,1
Marpent,DROITE,1,DROITE,1,DROITE,1
Maubeuge,GAUCHE,2,GAUCHE,2,GAUCHE,1
Mecquignies,DROITE,1,DROITE,1,DROITE,1
Moustier-en-Fagne,GAUCHE,2,GAUCHE,0,CENTRE,0
Obies,CENTRE,0,CENTRE,1,DROITE,0
Obrechies,DROITE,1,DROITE,1,DROITE,1
Ohain,DROITE,1,DROITE,1,DROITE,1
Quiévelon,DROITE,1,DROITE,1,DROITE,1
Ramousies,DROITE,1,DROITE,1,DROITE,1
Recquignies,DROITE,1,DROITE,1,DROITE,1
Rousies,DROITE,1,DROITE,1,DROITE,1
Saint-Aubin,DROITE,1,DROITE,1,DROITE,1
Saint-Hilaire-sur-Helpe,DROITE,1,DROITE,1,DROITE,1
Saint-Waast,DROITE,1,DROITE,1,DROITE,1
Sars-Poteries,DROITE,1,DROITE,1,DROITE,1
Sémeries,DROITE,1,DROITE,1,DROITE,1
Semousies,DROITE,1,DROITE,1,DROITE,1
Solre-le-Château,DROITE,1,DROITE,1,DROITE,1
Solrinnes,DROITE,1,DROITE,1,DROITE,1
Taisnières-en-Thiérache,DROITE,1,DROITE,1,DROITE,1
Taisnières-sur-Hon,DROITE,1,DROITE,1,DROITE,1
Trélon,DROITE,1,DROITE,1,DROITE,1
Vieux-Reng,DROITE,1,DROITE,1,DROITE,1
Villers-Sire-Nicole,DROITE,1,DROITE,1,DROITE,1
Wallers-en-Fagne,DROITE,1,DROITE,1,DROITE,1
Wattignies-la-Victoire,CENTRE,0,CENTRE,1,DROITE,0
Wignehies,DROITE,1,DROITE,1,DROITE,1
Willies,DROITE,1,DROITE,1,DROITE,1
Comines,DROITE,1,DROITE,1,DROITE,1
Deûlémont,CENTRE,0,CENTRE,1,DROITE,0
Lambersart,CENTRE,0,CENTRE,0,CENTRE,1
Lompret,CENTRE,0,CENTRE,0,CENTRE,1
La Madeleine,CENTRE,0,CENTRE,0,CENTRE,1
Marquette-lez-Lille,CENTRE,0,CENTRE,0,CENTRE,1
Pérenchies,CENTRE,0,CENTRE,1,DROITE,0
Quesnoy-sur-Deûle,CENTRE,0,CENTRE,0,CENTRE,1
Saint-André-lez-Lille,CENTRE,0,CENTRE,0,CENTRE,1
Verlinghem,CENTRE,0,CENTRE,0,CENTRE,1
Wambrechies,CENTRE,0,CENTRE,0,CENTRE,1
Warneton,CENTRE,0,CENTRE,1,DROITE,0
Wervicq-Sud,CENTRE,0,CENTRE,1,DROITE,0
Allennes-les-Marais,DROITE,1,DROITE,1,DROITE,1
Annoeullin,DROITE,1,DROITE,1,DROITE,1
Aubers,CENTRE,0,CENTRE,0,CENTRE,1
La Bassée,DROITE,1,DROITE,1,DROITE,1
Bauvin,DROITE,1,DROITE,1,DROITE,1
Camphin-en-Carembault,CENTRE,0,CENTRE,0,CENTRE,1
Carnin,CENTRE,0,CENTRE,0,CENTRE,1
Chemy,CENTRE,0,CENTRE,0,CENTRE,1
Emmerin,CENTRE,0,CENTRE,0,CENTRE,1
Fournes-en-Weppes,CENTRE,0,CENTRE,0,CENTRE,1
Fromelles,CENTRE,0,CENTRE,0,CENTRE,1
Gondecourt,CENTRE,0,CENTRE,0,CENTRE,1
Hantay,CENTRE,0,CENTRE,0,CENTRE,1
Haubourdin,DROITE,1,DROITE,1,DROITE,1
Herlies,CENTRE,0,CENTRE,0,CENTRE,1
Herrin,CENTRE,0,CENTRE,0,CENTRE,1
Houplin-Ancoisne,CENTRE,0,CENTRE,0,CENTRE,1
Illies,DROITE,1,DROITE,0,CENTRE,0
Lesquin,CENTRE,0,CENTRE,0,CENTRE,1
Marquillies,CENTRE,0,CENTRE,0,CENTRE,1
Noyelles-lès-Seclin,CENTRE,0,CENTRE,0,CENTRE,1
Provin,DROITE,1,DROITE,1,DROITE,1
Sainghin-en-Weppes,CENTRE,0,CENTRE,1,DROITE,0
Salomé,DROITE,1,DROITE,1,DROITE,1
Santes,CENTRE,0,CENTRE,0,CENTRE,1
Seclin,DROITE,1,DROITE,2,GAUCHE,0
Templemars,CENTRE,0,CENTRE,0,CENTRE,1
Vendeville,CENTRE,0,CENTRE,0,CENTRE,1
Wattignies,CENTRE,0,CENTRE,0,CENTRE,1
Wavrin,DROITE,1,DROITE,1,DROITE,1
Wicres,CENTRE,0,CENTRE,0,CENTRE,1
Don,CENTRE,0,CENTRE,1,DROITE,0
Aix,CENTRE,0,CENTRE,0,CENTRE,1
Anstaing,CENTRE,0,CENTRE,0,CENTRE,1
Attiches,CENTRE,0,CENTRE,0,CENTRE,1
Auchy-lez-Orchies,CENTRE,0,CENTRE,0,CENTRE,1
Avelin,CENTRE,0,CENTRE,0,CENTRE,1
Bachy,CENTRE,0,CENTRE,0,CENTRE,1
Baisieux,CENTRE,0,CENTRE,0,CENTRE,1
Bersée,CENTRE,0,CENTRE,0,CENTRE,1
Beuvry-la-Forêt,DROITE,1,DROITE,0,CENTRE,0
Bourghelles,CENTRE,0,CENTRE,0,CENTRE,1
Bouvines,CENTRE,0,CENTRE,0,CENTRE,1
Camphin-en-Pévèle,CENTRE,0,CENTRE,0,CENTRE,1
Cappelle-en-Pévèle,CENTRE,0,CENTRE,0,CENTRE,1
Chéreng,CENTRE,0,CENTRE,0,CENTRE,1
Cobrieux,CENTRE,0,CENTRE,0,CENTRE,1
Coutiches,CENTRE,0,CENTRE,0,CENTRE,1
Cysoing,CENTRE,0,CENTRE,0,CENTRE,1
Ennevelin,CENTRE,0,CENTRE,0,CENTRE,1
Faumont,CENTRE,0,CENTRE,0,CENTRE,1
Forest-sur-Marque,CENTRE,0,CENTRE,0,CENTRE,1
Fretin,CENTRE,0,CENTRE,0,CENTRE,1
Genech,CENTRE,0,CENTRE,0,CENTRE,1
Gruson,CENTRE,0,CENTRE,0,CENTRE,1
Landas,CENTRE,0,CENTRE,0,CENTRE,1
Louvil,CENTRE,0,CENTRE,0,CENTRE,1
Mérignies,CENTRE,0,CENTRE,0,CENTRE,1
Moncheaux,CENTRE,0,CENTRE,0,CENTRE,1
Mons-en-Pévèle,CENTRE,0,CENTRE,0,CENTRE,1
Mouchin,CENTRE,0,CENTRE,0,CENTRE,1
La Neuville,CENTRE,0,CENTRE,0,CENTRE,1
Nomain,CENTRE,0,CENTRE,0,CENTRE,1
Orchies,DROITE,1,DROITE,2,GAUCHE,0
Ostricourt,DROITE,1,DROITE,1,DROITE,1
Péronne-en-Mélantois,CENTRE,0,CENTRE,0,CENTRE,1
Phalempin,CENTRE,0,CENTRE,0,CENTRE,1
Pont-à-Marcq,CENTRE,0,CENTRE,0,CENTRE,1
Sailly-lez-Lannoy,CENTRE,0,CENTRE,0,CENTRE,1
Sainghin-en-Mélantois,CENTRE,0,CENTRE,0,CENTRE,1
Saméon,CENTRE,0,CENTRE,0,CENTRE,1
Templeuve-en-Pévèle,CENTRE,0,CENTRE,0,CENTRE,1
Thumeries,DROITE,1,DROITE,0,CENTRE,0
Tourmignies,CENTRE,0,CENTRE,0,CENTRE,1
Tressin,CENTRE,0,CENTRE,0,CENTRE,1
Wahagnies,DROITE,1,DROITE,1,DROITE,1
Wannehain,CENTRE,0,CENTRE,0,CENTRE,1
Willems,CENTRE,0,CENTRE,0,CENTRE,1
Croix,CENTRE,0,CENTRE,0,CENTRE,1
Hem,CENTRE,0,CENTRE,0,CENTRE,1
Lannoy,CENTRE,0,CENTRE,1,DROITE,0
Leers,CENTRE,0,CENTRE,1,DROITE,0
Lys-lez-Lannoy,CENTRE,0,CENTRE,1,DROITE,0
Roubaix,GAUCHE,2,GAUCHE,2,GAUCHE,1
Toufflers,CENTRE,0,CENTRE,1,DROITE,0
Wasquehal,CENTRE,0,CENTRE,0,CENTRE,1
Wattrelos,DROITE,1,DROITE,2,GAUCHE,0
Bondues,CENTRE,0,CENTRE,0,CENTRE,1
Marcq-en-Baroeul,CENTRE,0,CENTRE,0,CENTRE,1
Mouvaux,CENTRE,0,CENTRE,0,CENTRE,1
Tourcoing,GAUCHE,2,GAUCHE,2,GAUCHE,1
Bousbecque,CENTRE,0,CENTRE,1,DROITE,0
Halluin,DROITE,1,DROITE,1,DROITE,1
Linselles,CENTRE,0,CENTRE,0,CENTRE,1
Neuville-en-Ferrain,CENTRE,0,CENTRE,1,DROITE,0
Roncq,CENTRE,0,CENTRE,0,CENTRE,1
Armentières,DROITE,1,DROITE,2,GAUCHE,0
Beaucamps-Ligny,CENTRE,0,CENTRE,0,CENTRE,1
Bois-Grenier,CENTRE,0,CENTRE,0,CENTRE,1
Capinghem,CENTRE,0,CENTRE,0,CENTRE,1
La Chapelle-d'Armentières,CENTRE,0,CENTRE,1,DROITE,0
Englos,CENTRE,0,CENTRE,2,GAUCHE,0
Ennetières-en-Weppes,CENTRE,0,CENTRE,0,CENTRE,1
Erquinghem-le-Sec,CENTRE,0,CENTRE,0,CENTRE,1
Erquinghem-Lys,CENTRE,0,CENTRE,1,DROITE,0
Escobecques,CENTRE,0,CENTRE,0,CENTRE,1
Frelinghien,CENTRE,0,CENTRE,1,DROITE,0
Hallennes-lez-Haubourdin,DROITE,1,DROITE,0,CENTRE,0
Houplines,DROITE,1,DROITE,1,DROITE,1
Le Maisnil,CENTRE,0,CENTRE,0,CENTRE,1
Prémesques,CENTRE,0,CENTRE,0,CENTRE,1
Radinghem-en-Weppes,CENTRE,0,CENTRE,0,CENTRE,1
Sequedin,CENTRE,0,CENTRE,1,DROITE,0
Aulnoye-Aymeries,DROITE,1,DROITE,2,GAUCHE,0
Avesnelles,DROITE,1,DROITE,1,DROITE,1
Avesnes-les-Aubert,DROITE,1,DROITE,1,DROITE,1
Bachant,DROITE,1,DROITE,1,DROITE,1
Beaudignies,DROITE,1,DROITE,1,DROITE,1
Beaufort,DROITE,1,DROITE,1,DROITE,1
Beaurain,DROITE,1,DROITE,1,DROITE,1
Beaurepaire-sur-Sambre,DROITE,1,DROITE,1,DROITE,1
Beauvois-en-Cambrésis,DROITE,1,DROITE,1,DROITE,1
Berlaimont,DROITE,1,DROITE,1,DROITE,1
Bermerain,DROITE,1,DROITE,1,DROITE,1
Béthencourt,DROITE,1,DROITE,1,DROITE,1
Bévillers,DROITE,1,DROITE,1,DROITE,1
Boulogne-sur-Helpe,CENTRE,0,CENTRE,1,DROITE,0
Bousies,DROITE,1,DROITE,1,DROITE,1
Boussières-en-Cambrésis,DROITE,1,DROITE,1,DROITE,1
Boussières-sur-Sambre,DROITE,1,DROITE,1,DROITE,1
Briastre,DROITE,1,DROITE,1,DROITE,1
Bry,CENTRE,0,CENTRE,0,CENTRE,1
Capelle,CENTRE,0,CENTRE,1,DROITE,0
Carnières,DROITE,1,DROITE,1,DROITE,1
Cartignies,DROITE,1,DROITE,1,DROITE,1
Cattenières,DROITE,1,DROITE,1,DROITE,1
Croix-Caluyau,DROITE,1,DROITE,1,DROITE,1
Eclaibes,CENTRE,0,CENTRE,1,DROITE,0
Ecuélin,DROITE,1,DROITE,1,DROITE,1
Englefontaine,DROITE,1,DROITE,1,DROITE,1
Escarmain,DROITE,1,DROITE,1,DROITE,1
Estourmel,DROITE,1,DROITE,1,DROITE,1
Eth,DROITE,1,DROITE,0,CENTRE,0
Etroeungt,DROITE,1,DROITE,1,DROITE,1
Le Favril,DROITE,1,DROITE,1,DROITE,1
Floyon,DROITE,1,DROITE,1,DROITE,1
Fontaine-au-Bois,DROITE,1,DROITE,1,DROITE,1
Fontaine-au-Pire,DROITE,1,DROITE,1,DROITE,1
Forest-en-Cambrésis,DROITE,1,DROITE,1,DROITE,1
Frasnoy,DROITE,1,DROITE,0,CENTRE,0
Ghissignies,CENTRE,0,CENTRE,0,CENTRE,1
Gommegnies,DROITE,1,DROITE,1,DROITE,1
Grand-Fayt,DROITE,1,DROITE,1,DROITE,1
Hargnies,DROITE,1,DROITE,0,CENTRE,0
Haussy,DROITE,1,DROITE,1,DROITE,1
Haut-Lieu,DROITE,1,DROITE,1,DROITE,1
Hautmont,DROITE,1,DROITE,2,GAUCHE,0
Hecq,DROITE,1,DROITE,1,DROITE,1
Jenlain,CENTRE,0,CENTRE,0,CENTRE,1
Jolimetz,CENTRE,0,CENTRE,0,CENTRE,1
Landrecies,DROITE,1,DROITE,1,DROITE,1
Larouillies,DROITE,1,DROITE,1,DROITE,1
Leval,DROITE,1,DROITE,1,DROITE,1
Limont-Fontaine,DROITE,1,DROITE,1,DROITE,1
Locquignol,DROITE,1,DROITE,1,DROITE,1
Louvignies-Quesnoy,DROITE,1,DROITE,1,DROITE,1
Marbaix,DROITE,1,DROITE,1,DROITE,1
Maresches,CENTRE,0,CENTRE,1,DROITE,0
Maroilles,DROITE,1,DROITE,1,DROITE,1
Monceau-Saint-Waast,DROITE,1,DROITE,1,DROITE,1
Montrécourt,DROITE,1,DROITE,1,DROITE,1
Neuf-Mesnil,DROITE,1,DROITE,1,DROITE,1
Neuville-en-Avesnois,DROITE,1,DROITE,1,DROITE,1
Noyelles-sur-Sambre,DROITE,1,DROITE,1,DROITE,1
Orsinval,CENTRE,0,CENTRE,0,CENTRE,1
Petit-Fayt,DROITE,1,DROITE,1,DROITE,1
Poix-du-Nord,DROITE,1,DROITE,1,DROITE,1
Pont-sur-Sambre,DROITE,1,DROITE,1,DROITE,1
Potelle,CENTRE,0,CENTRE,0,CENTRE,1
Preux-au-Bois,DROITE,1,DROITE,1,DROITE,1
Preux-au-Sart,DROITE,1,DROITE,0,CENTRE,0
Prisches,DROITE,1,DROITE,1,DROITE,1
Le Quesnoy,DROITE,1,DROITE,1,DROITE,1
Quiévy,DROITE,1,DROITE,1,DROITE,1
Rainsars,DROITE,1,DROITE,1,DROITE,1
Raucourt-au-Bois,DROITE,1,DROITE,1,DROITE,1
Rieux-en-Cambrésis,DROITE,1,DROITE,1,DROITE,1
Robersart,DROITE,1,DROITE,0,CENTRE,0
Romeries,DROITE,1,DROITE,1,DROITE,1
Ruesnes,DROITE,1,DROITE,1,DROITE,1
Sains-du-Nord,DROITE,1,DROITE,1,DROITE,1
Saint-Aubert,DROITE,1,DROITE,1,DROITE,1
Saint-Hilaire-lez-Cambrai,DROITE,1,DROITE,1,DROITE,1
Saint-Martin-sur-Ecaillon,CENTRE,0,CENTRE,1,DROITE,0
Saint-Python,DROITE,1,DROITE,1,DROITE,1
Saint-Remy-Chaussée,DROITE,1,DROITE,1,DROITE,1
Saint-Remy-du-Nord,DROITE,1,DROITE,1,DROITE,1
Saint-Vaast-en-Cambrésis,DROITE,1,DROITE,1,DROITE,1
Salesches,DROITE,1,DROITE,1,DROITE,1
Sassegnies,DROITE,1,DROITE,1,DROITE,1
Saulzoir,DROITE,1,DROITE,1,DROITE,1
Sepmeries,DROITE,1,DROITE,1,DROITE,1
Solesmes,DROITE,1,DROITE,1,DROITE,1
Sommaing,DROITE,1,DROITE,0,CENTRE,0
Vendegies-au-Bois,DROITE,1,DROITE,1,DROITE,1
Vendegies-sur-Ecaillon,DROITE,1,DROITE,1,DROITE,1
Vertain,DROITE,1,DROITE,1,DROITE,1
Viesly,DROITE,1,DROITE,1,DROITE,1
Vieux-Mesnil,DROITE,1,DROITE,1,DROITE,1
Villereau,DROITE,1,DROITE,1,DROITE,1
Villers-en-Cauchies,DROITE,1,DROITE,1,DROITE,1
Villers-Pol,CENTRE,0,CENTRE,0,CENTRE,1
Wambaix,DROITE,1,DROITE,0,CENTRE,0
Wargnies-le-Grand,DROITE,1,DROITE,0,CENTRE,0
Wargnies-le-Petit,DROITE,1,DROITE,0,CENTRE,0
Cappelle-la-Grande,DROITE,1,DROITE,1,DROITE,1
Coudekerque-Branche,DROITE,1,DROITE,1,DROITE,1
Dunkerque,DROITE,1,DROITE,2,GAUCHE,0
Grande-Synthe,GAUCHE,2,GAUCHE,2,GAUCHE,1
Téteghem-Coudekerque-Village,CENTRE,0,CENTRE,0,CENTRE,1
Armbouts-Cappel,DROITE,1,DROITE,1,DROITE,1
Bambecque,DROITE,1,DROITE,1,DROITE,1
Bergues,DROITE,1,DROITE,1,DROITE,1
Bierne,DROITE,1,DROITE,1,DROITE,1
Bissezeele,DROITE,1,DROITE,0,CENTRE,0
Bollezeele,DROITE,1,DROITE,1,DROITE,1
Bourbourg,DROITE,1,DROITE,1,DROITE,1
Bray-Dunes,DROITE,1,DROITE,1,DROITE,1
Brouckerque,DROITE,1,DROITE,1,DROITE,1
Broxeele,DROITE,1,DROITE,1,DROITE,1
Cappelle-Brouck,DROITE,1,DROITE,1,DROITE,1
Craywick,DROITE,1,DROITE,1,DROITE,1
Crochte,CENTRE,0,CENTRE,1,DROITE,0
Drincham,DROITE,1,DROITE,1,DROITE,1
Eringhem,DROITE,1,DROITE,1,DROITE,1
Esquelbecq,CENTRE,0,CENTRE,1,DROITE,0
Ghyvelde,DROITE,1,DROITE,1,DROITE,1
Grand-Fort-Philippe,DROITE,1,DROITE,1,DROITE,1
Gravelines,DROITE,1,DROITE,1,DROITE,1
Herzeele,DROITE,1,DROITE,1,DROITE,1
Holque,DROITE,1,DROITE,1,DROITE,1
Hondschoote,DROITE,1,DROITE,1,DROITE,1
Hoymille,DROITE,1,DROITE,1,DROITE,1
Killem,DROITE,1,DROITE,1,DROITE,1
Lederzeele,DROITE,1,DROITE,1,DROITE,1
Ledringhem,DROITE,1,DROITE,1,DROITE,1
Leffrinckoucke,CENTRE,0,CENTRE,1,DROITE,0
Looberghe,DROITE,1,DROITE,1,DROITE,1
Loon-Plage,DROITE,1,DROITE,1,DROITE,1
Merckeghem,DROITE,1,DROITE,1,DROITE,1
Millam,DROITE,1,DROITE,1,DROITE,1
Nieurlet,DROITE,1,DROITE,1,DROITE,1
Oost-Cappel,DROITE,1,DROITE,1,DROITE,1
Pitgam,DROITE,1,DROITE,1,DROITE,1
Quaëdypre,DROITE,1,DROITE,1,DROITE,1
Rexpoëde,DROITE,1,DROITE,1,DROITE,1
Saint-Georges-sur-l'Aa,DROITE,1,DROITE,1,DROITE,1
Saint-Momelin,DROITE,1,DROITE,1,DROITE,1
Saint-Pierre-Brouck,DROITE,1,DROITE,1,DROITE,1
Socx,CENTRE,0,CENTRE,0,CENTRE,1
Spycker,DROITE,1,DROITE,1,DROITE,1
Steene,DROITE,1,DROITE,1,DROITE,1
Uxem,CENTRE,0,CENTRE,0,CENTRE,1
Volckerinckhove,DROITE,1,DROITE,1,DROITE,1
Warhem,DROITE,1,DROITE,1,DROITE,1
Watten,DROITE,1,DROITE,1,DROITE,1
West-Cappel,DROITE,1,DROITE,1,DROITE,1
Wormhout,DROITE,1,DROITE,1,DROITE,1
Wulverdinghe,DROITE,1,DROITE,1,DROITE,1
Wylder,DROITE,1,DROITE,1,DROITE,1
Zegerscappel,DROITE,1,DROITE,1,DROITE,1
Zuydcoote,CENTRE,0,CENTRE,1,DROITE,0
Arnèke,DROITE,1,DROITE,1,DROITE,1
Bailleul,DROITE,1,DROITE,1,DROITE,1
Bavinchove,DROITE,1,DROITE,1,DROITE,1
Berthen,CENTRE,0,CENTRE,1,DROITE,0
Blaringhem,DROITE,1,DROITE,1,DROITE,1
Boeschepe,DROITE,1,DROITE,1,DROITE,1
Boëseghem,DROITE,1,DROITE,1,DROITE,1
Borre,CENTRE,0,CENTRE,1,DROITE,0
Buysscheure,DROITE,1,DROITE,1,DROITE,1
Caëstre,DROITE,1,DROITE,1,DROITE,1
Cassel,CENTRE,0,CENTRE,1,DROITE,0
Le Doulieu,CENTRE,0,CENTRE,0,CENTRE,1
Ebblinghem,DROITE,1,DROITE,1,DROITE,1
Eecke,DROITE,1,DROITE,0,CENTRE,0
Estaires,DROITE,1,DROITE,1,DROITE,1
Flêtre,DROITE,1,DROITE,0,CENTRE,0
Godewaersvelde,DROITE,1,DROITE,1,DROITE,1
La Gorgue,DROITE,1,DROITE,1,DROITE,1
Hardifort,DROITE,1,DROITE,1,DROITE,1
Haverskerque,DROITE,1,DROITE,1,DROITE,1
Hazebrouck,DROITE,1,DROITE,1,DROITE,1
Hondeghem,CENTRE,0,CENTRE,1,DROITE,0
Houtkerque,DROITE,1,DROITE,1,DROITE,1
Lynde,DROITE,1,DROITE,1,DROITE,1
Merris,CENTRE,0,CENTRE,1,DROITE,0
Merville,DROITE,1,DROITE,1,DROITE,1
Méteren,CENTRE,0,CENTRE,0,CENTRE,1
Morbecque,DROITE,1,DROITE,1,DROITE,1
Neuf-Berquin,DROITE,1,DROITE,1,DROITE,1
Nieppe,DROITE,1,DROITE,1,DROITE,1
Noordpeene,DROITE,1,DROITE,1,DROITE,1
Ochtezeele,DROITE,1,DROITE,1,DROITE,1
Oudezeele,DROITE,1,DROITE,1,DROITE,1
Oxelaëre,CENTRE,0,CENTRE,1,DROITE,0
Pradelles,DROITE,1,DROITE,0,CENTRE,0
Renescure,DROITE,1,DROITE,1,DROITE,1
Rubrouck,CENTRE,0,CENTRE,1,DROITE,0
Saint-Jans-Cappel,CENTRE,0,CENTRE,0,CENTRE,1
Sainte-Marie-Cappel,CENTRE,0,CENTRE,0,CENTRE,1
Saint-Sylvestre-Cappel,DROITE,1,DROITE,1,DROITE,1
Sercus,CENTRE,0,CENTRE,1,DROITE,0
Staple,CENTRE,0,CENTRE,1,DROITE,0
Steenbecque,DROITE,1,DROITE,1,DROITE,1
Steenvoorde,CENTRE,0,CENTRE,1,DROITE,0
Steenwerck,CENTRE,0,CENTRE,1,DROITE,0
Strazeele,DROITE,1,DROITE,1,DROITE,1
Terdeghem,CENTRE,0,CENTRE,0,CENTRE,1
Thiennes,DROITE,1,DROITE,1,DROITE,1
Vieux-Berquin,DROITE,1,DROITE,1,DROITE,1
Wallon-Cappel,CENTRE,0,CENTRE,1,DROITE,0
Wemaers-Cappel,DROITE,1,DROITE,0,CENTRE,0
Winnezeele,DROITE,1,DROITE,1,DROITE,1
Zermezeele,DROITE,1,DROITE,1,DROITE,1
Zuytpeene,DROITE,1,DROITE,1,DROITE,1
Anhiers,DROITE,1,DROITE,1,DROITE,1
Aniche,DROITE,1,DROITE,2,GAUCHE,0
Auberchicourt,DROITE,1,DROITE,1,DROITE,1
Bouvignies,CENTRE,0,CENTRE,0,CENTRE,1
Bruille-lez-Marchiennes,DROITE,1,DROITE,1,DROITE,1
Dechy,DROITE,1,DROITE,1,DROITE,1
Ecaillon,DROITE,1,DROITE,1,DROITE,1
Erre,DROITE,1,DROITE,1,DROITE,1
Fenain,DROITE,1,DROITE,1,DROITE,1
Flines-lez-Raches,DROITE,1,DROITE,1,DROITE,1
Guesnain,DROITE,1,DROITE,1,DROITE,1
Hornaing,DROITE,1,DROITE,1,DROITE,1
Lallaing,DROITE,1,DROITE,1,DROITE,1
Lewarde,DROITE,1,DROITE,1,DROITE,1
Loffre,DROITE,1,DROITE,1,DROITE,1
Marchiennes,DROITE,1,DROITE,1,DROITE,1
Masny,DROITE,1,DROITE,1,DROITE,1
Montigny-en-Ostrevent,DROITE,1,DROITE,1,DROITE,1
Pecquencourt,DROITE,1,DROITE,1,DROITE,1
Rieulay,DROITE,1,DROITE,1,DROITE,1
Sin-le-Noble,DROITE,1,DROITE,2,GAUCHE,0
Somain,DROITE,1,DROITE,2,GAUCHE,0
Tilloy-lez-Marchiennes,CENTRE,0,CENTRE,0,CENTRE,1
Vred,DROITE,1,DROITE,1,DROITE,1
Wandignies-Hamage,DROITE,1,DROITE,0,CENTRE,0
Warlaing,CENTRE,0,CENTRE,0,CENTRE,1
Waziers,DROITE,1,DROITE,2,GAUCHE,0
Arleux,DROITE,1,DROITE,1,DROITE,1
Aubigny-au-Bac,DROITE,1,DROITE,1,DROITE,1
Auby,DROITE,1,DROITE,2,GAUCHE,0
Brunémont,DROITE,1,DROITE,1,DROITE,1
Bugnicourt,DROITE,1,DROITE,1,DROITE,1
Cantin,DROITE,1,DROITE,1,DROITE,1
Courchelettes,DROITE,1,DROITE,1,DROITE,1
Cuincy,DROITE,1,DROITE,1,DROITE,1
Douai,DROITE,1,DROITE,2,GAUCHE,0
Erchin,CENTRE,0,CENTRE,1,DROITE,0
Esquerchin,DROITE,1,DROITE,1,DROITE,1
Estrées,DROITE,1,DROITE,1,DROITE,1
Féchain,DROITE,1,DROITE,1,DROITE,1
Férin,DROITE,1,DROITE,1,DROITE,1
Flers-en-Escrebieux,DROITE,1,DROITE,1,DROITE,1
Fressain,DROITE,1,DROITE,1,DROITE,1
Goeulzin,DROITE,1,DROITE,1,DROITE,1
Hamel,DROITE,1,DROITE,1,DROITE,1
Lambres-lez-Douai,DROITE,1,DROITE,1,DROITE,1
Lauwin-Planque,DROITE,1,DROITE,1,DROITE,1
Lécluse,DROITE,1,DROITE,1,DROITE,1
Marcq-en-Ostrevent,DROITE,1,DROITE,1,DROITE,1
Monchecourt,DROITE,1,DROITE,1,DROITE,1
Râches,DROITE,1,DROITE,1,DROITE,1
Raimbeaucourt,DROITE,1,DROITE,1,DROITE,1
Roost-Warendin,DROITE,1,DROITE,1,DROITE,1
Roucourt,DROITE,1,DROITE,1,DROITE,1
Villers-au-Tertre,DROITE,1,DROITE,1,DROITE,1
Abancourt,DROITE,1,DROITE,0,CENTRE,0
Anneux,DROITE,1,DROITE,1,DROITE,1
Aubencheul-au-Bac,DROITE,1,DROITE,1,DROITE,1
Awoingt,DROITE,1,DROITE,0,CENTRE,0
Banteux,DROITE,1,DROITE,1,DROITE,1
Bantigny,DROITE,1,DROITE,1,DROITE,1
Bantouzelle,DROITE,1,DROITE,1,DROITE,1
Bazuel,DROITE,1,DROITE,1,DROITE,1
Beaumont-en-Cambrésis,DROITE,1,DROITE,1,DROITE,1
Bertry,DROITE,1,DROITE,1,DROITE,1
Blécourt,DROITE,1,DROITE,1,DROITE,1
Boursies,DROITE,1,DROITE,1,DROITE,1
Busigny,DROITE,1,DROITE,1,DROITE,1
Cagnoncles,DROITE,1,DROITE,1,DROITE,1
Cambrai,DROITE,1,DROITE,2,GAUCHE,0
Cantaing-sur-Escaut,DROITE,1,DROITE,1,DROITE,1
Le Cateau-Cambrésis,DROITE,1,DROITE,2,GAUCHE,0
Catillon-sur-Sambre,DROITE,1,DROITE,1,DROITE,1
Caudry,DROITE,1,DROITE,2,GAUCHE,0
Caullery,DROITE,1,DROITE,1,DROITE,1
Cauroir,DROITE,1,DROITE,1,DROITE,1
Clary,DROITE,1,DROITE,1,DROITE,1
Crèvecoeur-sur-l'Escaut,DROITE,1,DROITE,1,DROITE,1
Cuvillers,DROITE,1,DROITE,1,DROITE,1
Dehéries,CENTRE,0,CENTRE,1,DROITE,0
Doignies,DROITE,1,DROITE,1,DROITE,1
Elincourt,DROITE,1,DROITE,1,DROITE,1
Escaudoeuvres,DROITE,1,DROITE,1,DROITE,1
Esnes,DROITE,1,DROITE,1,DROITE,1
Eswars,DROITE,1,DROITE,1,DROITE,1
Estrun,DROITE,1,DROITE,0,CENTRE,0
Flesquières,DROITE,1,DROITE,1,DROITE,1
Fontaine-Notre-Dame,DROITE,1,DROITE,1,DROITE,1
Fressies,DROITE,1,DROITE,1,DROITE,1
Gonnelieu,DROITE,1,DROITE,1,DROITE,1
Gouzeaucourt,DROITE,1,DROITE,1,DROITE,1
La Groise,DROITE,1,DROITE,1,DROITE,1
Haucourt-en-Cambrésis,DROITE,1,DROITE,1,DROITE,1
Haynecourt,DROITE,1,DROITE,1,DROITE,1
Hem-Lenglet,DROITE,1,DROITE,1,DROITE,1
Honnechy,DROITE,1,DROITE,1,DROITE,1
Honnecourt-sur-Escaut,DROITE,1,DROITE,1,DROITE,1
Inchy,DROITE,1,DROITE,1,DROITE,1
Iwuy,DROITE,1,DROITE,1,DROITE,1
Lesdain,DROITE,1,DROITE,1,DROITE,1
Ligny-en-Cambrésis,DROITE,1,DROITE,1,DROITE,1
Malincourt,DROITE,1,DROITE,1,DROITE,1
Marcoing,DROITE,1,DROITE,1,DROITE,1
Maretz,DROITE,1,DROITE,1,DROITE,1
Masnières,DROITE,1,DROITE,1,DROITE,1
Maurois,DROITE,1,DROITE,1,DROITE,1
Mazinghien,DROITE,1,DROITE,1,DROITE,1
Moeuvres,DROITE,1,DROITE,1,DROITE,1
Montay,DROITE,1,DROITE,1,DROITE,1
Montigny-en-Cambrésis,DROITE,1,DROITE,1,DROITE,1
Naves,DROITE,1,DROITE,1,DROITE,1
Neuville-Saint-Rémy,DROITE,1,DROITE,1,DROITE,1
Neuvilly,DROITE,1,DROITE,1,DROITE,1
Niergnies,CENTRE,0,CENTRE,1,DROITE,0
Noyelles-sur-Escaut,DROITE,1,DROITE,1,DROITE,1
Ors,DROITE,1,DROITE,1,DROITE,1
Paillencourt,DROITE,1,DROITE,1,DROITE,1
Pommereuil,DROITE,1,DROITE,1,DROITE,1
Proville,DROITE,1,DROITE,1,DROITE,1
Raillencourt-Sainte-Olle,DROITE,1,DROITE,1,DROITE,1
Ramillies,DROITE,1,DROITE,1,DROITE,1
Rejet-de-Beaulieu,DROITE,1,DROITE,1,DROITE,1
Reumont,DROITE,1,DROITE,1,DROITE,1
Ribécourt-la-Tour,DROITE,1,DROITE,1,DROITE,1
Les Rues-des-Vignes,DROITE,1,DROITE,1,DROITE,1
Rumilly-en-Cambrésis,DROITE,1,DROITE,1,DROITE,1
Sailly-lez-Cambrai,DROITE,1,DROITE,1,DROITE,1
Saint-Benin,DROITE,1,DROITE,1,DROITE,1
Saint-Souplet,DROITE,1,DROITE,1,DROITE,1
Sancourt,DROITE,1,DROITE,1,DROITE,1
Séranvillers-Forenville,DROITE,1,DROITE,1,DROITE,1
Thun-l'Evêque,DROITE,1,DROITE,2,GAUCHE,0
Thun-Saint-Martin,DROITE,1,DROITE,0,CENTRE,0
Tilloy-lez-Cambrai,CENTRE,0,CENTRE,0,CENTRE,1
Troisvilles,DROITE,1,DROITE,1,DROITE,1
Villers-Guislain,DROITE,1,DROITE,1,DROITE,1
Villers-Outréaux,DROITE,1,DROITE,1,DROITE,1
Villers-Plouich,DROITE,1,DROITE,1,DROITE,1
Walincourt-Selvigny,DROITE,1,DROITE,1,DROITE,1
Abscon,DROITE,1,DROITE,1,DROITE,1
Artres,DROITE,1,DROITE,0,CENTRE,0
Aulnoy-lez-Valenciennes,DROITE,1,DROITE,1,DROITE,1
Avesnes-le-Sec,DROITE,1,DROITE,1,DROITE,1
Bouchain,DROITE,1,DROITE,1,DROITE,1
Denain,DROITE,1,DROITE,2,GAUCHE,0
Douchy-les-Mines,DROITE,1,DROITE,1,DROITE,1
Emerchicourt,DROITE,1,DROITE,1,DROITE,1
Escaudain,DROITE,1,DROITE,1,DROITE,1
Famars,CENTRE,0,CENTRE,1,DROITE,0
Haspres,DROITE,1,DROITE,1,DROITE,1
Haulchin,DROITE,1,DROITE,1,DROITE,1
Haveluy,DROITE,1,DROITE,1,DROITE,1
Hélesmes,DROITE,1,DROITE,1,DROITE,1
Hérin,DROITE,1,DROITE,1,DROITE,1
Hordain,DROITE,1,DROITE,1,DROITE,1
Lieu-Saint-Amand,DROITE,1,DROITE,1,DROITE,1
Lourches,DROITE,1,DROITE,1,DROITE,1
Maing,DROITE,1,DROITE,1,DROITE,1
Marquette-en-Ostrevant,DROITE,1,DROITE,1,DROITE,1
Mastaing,DROITE,1,DROITE,1,DROITE,1
Monchaux-sur-Ecaillon,DROITE,1,DROITE,1,DROITE,1
Neuville-sur-Escaut,DROITE,1,DROITE,1,DROITE,1
Noyelles-sur-Selle,DROITE,1,DROITE,1,DROITE,1
Oisy,DROITE,1,DROITE,1,DROITE,1
Prouvy,DROITE,1,DROITE,1,DROITE,1
Quérénaing,DROITE,1,DROITE,0,CENTRE,0
Roeulx,DROITE,1,DROITE,1,DROITE,1
Rouvignies,DROITE,1,DROITE,2,GAUCHE,0
La Sentinelle,DROITE,1,DROITE,2,GAUCHE,0
Thiant,DROITE,1,DROITE,1,DROITE,1
Trith-Saint-Léger,DROITE,1,DROITE,1,DROITE,1
Verchain-Maugré,DROITE,1,DROITE,1,DROITE,1
Wasnes-au-Bac,DROITE,1,DROITE,1,DROITE,1
Wavrechain-sous-Denain,DROITE,1,DROITE,1,DROITE,1
Wavrechain-sous-Faulx,DROITE,1,DROITE,1,DROITE,1
Anzin,DROITE,1,DROITE,2,GAUCHE,0
Beuvrages,DROITE,1,DROITE,1,DROITE,1
Bousignies,CENTRE,0,CENTRE,0,CENTRE,1
Brillon,CENTRE,0,CENTRE,0,CENTRE,1
Bruay-sur-l'Escaut,DROITE,1,DROITE,1,DROITE,1
Bruille-Saint-Amand,DROITE,1,DROITE,1,DROITE,1
Château-l'Abbaye,DROITE,1,DROITE,1,DROITE,1
Escautpont,DROITE,1,DROITE,1,DROITE,1
Flines-lès-Mortagne,DROITE,1,DROITE,1,DROITE,1
Fresnes-sur-Escaut,DROITE,1,DROITE,1,DROITE,1
Hasnon,DROITE,1,DROITE,1,DROITE,1
Hergnies,DROITE,1,DROITE,1,DROITE,1
Lecelles,CENTRE,0,CENTRE,0,CENTRE,1
Maulde,DROITE,1,DROITE,1,DROITE,1
Millonfosse,CENTRE,0,CENTRE,1,DROITE,0
Mortagne-du-Nord,DROITE,1,DROITE,1,DROITE,1
Nivelle,DROITE,1,DROITE,1,DROITE,1
Odomez,DROITE,1,DROITE,1,DROITE,1
Raismes,DROITE,1,DROITE,1,DROITE,1
Rosult,CENTRE,0,CENTRE,0,CENTRE,1
Rumegies,DROITE,1,DROITE,1,DROITE,1
Saint-Amand-les-Eaux,DROITE,1,DROITE,1,DROITE,1
Sars-et-Rosières,CENTRE,0,CENTRE,0,CENTRE,1
Thun-Saint-Amand,DROITE,1,DROITE,1,DROITE,1
Vicq,DROITE,1,DROITE,1,DROITE,1
Vieux-Condé,DROITE,1,DROITE,1,DROITE,1
Aubry-du-Hainaut,CENTRE,0,CENTRE,0,CENTRE,1
Bellaing,DROITE,1,DROITE,1,DROITE,1
Condé-sur-l'Escaut,DROITE,1,DROITE,2,GAUCHE,0
Crespin,DROITE,1,DROITE,1,DROITE,1
Curgies,CENTRE,0,CENTRE,0,CENTRE,1
Estreux,CENTRE,0,CENTRE,0,CENTRE,1
Marly,DROITE,1,DROITE,1,DROITE,1
Onnaing,DROITE,1,DROITE,1,DROITE,1
Petite-Forêt,DROITE,1,DROITE,2,GAUCHE,0
Préseau,DROITE,1,DROITE,1,DROITE,1
Quarouble,DROITE,1,DROITE,1,DROITE,1
Quiévrechain,DROITE,1,DROITE,1,DROITE,1
Rombies-et-Marchipont,DROITE,1,DROITE,0,CENTRE,0
Saint-Aybert,DROITE,1,DROITE,1,DROITE,1
Saint-Saulve,DROITE,1,DROITE,1,DROITE,1
Saultain,DROITE,1,DROITE,1,DROITE,1
Sebourg,CENTRE,0,CENTRE,0,CENTRE,1
Thivencelle,DROITE,1,DROITE,1,DROITE,1
Valenciennes,CENTRE,0,CENTRE,2,GAUCHE,0
Wallers,DROITE,1,DROITE,1,DROITE,1
